sample_index,video_time_s,panel_file,distance_km,distance_raw,distance_confidence,distance_method,distance_candidate_count,distance_candidates,status,review_reasons
0,200.0,panels/panel_0000000.jpg,0.0,0.000[ km],78.53,existing,2,0.000,parsed,
1,200.2,panels/panel_0000001.jpg,0.0,0.000[ km],84.41,existing,2,0.000,parsed,
2,200.4,panels/panel_0000002.jpg,0.0,0.000[ km],84.41,existing,2,0.000,parsed,
3,200.6,panels/panel_0000003.jpg,0.0,0.000[ km],84.41,existing,2,0.000,parsed,
4,200.8,panels/panel_0000004.jpg,0.0,0.000[ km],85.07,existing,2,0.000,parsed,
5,201.0,panels/panel_0000005.jpg,0.001,0.001[km],85.07,existing,2,0.001,parsed,
6,201.2,panels/panel_0000006.jpg,0.001,0.001[km],86.13,existing,2,0.001,parsed,
7,201.4,panels/panel_0000007.jpg,0.002,0.002[km],81.84,existing,2,0.002,parsed,
8,201.6,panels/panel_0000008.jpg,0.002,0.002[km],78.68,existing,2,0.002,parsed,
9,201.8,panels/panel_0000009.jpg,0.002,0.002[km],80.05,existing,2,0.002,parsed,
10,202.0,panels/panel_0000010.jpg,0.003,0.003[km],84.04,existing,2,0.003,parsed,
11,202.2,panels/panel_0000011.jpg,0.003,0.003[km],84.91,existing,2,0.003,parsed,
12,202.4,panels/panel_0000012.jpg,0.003,0.003[km],85.01,existing,2,0.003,parsed,
13,202.6,panels/panel_0000013.jpg,0.003,0.003[km],81.09,existing,2,0.003,parsed,
14,202.8,panels/panel_0000014.jpg,0.004,0.004[ km],83.56,existing,2,0.004,parsed,
15,203.0,panels/panel_0000015.jpg,0.004,0.004[ km],85.99,existing,2,0.004,parsed,
16,203.2,panels/panel_0000016.jpg,0.004,0.004[ km],81.68,existing,2,0.004,parsed,
17,203.4,panels/panel_0000017.jpg,0.004,0.004[km],81.76,existing,2,0.004,parsed,
18,203.6,panels/panel_0000018.jpg,0.004,0.004[ km],83.47,existing,2,0.004,parsed,
19,203.8,panels/panel_0000019.jpg,0.005,0.005[km],82.68,existing,2,0.005,parsed,
20,204.0,panels/panel_0000020.jpg,0.005,0.005[km],80.91,existing,2,0.005,parsed,
21,204.2,panels/panel_0000021.jpg,0.005,0.005[km],83.37,existing,2,0.005,parsed,
22,204.4,panels/panel_0000022.jpg,0.005,0.005[km],84.09,existing,2,0.005,parsed,
23,204.6,panels/panel_0000023.jpg,0.005,0.005[km],84.99,existing,2,0.005,parsed,
24,204.8,panels/panel_0000024.jpg,0.006,0.006[ km],8.33,existing,2,0.006,parsed,
25,205.0,panels/panel_0000025.jpg,0.006,0.006[km],78.82,existing,2,0.006,parsed,
26,205.2,panels/panel_0000026.jpg,0.006,0.006[ km],77.41,existing,2,0.006,parsed,
27,205.4,panels/panel_0000027.jpg,0.006,0.006[ km],13.56,existing,2,0.006,parsed,
28,205.6,panels/panel_0000028.jpg,0.006,0.006[ km],68.41,existing,2,0.006,parsed,
29,205.8,panels/panel_0000029.jpg,0.007,0.007[km],79.79,existing,2,0.007,parsed,
30,206.0,panels/panel_0000030.jpg,0.007,0.007[km],80.79,existing,2,0.007,parsed,
31,206.2,panels/panel_0000031.jpg,0.007,0.007[km],81.7,existing,2,0.007,parsed,
32,206.4,panels/panel_0000032.jpg,0.007,0.007[km],78.93,existing,2,0.007,parsed,
33,206.6,panels/panel_0000033.jpg,0.007,0.007[km],81.91,existing,2,0.007,parsed,
34,206.8,panels/panel_0000034.jpg,0.007,0.007[km],79.17,existing,2,0.007,parsed,
35,207.0,panels/panel_0000035.jpg,0.007,0.007[km],81.75,existing,2,0.007,parsed,
36,207.2,panels/panel_0000036.jpg,0.007,0.007[km],82.67,existing,2,0.007,parsed,
37,207.4,panels/panel_0000037.jpg,0.007,0.007[km],84.78,existing,2,0.007,parsed,
38,207.6,panels/panel_0000038.jpg,0.007,0.007[km],62.58,existing,2,0.007,parsed,
39,207.8,panels/panel_0000039.jpg,0.007,0.007[km],79.98,existing,2,0.007,parsed,
40,208.0,panels/panel_0000040.jpg,0.007,0.007[km],77.82,existing,2,0.007,parsed,
41,208.2,panels/panel_0000041.jpg,0.008,0.008[km],80.85,existing,2,0.008,parsed,
42,208.4,panels/panel_0000042.jpg,0.009,0.009[km],76.66,existing,2,0.009,parsed,
43,208.6,panels/panel_0000043.jpg,0.01,0.010[ km],86.02,existing,2,0.010,parsed,
44,208.8,panels/panel_0000044.jpg,0.011,0.011[km],85.37,existing,2,0.011,parsed,
45,209.0,panels/panel_0000045.jpg,0.011,0.011[km],85.95,existing,2,0.011,parsed,
46,209.2,panels/panel_0000046.jpg,0.012,0.012[km],76.46,existing,2,0.012,parsed,
47,209.4,panels/panel_0000047.jpg,0.012,0.012[km],78.76,existing,2,0.012,parsed,
48,209.6,panels/panel_0000048.jpg,0.012,0.012[km],77.07,existing,2,0.012,parsed,
49,209.8,panels/panel_0000049.jpg,0.013,0.013[km],87.81,existing,2,0.013,parsed,
50,210.0,panels/panel_0000050.jpg,0.013,0.013[km],87.13,existing,2,0.013,parsed,
51,210.2,panels/panel_0000051.jpg,0.014,0.014[ km],80.87,existing,2,0.014,parsed,
52,210.4,panels/panel_0000052.jpg,0.015,0.015[km],86.74,existing,2,0.015,parsed,
53,210.6,panels/panel_0000053.jpg,0.016,0.016[km],80.97,existing,2,0.016,parsed,
54,210.8,panels/panel_0000054.jpg,0.017,0.017[km],85.5,existing,2,0.017,parsed,
55,211.0,panels/panel_0000055.jpg,0.018,0.018[km],81.45,existing,2,0.018,parsed,
56,211.2,panels/panel_0000056.jpg,0.019,0.019[km],78.26,existing,2,0.019,parsed,
57,211.4,panels/panel_0000057.jpg,0.02,0.020[ km],83.3,existing,2,0.020,parsed,
58,211.6,panels/panel_0000058.jpg,0.021,0.021[km],69.42,existing,2,0.021,parsed,
59,211.8,panels/panel_0000059.jpg,0.022,0.022[km],53.65,existing,2,0.022,parsed,
60,212.0,panels/panel_0000060.jpg,0.023,0.023[km],85.28,existing,2,0.023,parsed,
61,212.2,panels/panel_0000061.jpg,0.024,0.024[km],59.63,existing,2,0.024,parsed,
62,212.4,panels/panel_0000062.jpg,0.025,0.025[km],71.31,existing,2,0.025,parsed,
63,212.6,panels/panel_0000063.jpg,0.026,0.026[km],64.59,existing,2,0.026,parsed,
64,212.8,panels/panel_0000064.jpg,0.027,0.027[km],63.13,existing,2,0.027,parsed,
65,213.0,panels/panel_0000065.jpg,0.028,0.028[km],85.96,existing,2,0.028,parsed,
66,213.2,panels/panel_0000066.jpg,0.029,0.029[km],62.11,existing,2,0.029,parsed,
67,213.4,panels/panel_0000067.jpg,0.03,0.030[ km],83.05,existing,2,0.030,parsed,
68,213.6,panels/panel_0000068.jpg,0.031,0.031[km],87.92,existing,2,0.031,parsed,
69,213.8,panels/panel_0000069.jpg,0.032,0.032[km],82.32,existing,2,0.032,parsed,
70,214.0,panels/panel_0000070.jpg,0.033,0.033[km],83.16,existing,2,0.033,parsed,
71,214.2,panels/panel_0000071.jpg,0.033,0.033[km],82.63,existing,2,0.033,parsed,
72,214.4,panels/panel_0000072.jpg,0.034,0.034[km],86.39,existing,2,0.034,parsed,
73,214.6,panels/panel_0000073.jpg,0.035,0.035[km],86.14,existing,2,0.035,parsed,
74,214.8,panels/panel_0000074.jpg,0.036,0.036[km],82.82,existing,2,0.036,parsed,
75,215.0,panels/panel_0000075.jpg,0.037,0.037[km],82.11,existing,2,0.037,parsed,
76,215.2,panels/panel_0000076.jpg,0.038,0.038[km],85.73,existing,2,0.038,parsed,
77,215.4,panels/panel_0000077.jpg,0.04,0.040[ km],82.01,existing,2,0.040,parsed,
78,215.6,panels/panel_0000078.jpg,0.041,0.041[km],83.65,existing,2,0.041,parsed,
79,215.8,panels/panel_0000079.jpg,0.042,0.042[km],68.09,existing,2,0.042,parsed,
80,216.0,panels/panel_0000080.jpg,0.044,0.044[km],85.61,existing,2,0.044,parsed,
81,216.2,panels/panel_0000081.jpg,0.046,0.046[km],63.54,existing,2,0.046,parsed,
82,216.4,panels/panel_0000082.jpg,0.048,0.048[km],67.54,existing,2,0.048,parsed,
83,216.6,panels/panel_0000083.jpg,0.05,0.050[km],79.69,existing,2,0.050,parsed,
84,216.8,panels/panel_0000084.jpg,0.053,0.053[km],85.67,existing,2,0.053,parsed,
85,217.0,panels/panel_0000085.jpg,0.055,0.055[km],88.78,existing,2,0.055,parsed,
86,217.2,panels/panel_0000086.jpg,0.057,0.057[km],85.86,existing,2,0.057,parsed,
87,217.4,panels/panel_0000087.jpg,0.06,0.060[ km],80.17,existing,2,0.060,parsed,
88,217.6,panels/panel_0000088.jpg,0.062,0.062[km],57.38,existing,2,0.062,parsed,
89,217.8,panels/panel_0000089.jpg,0.064,0.064[km],72.76,existing,2,0.064,parsed,
90,218.0,panels/panel_0000090.jpg,0.067,0.067[km],71.48,existing,2,0.067,parsed,
91,218.2,panels/panel_0000091.jpg,0.069,0.069[km],64.03,existing,2,0.069,parsed,
92,218.4,panels/panel_0000092.jpg,0.072,0.072[km],71.21,existing,2,0.072,parsed,
93,218.6,panels/panel_0000093.jpg,0.075,0.075[km],82.01,existing,2,0.075,parsed,
94,218.8,panels/panel_0000094.jpg,0.077,0.077[km],82.19,existing,2,0.077,parsed,
95,219.0,panels/panel_0000095.jpg,0.08,0.080[ km],81.28,existing,3,0.008|0.080,parsed,
96,219.2,panels/panel_0000096.jpg,0.083,0.083[km],82.34,existing,2,0.083,parsed,
97,219.4,panels/panel_0000097.jpg,0.085,0.085[km],75.5,existing,2,0.085,parsed,
98,219.6,panels/panel_0000098.jpg,0.088,0.088[km],59.47,existing,2,0.088,parsed,
99,219.8,panels/panel_0000099.jpg,0.091,0.091[km],76.7,existing,2,0.091,parsed,
100,220.0,panels/panel_0000100.jpg,0.093,0.093[km],80.56,existing,2,0.093,parsed,
101,220.2,panels/panel_0000101.jpg,0.096,0.096[km],65.53,existing,2,0.096,parsed,
102,220.4,panels/panel_0000102.jpg,0.099,0.099[km],58.67,existing,2,0.099,parsed,
103,220.6,panels/panel_0000103.jpg,0.101,0.101[km],68.95,existing,2,0.101,parsed,
104,220.8,panels/panel_0000104.jpg,0.104,0.104[ km],68.53,existing,2,0.104,parsed,
105,221.0,panels/panel_0000105.jpg,0.107,0.107[km],77.17,existing,2,0.107,parsed,
106,221.2,panels/panel_0000106.jpg,0.11,0.110[ km],77.74,existing,2,0.110,parsed,
107,221.4,panels/panel_0000107.jpg,0.113,0.113[km],85.05,existing,2,0.113,parsed,
108,221.6,panels/panel_0000108.jpg,0.116,0.116[km],67.41,existing,2,0.116,parsed,
109,221.8,panels/panel_0000109.jpg,0.119,0.119[ km],83.49,existing,2,0.119,parsed,
110,222.0,panels/panel_0000110.jpg,0.122,0.122[km],72.79,existing,2,0.122,parsed,
111,222.2,panels/panel_0000111.jpg,0.126,0.126[km],58.14,existing,2,0.126,parsed,
112,222.4,panels/panel_0000112.jpg,0.129,0.129[km],74.99,existing,2,0.129,parsed,
113,222.6,panels/panel_0000113.jpg,0.132,0.132[km],79.74,existing,2,0.132,parsed,
114,222.8,panels/panel_0000114.jpg,0.136,0.136[km],77.78,existing,2,0.136,parsed,
115,223.0,panels/panel_0000115.jpg,0.14,0.140[km],76.52,existing,2,0.140,parsed,
116,223.2,panels/panel_0000116.jpg,0.144,0.144[km],75.23,existing,2,0.144,parsed,
117,223.4,panels/panel_0000117.jpg,0.148,0.148[km],72.3,existing,2,0.148,parsed,
118,223.6,panels/panel_0000118.jpg,0.152,0.152[km],82.97,existing,2,0.152,parsed,
119,223.8,panels/panel_0000119.jpg,0.156,0.156[km],79.2,existing,2,0.156,parsed,
120,224.0,panels/panel_0000120.jpg,0.16,0O.160[km],32.48,existing,2,0.160,parsed,
121,224.2,panels/panel_0000121.jpg,0.164,0.164[km],74.07,existing,2,0.164,parsed,
122,224.4,panels/panel_0000122.jpg,0.167,0.167[km],73.61,existing,2,0.167,parsed,
123,224.6,panels/panel_0000123.jpg,0.171,0.171[km],77.89,existing,2,0.171,parsed,
124,224.8,panels/panel_0000124.jpg,0.175,0.175[km],85.21,existing,2,0.175,parsed,
125,225.0,panels/panel_0000125.jpg,0.178,0.178[ km],85.97,existing,2,0.178,parsed,
126,225.2,panels/panel_0000126.jpg,0.182,0.182[ km],78.31,existing,2,0.182,parsed,
127,225.4,panels/panel_0000127.jpg,0.185,0.185[km],81.12,existing,2,0.185,parsed,
128,225.6,panels/panel_0000128.jpg,0.189,0.189[km],77.66,existing,2,0.189,parsed,
129,225.8,panels/panel_0000129.jpg,0.192,0.192[km],78.3,existing,2,0.192,parsed,
130,226.0,panels/panel_0000130.jpg,0.196,0.196[km],61.4,existing,2,0.196,parsed,
131,226.2,panels/panel_0000131.jpg,0.199,0.199[km],76.82,existing,2,0.199,parsed,
132,226.4,panels/panel_0000132.jpg,0.203,0.203[km],59.16,existing,2,0.203,parsed,
133,226.6,panels/panel_0000133.jpg,0.206,0O.206[km],27.85,existing,2,0.206,parsed,
134,226.8,panels/panel_0000134.jpg,0.209,0.209[km],51.59,existing,2,0.209,parsed,
135,227.0,panels/panel_0000135.jpg,0.213,0.213[km],71.72,existing,2,0.213,parsed,
136,227.2,panels/panel_0000136.jpg,0.216,0.216[km],55.83,existing,2,0.216,parsed,
137,227.4,panels/panel_0000137.jpg,0.22,0.220[km],52.79,existing,2,0.220,parsed,
138,227.6,panels/panel_0000138.jpg,0.223,0.223[km],66.15,existing,2,0.223,parsed,
139,227.8,panels/panel_0000139.jpg,0.227,0.227[km],66.81,existing,2,0.227,parsed,
140,228.0,panels/panel_0000140.jpg,0.23,0.230[km],69.61,existing,2,0.230,parsed,
141,228.2,panels/panel_0000141.jpg,0.233,0.233[km],65.26,existing,2,0.233,parsed,
142,228.4,panels/panel_0000142.jpg,0.237,0.237[km],74.55,existing,2,0.237,parsed,
143,228.6,panels/panel_0000143.jpg,0.24,0.240[km],54.04,existing,2,0.240,parsed,
144,228.8,panels/panel_0000144.jpg,0.243,0.243[km],62.22,existing,2,0.243,parsed,
145,229.0,panels/panel_0000145.jpg,0.247,0.247[km],50.54,existing,2,0.247,parsed,
146,229.2,panels/panel_0000146.jpg,0.25,0.250[km],62.96,existing,2,0.250,parsed,
147,229.4,panels/panel_0000147.jpg,0.254,0.254[km],82.61,existing,2,0.254,parsed,
148,229.6,panels/panel_0000148.jpg,0.257,0.257[km],82.02,existing,2,0.257,parsed,
149,229.8,panels/panel_0000149.jpg,0.261,0.261[km],60.79,existing,2,0.261,parsed,
150,230.0,panels/panel_0000150.jpg,0.264,0.264[km],58.6,existing,2,0.264,parsed,
151,230.2,panels/panel_0000151.jpg,0.268,0.268[km],54.52,existing,2,0.268,parsed,
152,230.4,panels/panel_0000152.jpg,0.272,0.272[km],70.44,existing,2,0.272,parsed,
153,230.6,panels/panel_0000153.jpg,0.275,0.275[km],71.68,existing,2,0.275,parsed,
154,230.8,panels/panel_0000154.jpg,0.279,0.279[km],18.07,existing,2,0.279,parsed,
155,231.0,panels/panel_0000155.jpg,0.282,0.282[km],58.08,existing,2,0.282,parsed,
156,231.2,panels/panel_0000156.jpg,0.286,0.286[km],44.35,existing,2,0.286,parsed,
157,231.4,panels/panel_0000157.jpg,0.289,0.289[km],72.28,existing,2,0.289,parsed,
158,231.6,panels/panel_0000158.jpg,0.293,0.293[km],74.78,existing,2,0.293,parsed,
159,231.8,panels/panel_0000159.jpg,0.296,0.296[km],62.83,existing,2,0.296,parsed,
160,232.0,panels/panel_0000160.jpg,0.3,0.300[ km],81.56,existing,2,0.300,parsed,
161,232.2,panels/panel_0000161.jpg,0.304,O0.304[km],32.51,existing,2,0.304,parsed,
162,232.4,panels/panel_0000162.jpg,0.307,0.307[km],79.64,existing,2,0.307,parsed,
163,232.6,panels/panel_0000163.jpg,0.311,0.311[km],87.96,existing,2,0.311,parsed,
164,232.8,panels/panel_0000164.jpg,0.315,0.315[km],85.98,existing,2,0.315,parsed,
165,233.0,panels/panel_0000165.jpg,0.318,0.318[km],82.72,existing,2,0.318,parsed,
166,233.2,panels/panel_0000166.jpg,0.322,0.322[km],74.53,existing,2,0.322,parsed,
167,233.4,panels/panel_0000167.jpg,0.326,0.326[km],80.87,existing,2,0.326,parsed,
168,233.6,panels/panel_0000168.jpg,0.33,0.330[km],83.77,existing,2,0.330,parsed,
169,233.8,panels/panel_0000169.jpg,0.334,0.334[km],73.23,existing,2,0.334,parsed,
170,234.0,panels/panel_0000170.jpg,0.337,0.337[km],77.72,existing,2,0.337,parsed,
171,234.2,panels/panel_0000171.jpg,0.341,0.341[km],86.81,existing,2,0.341,parsed,
172,234.4,panels/panel_0000172.jpg,0.345,0.345[km],76.28,existing,2,0.345,parsed,
173,234.6,panels/panel_0000173.jpg,0.348,0.348[km],83.01,existing,2,0.348,parsed,
174,234.8,panels/panel_0000174.jpg,0.352,0.352[km],73.38,existing,4,0.352|3.035|8.303,parsed,
175,235.0,panels/panel_0000175.jpg,0.355,OFF3 5 5)[(km ],43.13,existing,2,0.355,review,distance_digits_rebuilt
176,235.2,panels/panel_0000176.jpg,0.359,Mie 0).359 [km],60.0,reocr_light_tight,6,0.359|0.435|0.735|4.359|7.359|8.359,review,distance_reocr
177,235.4,panels/panel_0000177.jpg,0.362,0.362[km],62.95,existing,3,0.362|8.036,parsed,
178,235.6,panels/panel_0000178.jpg,0.366,( 0.366[km],3.53,existing,3,0.036|0.366,review,distance_digits_rebuilt
179,235.8,panels/panel_0000179.jpg,0.369,0.369[km],81.52,existing,2,0.369,parsed,
180,236.0,panels/panel_0000180.jpg,0.373,0.373[km],55.15,existing,2,0.373,parsed,
181,236.2,panels/panel_0000181.jpg,0.376,—  — 0.376[km],40.98,existing,2,0.376,review,distance_digits_rebuilt
182,236.4,panels/panel_0000182.jpg,0.379,0.379[km],71.42,existing,2,0.379,parsed,
183,236.6,panels/panel_0000183.jpg,0.382,a 0.382[km],0.0,existing,2,0.382,review,distance_digits_rebuilt
184,236.8,panels/panel_0000184.jpg,0.386,O.386[km],34.75,existing,2,0.386,parsed,
185,237.0,panels/panel_0000185.jpg,0.389,0.389[km],79.42,existing,2,0.389,parsed,
186,237.2,panels/panel_0000186.jpg,0.392,0.392[km],79.51,existing,2,0.392,parsed,
187,237.4,panels/panel_0000187.jpg,0.396,0.396[km],78.76,existing,2,0.396,parsed,
188,237.6,panels/panel_0000188.jpg,0.399,0.399,,manual_panel_read,4,0.739|7.399|9.739,parsed,
189,237.8,panels/panel_0000189.jpg,0.402,_ -0.402[km]_,20.84,existing,2,0.402,review,distance_digits_rebuilt
190,238.0,panels/panel_0000190.jpg,0.406,0.406[ km],52.11,existing,2,0.061|0.406,parsed,
191,238.2,panels/panel_0000191.jpg,0.409,~ 0.409[ km],13.3,existing,1,0.409,review,distance_digits_rebuilt
192,238.4,panels/panel_0000192.jpg,0.412,0.412 [km],34.23,existing,4,0.004|0.041|0.412,parsed,
193,238.6,panels/panel_0000193.jpg,0.415,0.415,,manual_panel_read,0,,parsed,
194,238.8,panels/panel_0000194.jpg,0.419,—- © #80:..4:19]['km],0.0,existing,2,0.419|8.041,review,distance_digits_rebuilt
195,239.0,panels/panel_0000195.jpg,0.422,"7 0,.,422 [km];",21.82,existing,3,0.422|7.042,review,distance_digits_rebuilt
196,239.2,panels/panel_0000196.jpg,0.425,0.425[km],85.63,existing,2,0.425,parsed,
197,239.4,panels/panel_0000197.jpg,0.428,— 0.428[ km],51.04,existing,2,0.428,review,distance_digits_rebuilt
198,239.6,panels/panel_0000198.jpg,0.432,. _ 0.432[km].,0.0,existing,2,0.432,review,distance_digits_rebuilt
199,239.8,panels/panel_0000199.jpg,0.435,0.435[km],77.06,existing,2,0.435,parsed,
200,240.0,panels/panel_0000200.jpg,0.438,0.438[km],79.18,existing,2,0.438,parsed,
201,240.2,panels/panel_0000201.jpg,0.441,0.441[km],81.63,existing,2,0.441,parsed,
202,240.4,panels/panel_0000202.jpg,0.444,0. 444[ km],33.84,existing,2,0.444,review,distance_digits_rebuilt
203,240.6,panels/panel_0000203.jpg,0.447,0.447[km],58.82,existing,3,0.044|0.447,parsed,
204,240.8,panels/panel_0000204.jpg,0.45,0.450[km],82.93,existing,2,0.450,parsed,
205,241.0,panels/panel_0000205.jpg,0.453,0.453[km],80.75,existing,2,0.453,parsed,
206,241.2,panels/panel_0000206.jpg,0.456,0.456[km],67.72,existing,3,0.045|0.456,parsed,
207,241.4,panels/panel_0000207.jpg,0.459,0.459[km],83.16,existing,2,0.459,parsed,
208,241.6,panels/panel_0000208.jpg,0.462,0O.462[km],20.88,existing,2,0.462,parsed,
209,241.8,panels/panel_0000209.jpg,0.465,0.465[km],84.4,existing,2,0.465,parsed,
210,242.0,panels/panel_0000210.jpg,0.468,0.468[km]-,18.78,existing,2,0.468,review,distance_digits_rebuilt
211,242.2,panels/panel_0000211.jpg,0.471,0.471[km]_,70.04,existing,2,0.471,review,distance_digits_rebuilt
212,242.4,panels/panel_0000212.jpg,0.473,= ~0.473 [km],0.0,existing,2,0.473,review,distance_digits_rebuilt
213,242.6,panels/panel_0000213.jpg,0.476,0.476[km],57.65,existing,2,0.476,parsed,
214,242.8,panels/panel_0000214.jpg,0.479,"— ~ | O47, 9] (ik km nh",60.0,reocr_light_loose,1,0.479,review,distance_reocr
215,243.0,panels/panel_0000215.jpg,0.482,_ 0.482 [km]_,0.0,existing,3,0.048|0.482,review,distance_digits_rebuilt
216,243.2,panels/panel_0000216.jpg,0.485,— 0.485 [km]-,40.98,existing,2,0.485,review,distance_digits_rebuilt
217,243.4,panels/panel_0000217.jpg,0.487,0.487[km],73.76,existing,2,0.487,parsed,
218,243.6,panels/panel_0000218.jpg,0.49,0.490[km],57.41,existing,2,0.490,parsed,
219,243.8,panels/panel_0000219.jpg,0.493,0.493[km],77.07,existing,2,0.493,parsed,
220,244.0,panels/panel_0000220.jpg,0.496,0.496,,manual_panel_read,1,1.496,parsed,
221,244.2,panels/panel_0000221.jpg,0.499,0.499[km],63.87,existing,2,0.499,parsed,
222,244.4,panels/panel_0000222.jpg,0.502,ee 0O.502[km],22.92,existing,3,0.050|0.502,review,distance_digits_rebuilt
223,244.6,panels/panel_0000223.jpg,0.505,a = 0.505[km],0.0,existing,2,0.505,review,distance_digits_rebuilt
224,244.8,panels/panel_0000224.jpg,0.509,0.509[km],83.91,existing,2,0.509,parsed,
225,245.0,panels/panel_0000225.jpg,0.512,= _ — 0.512[km],18.49,existing,2,0.512,review,distance_digits_rebuilt
226,245.2,panels/panel_0000226.jpg,0.515,0.515[km],86.69,existing,2,0.515,parsed,
227,245.4,panels/panel_0000227.jpg,0.518,0.518[ km],0.0,existing,2,0.518,parsed,
228,245.6,panels/panel_0000228.jpg,0.521,0.521,,manual_panel_read,2,0.252|2.521,parsed,
229,245.8,panels/panel_0000229.jpg,0.524,0.524[km],84.28,existing,2,0.524,parsed,
230,246.0,panels/panel_0000230.jpg,0.527,0.527[km],80.76,existing,2,0.527,parsed,
231,246.2,panels/panel_0000231.jpg,0.53,0-530[(km]},52.63,existing,2,0.530,review,distance_digits_rebuilt
232,246.4,panels/panel_0000232.jpg,0.534,0.534[km],52.53,existing,2,0.534,parsed,
233,246.6,panels/panel_0000233.jpg,0.537,0.537[km],85.08,existing,2,0.537,parsed,
234,246.8,panels/panel_0000234.jpg,0.541,0.541[km],83.74,existing,2,0.541,parsed,
235,247.0,panels/panel_0000235.jpg,0.544,0.544[km],70.31,existing,2,0.544,parsed,
236,247.2,panels/panel_0000236.jpg,0.548,0.548[km],80.53,existing,2,0.548,parsed,
237,247.4,panels/panel_0000237.jpg,0.551,0.551[ km],29.25,existing,2,0.551,parsed,
238,247.6,panels/panel_0000238.jpg,0.554,0.554[km],86.25,existing,2,0.554,parsed,
239,247.8,panels/panel_0000239.jpg,0.558,0.558[km],86.5,existing,2,0.558,parsed,
240,248.0,panels/panel_0000240.jpg,0.561,0.561[km],81.11,existing,2,0.561,parsed,
241,248.2,panels/panel_0000241.jpg,0.565,0.565[km],82.17,existing,2,0.565,parsed,
242,248.4,panels/panel_0000242.jpg,0.568,- — 0.568[km],66.09,existing,2,0.568,review,distance_digits_rebuilt
243,248.6,panels/panel_0000243.jpg,0.572,0.572[km],80.13,existing,2,0.572,parsed,
244,248.8,panels/panel_0000244.jpg,0.575,0.575[km],83.07,existing,2,0.575,parsed,
245,249.0,panels/panel_0000245.jpg,0.579,0.579[km],84.69,existing,2,0.579,parsed,
246,249.2,panels/panel_0000246.jpg,0.582,ORS82 [km ]f,60.0,reocr_light,57,0.069|0.532|0.582|0.694|1.111|1.112|1.113|1.122|1.132|1.223|1.278|1.328|1.441|1.795|2.006|2.144|2.231|2.238|2.317|2.383|2.511|2.582|2.782|2.873|2.931|3.179|3.200|3.214|3.287|3.293|3.832|3.925|4.127|4.412|4.673|4.732|5.111|5.473|5.825|6.739|6.946|7.320|7.321|7.392|7.822|7.954|8.223|8.251|8.329|8.732|9.258|9.467|9.511|9.547|9.582,review,distance_reocr
247,249.4,panels/panel_0000247.jpg,0.586,0.586[km],58.24,existing,2,0.586,parsed,
248,249.6,panels/panel_0000248.jpg,0.589,i 0.589[km],16.86,existing,3,0.589|7.058,review,distance_digits_rebuilt
249,249.8,panels/panel_0000249.jpg,0.593,; ~—~0.593 [km],0.0,existing,2,0.593,review,distance_digits_rebuilt
250,250.0,panels/panel_0000250.jpg,0.597,0.597[km],77.82,existing,2,0.597,parsed,
251,250.2,panels/panel_0000251.jpg,0.601, 0.601[ km],15.71,existing,2,0.601,parsed,
252,250.4,panels/panel_0000252.jpg,0.605,0.605[km],42.64,existing,2,0.605,parsed,
253,250.6,panels/panel_0000253.jpg,0.61,0.610[ km],84.11,existing,2,0.610,parsed,
254,250.8,panels/panel_0000254.jpg,0.614,0.614[ km],29.37,existing,2,0.614,parsed,
255,251.0,panels/panel_0000255.jpg,0.618,0.618[km],83.51,existing,2,0.618,parsed,
256,251.2,panels/panel_0000256.jpg,0.621,0.621[km],83.65,existing,2,0.621,parsed,
257,251.4,panels/panel_0000257.jpg,0.625,0.625[km],74.34,existing,2,0.625,parsed,
258,251.6,panels/panel_0000258.jpg,0.628,0.628[km],78.93,existing,2,0.628,parsed,
259,251.8,panels/panel_0000259.jpg,0.631,0.631[km],88.25,existing,2,0.631,parsed,
260,252.0,panels/panel_0000260.jpg,0.634,— 0. 634[ km],0.0,existing,2,0.634|6.340,review,distance_digits_rebuilt
261,252.2,panels/panel_0000261.jpg,0.638,peau ONG 38 [km],60.0,reocr_light_loose,1,0.638,review,distance_reocr
262,252.4,panels/panel_0000262.jpg,0.641,~ =0.641[km]-,8.62,existing,1,0.641,review,distance_digits_rebuilt
263,252.6,panels/panel_0000263.jpg,0.644,0.644 [km]_,0.0,existing,2,0.644,review,distance_digits_rebuilt
264,252.8,panels/panel_0000264.jpg,0.647,7 0. 647 km].,32.05,existing,3,0.647|7.064,review,distance_digits_rebuilt
265,253.0,panels/panel_0000265.jpg,0.651,SONG Syil({km],60.0,reocr_dark_tight,5,0.651|0.681|5.065|6.811|9.651,review,distance_reocr
266,253.2,panels/panel_0000266.jpg,0.654,———=0.654[km],5.9,existing,2,0.654,review,distance_digits_rebuilt
267,253.4,panels/panel_0000267.jpg,0.657,0.657[km]-,0.0,existing,2,0.657,review,distance_digits_rebuilt
268,253.6,panels/panel_0000268.jpg,0.661,0.661[km],63.13,existing,2,0.661,parsed,
269,253.8,panels/panel_0000269.jpg,0.664,0.664[ km],2.26,existing,2,0.664,parsed,
270,254.0,panels/panel_0000270.jpg,0.667,ee 0.667[km],0.0,existing,2,0.667,review,distance_digits_rebuilt
271,254.2,panels/panel_0000271.jpg,0.671,"‘OA6 7,1) (ikm Ji",60.0,reocr_light,4,0.671|0.767|7.671|9.671,review,distance_reocr
272,254.4,panels/panel_0000272.jpg,0.674,OR674{ikm|,60.0,reocr_light_tight,6,0.674|2.976|7.674|9.767,review,distance_reocr
273,254.6,panels/panel_0000273.jpg,0.678,0.678[km]-,64.58,existing,2,0.678,review,distance_digits_rebuilt
274,254.8,panels/panel_0000274.jpg,0.681,0.681[km],80.94,existing,2,0.681,parsed,
275,255.0,panels/panel_0000275.jpg,0.685,0.685[km],79.78,existing,2,0.685,parsed,
276,255.2,panels/panel_0000276.jpg,0.688,0.688[km],74.37,existing,2,0.688,parsed,
277,255.4,panels/panel_0000277.jpg,0.692,0.692[km],82.98,existing,2,0.692,parsed,
278,255.6,panels/panel_0000278.jpg,0.695,0.695[km],82.17,existing,2,0.695,parsed,
279,255.8,panels/panel_0000279.jpg,0.699,0.699[km],70.85,existing,2,0.699,parsed,
280,256.0,panels/panel_0000280.jpg,0.702,0.702[km],61.02,existing,2,0.702,parsed,
281,256.2,panels/panel_0000281.jpg,0.706,— 0O.706[km],3.98,existing,3,0.070|0.706,review,distance_digits_rebuilt
282,256.4,panels/panel_0000282.jpg,0.71,~0.710[km]_,0.0,existing,2,0.710,review,distance_digits_rebuilt
283,256.6,panels/panel_0000283.jpg,0.713,— - 0.713[ km],23.69,existing,2,0.713,review,distance_digits_rebuilt
284,256.8,panels/panel_0000284.jpg,0.717,0.717[km],75.78,existing,1,0.717,parsed,
285,257.0,panels/panel_0000285.jpg,0.721,0.721[km]-,50.0,existing,1,0.721,review,distance_digits_rebuilt
286,257.2,panels/panel_0000286.jpg,0.724,0.724[km],65.87,existing,3,0.724|7.247|9.724,parsed,
287,257.4,panels/panel_0000287.jpg,0.727,——— Ee On727:[(‘km ] .,13.21,existing,1,0.727,review,distance_digits_rebuilt
288,257.6,panels/panel_0000288.jpg,0.731,0.731,,manual_panel_read,4,0.573|0.873|5.731|8.731,parsed,
289,257.8,panels/panel_0000289.jpg,0.734,"See 0-734 t km] ,",6.05,existing,4,0.173|0.734|1.734|5.073,review,distance_digits_rebuilt
290,258.0,panels/panel_0000290.jpg,0.737,—_ 0-737['km],12.47,existing,1,0.737,review,distance_digits_rebuilt
291,258.2,panels/panel_0000291.jpg,0.741,TON 741k,0.0,existing,1,0.741,review,distance_digits_rebuilt
292,258.4,panels/panel_0000292.jpg,0.744,niin nd 0:7. 44 (ikin] g,60.0,reocr_light_tight,1,0.744,review,distance_reocr
293,258.6,panels/panel_0000293.jpg,0.747,EE — —=0=7 47: f km]=,0.0,existing,2,0.747|9.747,review,distance_digits_rebuilt
294,258.8,panels/panel_0000294.jpg,0.751,0.751,,manual_panel_read,3,0.275|2.757|7.574,parsed,
295,259.0,panels/panel_0000295.jpg,0.754,ee 0.754[km],26.62,existing,1,0.754,review,distance_digits_rebuilt
296,259.2,panels/panel_0000296.jpg,0.757,0.757,,manual_panel_read,2,0.507|5.050,parsed,
297,259.4,panels/panel_0000297.jpg,0.761,0761 [km ]p,60.0,reocr_light_loose,1,0.761,review,distance_reocr
298,259.6,panels/panel_0000298.jpg,0.764,oe O. 764 km],0.0,existing,1,0.764,review,distance_digits_rebuilt
299,259.8,panels/panel_0000299.jpg,0.765,"ag 07.65 [km |""",60.0,reocr_dark,7,0.765|0.797|0.976|7.628|7.976|9.762|9.763,review,distance_reocr
300,260.0,panels/panel_0000300.jpg,0.771,0.771,,manual_panel_read,0,,parsed,
301,260.2,panels/panel_0000301.jpg,0.775,0.775 [km],0.0,existing,1,0.775,parsed,
302,260.4,panels/panel_0000302.jpg,0.779,0.779[km],75.13,existing,2,0.779,parsed,
303,260.6,panels/panel_0000303.jpg,0.783,0.783[km],69.63,existing,2,0.783,parsed,
304,260.8,panels/panel_0000304.jpg,0.786,0.786[km],32.08,existing,3,0.078|0.786,parsed,
305,261.0,panels/panel_0000305.jpg,0.79,an 0.790[ km],10.86,existing,2,0.790,review,distance_digits_rebuilt
306,261.2,panels/panel_0000306.jpg,0.794,0.794[km],57.63,existing,2,0.794,parsed,
307,261.4,panels/panel_0000307.jpg,0.797,; 0.797[km],0.0,existing,1,0.797,review,distance_digits_rebuilt
308,261.6,panels/panel_0000308.jpg,0.801,0.801,,manual_panel_read,2,5.598|5.980,parsed,
309,261.8,panels/panel_0000309.jpg,0.804,O.804[km],29.04,existing,3,0.804|7.080,parsed,
310,262.0,panels/panel_0000310.jpg,0.808,0O.808[km],22.52,existing,2,0.808,parsed,
311,262.2,panels/panel_0000311.jpg,0.811,0.811[km],82.2,existing,2,0.811|0.817,review,distance_candidate_disagreement
312,262.4,panels/panel_0000312.jpg,0.815,0.815[km],38.66,existing,2,0.815,parsed,
313,262.6,panels/panel_0000313.jpg,0.818,0.818[ km],92.34,existing,2,0.818,parsed,
314,262.8,panels/panel_0000314.jpg,0.821,a 0.821[km],12.36,existing,2,0.821,review,distance_digits_rebuilt
315,263.0,panels/panel_0000315.jpg,0.825,0.825[km],83.46,existing,3,0.825|7.082,parsed,
316,263.2,panels/panel_0000316.jpg,0.829,0.829[km],71.06,existing,2,0.829,parsed,
317,263.4,panels/panel_0000317.jpg,0.832,0.832[km],76.51,existing,1,0.832,parsed,
318,263.6,panels/panel_0000318.jpg,0.836,0.836[km],89.32,existing,2,0.836,parsed,
319,263.8,panels/panel_0000319.jpg,0.84,0.840[km],72.59,existing,1,0.840,parsed,
320,264.0,panels/panel_0000320.jpg,0.843,0.843[km],68.52,existing,2,0.843,parsed,
321,264.2,panels/panel_0000321.jpg,0.847,0.847[km],83.5,existing,1,0.847,parsed,
322,264.4,panels/panel_0000322.jpg,0.85,0.850[km],68.61,existing,2,0.850,parsed,
323,264.6,panels/panel_0000323.jpg,0.854,0.854[km],85.87,existing,2,0.854,parsed,
324,264.8,panels/panel_0000324.jpg,0.857,0.857[km],87.11,existing,2,0.857|9.857,parsed,
325,265.0,panels/panel_0000325.jpg,0.861,0.861[km],87.31,existing,1,0.861,parsed,
326,265.2,panels/panel_0000326.jpg,0.864,a ~_0.864[ km],20.3,existing,4,0.786|0.864|5.078|7.864,review,distance_digits_rebuilt
327,265.4,panels/panel_0000327.jpg,0.868,0.868[km],43.33,existing,2,0.868,parsed,
328,265.6,panels/panel_0000328.jpg,0.872,0.872[km],77.74,existing,2,0.872,parsed,
329,265.8,panels/panel_0000329.jpg,0.876,0.876[km],69.05,existing,2,0.876,parsed,
330,266.0,panels/panel_0000330.jpg,0.88,0.880[km],54.16,existing,2,0.880,parsed,
331,266.2,panels/panel_0000331.jpg,0.884,0.884[km],69.38,existing,2,0.884,parsed,
332,266.4,panels/panel_0000332.jpg,0.888,0.888[km],81.02,existing,2,0.888,parsed,
333,266.6,panels/panel_0000333.jpg,0.893,0.893[km],82.41,existing,2,0.893,parsed,
334,266.8,panels/panel_0000334.jpg,0.897,0.897[km],72.37,existing,2,0.897,parsed,
335,267.0,panels/panel_0000335.jpg,0.901,0.901[km],74.05,existing,2,0.901,parsed,
336,267.2,panels/panel_0000336.jpg,0.905,0.905[km],60.4,existing,3,0.905|9.055,parsed,
337,267.4,panels/panel_0000337.jpg,0.91,0.910[km],79.47,existing,2,0.910,parsed,
338,267.6,panels/panel_0000338.jpg,0.914,0.914[km],88.22,existing,2,0.914,parsed,
339,267.8,panels/panel_0000339.jpg,0.918,0.918[km],74.01,existing,2,0.918,parsed,
340,268.0,panels/panel_0000340.jpg,0.923,0.923[km],78.14,existing,2,0.923,parsed,
341,268.2,panels/panel_0000341.jpg,0.927,0.927[km],75.23,existing,2,0.927,parsed,
342,268.4,panels/panel_0000342.jpg,0.931,0.931[km],85.1,existing,2,0.931,parsed,
343,268.6,panels/panel_0000343.jpg,0.935,0.935[km],83.24,existing,2,0.935,parsed,
344,268.8,panels/panel_0000344.jpg,0.939,0.939[km],83.09,existing,2,0.939,parsed,
345,269.0,panels/panel_0000345.jpg,0.943,0.943[km],79.11,existing,2,0.943,parsed,
346,269.2,panels/panel_0000346.jpg,0.947,0.947[km],73.39,existing,2,0.947,parsed,
347,269.4,panels/panel_0000347.jpg,0.951,0.951[km],86.28,existing,2,0.951,parsed,
348,269.6,panels/panel_0000348.jpg,0.955,0.955[km],86.66,existing,2,0.955,parsed,
349,269.8,panels/panel_0000349.jpg,0.958,0.958[km],76.6,existing,2,0.958,parsed,
350,270.0,panels/panel_0000350.jpg,0.962,0.962[km],64.79,existing,2,0.962,parsed,
351,270.2,panels/panel_0000351.jpg,0.966,0O.966[km],38.65,existing,2,0.966,parsed,
352,270.4,panels/panel_0000352.jpg,0.97,0.970[km],76.38,existing,2,0.970,parsed,
353,270.6,panels/panel_0000353.jpg,0.974,0.974[km],83.93,existing,2,0.974,parsed,
354,270.8,panels/panel_0000354.jpg,0.978,0.978[km],80.84,existing,2,0.978,parsed,
355,271.0,panels/panel_0000355.jpg,0.982,0.982[km],81.29,existing,2,0.982,parsed,
356,271.2,panels/panel_0000356.jpg,0.986,0.986[km],52.7,existing,2,0.986,parsed,
357,271.4,panels/panel_0000357.jpg,0.99,0.990[km],65.82,existing,2,0.990,parsed,
358,271.6,panels/panel_0000358.jpg,0.994,0.994[km],66.46,existing,2,0.994,parsed,
359,271.8,panels/panel_0000359.jpg,0.998,0.998[km],86.37,existing,2,0.998,parsed,
360,272.0,panels/panel_0000360.jpg,1.002,1.002[ km],90.22,existing,2,1.002,parsed,
361,272.2,panels/panel_0000361.jpg,1.006,1.006[ km],90.47,existing,2,1.006,parsed,
362,272.4,panels/panel_0000362.jpg,1.01,1.010[ km],90.56,existing,2,1.010,parsed,
363,272.6,panels/panel_0000363.jpg,1.014,1.014[ km],90.19,existing,2,1.014,parsed,
364,272.8,panels/panel_0000364.jpg,1.018,1.018[ km],90.68,existing,2,1.018,parsed,
365,273.0,panels/panel_0000365.jpg,1.022,1.022[ km],89.46,existing,2,1.022,parsed,
366,273.2,panels/panel_0000366.jpg,1.027,1.027[km],86.7,existing,2,1.027,parsed,
367,273.4,panels/panel_0000367.jpg,1.031,1.031[ km],89.82,existing,2,1.031,parsed,
368,273.6,panels/panel_0000368.jpg,1.035,1.035[km],83.17,existing,2,1.035,parsed,
369,273.8,panels/panel_0000369.jpg,1.039,1.039[km],88.56,existing,2,1.039,parsed,
370,274.0,panels/panel_0000370.jpg,1.043,1.043 [km],0.0,existing,2,1.043,parsed,
371,274.2,panels/panel_0000371.jpg,1.048,1.048[km],87.87,existing,2,1.048,parsed,
372,274.4,panels/panel_0000372.jpg,1.052,1.052[km],83.92,existing,2,1.052,parsed,
373,274.6,panels/panel_0000373.jpg,1.056,1.056[km],86.97,existing,2,1.056,parsed,
374,274.8,panels/panel_0000374.jpg,1.061,1.061[km],90.34,existing,2,1.061,parsed,
375,275.0,panels/panel_0000375.jpg,1.064,1.064[km],89.94,existing,2,1.064,parsed,
376,275.2,panels/panel_0000376.jpg,1.068,= 1068'((km ]F,60.0,reocr_dark,2,1.068|7.081,review,distance_reocr
377,275.4,panels/panel_0000377.jpg,1.072,1.072,,manual_panel_read,55,0.000|0.005|0.051|0.199|0.511|0.721|0.725|0.953|1.111|1.113|1.114|1.132|1.142|1.327|1.329|1.428|1.707|1.997|2.089|2.511|2.650|2.713|2.850|2.969|3.271|3.296|3.520|3.601|4.285|5.000|5.095|5.111|5.208|5.352|5.360|6.019|6.500|6.926|7.072|7.132|7.251|7.535|8.509|9.265|9.536|9.692|9.753|9.975,parsed,
378,275.6,panels/panel_0000378.jpg,1.075,1.075,,manual_panel_read,2,0.781|9.078,parsed,
379,275.8,panels/panel_0000379.jpg,1.079,"1, ::0,7,9,1, Kim |",0.0,existing,3,0.791|1.079,review,distance_digits_rebuilt
380,276.0,panels/panel_0000380.jpg,1.082,—_ rr—<“it™~™~—~—~SICL OB ZL KM],0.0,existing,4,0.821|1.082|1.108|5.110,review,distance_digits_rebuilt
381,276.2,panels/panel_0000381.jpg,1.086,1.086[km],88.35,existing,2,1.086,parsed,
382,276.4,panels/panel_0000382.jpg,1.09,1.090[ km],88.04,existing,2,1.090,parsed,
383,276.6,panels/panel_0000383.jpg,1.094,1.094[km],87.76,existing,2,1.094,parsed,
384,276.8,panels/panel_0000384.jpg,1.098,1.098[km],89.49,existing,2,1.098,parsed,
385,277.0,panels/panel_0000385.jpg,1.102,1.102[km],80.18,existing,2,1.102,parsed,
386,277.2,panels/panel_0000386.jpg,1.106,1.106[km],88.86,existing,2,1.106,parsed,
387,277.4,panels/panel_0000387.jpg,1.109,1.109[km],90.37,existing,2,1.109,parsed,
388,277.6,panels/panel_0000388.jpg,1.113,1.113 [km],6.53,existing,2,1.113,parsed,
389,277.8,panels/panel_0000389.jpg,1.117,1.117[ km],83.58,existing,2,1.117,parsed,
390,278.0,panels/panel_0000390.jpg,1.121,1.121[ km],34.95,existing,2,1.121,parsed,
391,278.2,panels/panel_0000391.jpg,1.126,1.126[ km],91.35,existing,2,1.126,parsed,
392,278.4,panels/panel_0000392.jpg,1.13,1.13,,manual_panel_read,2,4.713|7.130,parsed,
393,278.6,panels/panel_0000393.jpg,1.134,1134 km],9.5,existing,1,1.134,review,distance_digits_rebuilt
394,278.8,panels/panel_0000394.jpg,1.138,1.138,,manual_panel_read,0,,parsed,
395,279.0,panels/panel_0000395.jpg,1.143,1.143,,manual_panel_read,2,1.714|7.143,parsed,
396,279.2,panels/panel_0000396.jpg,1.147,1.147,,manual_panel_read,3,1.574|5.747|7.157,parsed,
397,279.4,panels/panel_0000397.jpg,1.151,1.151,,manual_panel_read,1,0.315,parsed,
398,279.6,panels/panel_0000398.jpg,1.155,1.155,,manual_panel_read,2,1.715|7.155,parsed,
399,279.8,panels/panel_0000399.jpg,1.159,1.159,,manual_panel_read,3,7.759|7.775,parsed,
400,280.0,panels/panel_0000400.jpg,1.163,1.163,,manual_panel_read,2,1.716|7.163,parsed,
401,280.2,panels/panel_0000401.jpg,1.167,1-167 Fkm]-,7.81,existing,3,1.167|1.716|7.167,review,distance_digits_rebuilt
402,280.4,panels/panel_0000402.jpg,1.171,1.171,,manual_panel_read,0,,parsed,
403,280.6,panels/panel_0000403.jpg,1.175,— $1175 [km],0.0,existing,2,1.175|7.755,review,distance_digits_rebuilt
404,280.8,panels/panel_0000404.jpg,1.179,1.179,,manual_panel_read,3,4.179|5.417|5.541,parsed,
405,281.0,panels/panel_0000405.jpg,1.183,a —— 1183 )fikm]-=,0.0,existing,2,1.183,review,distance_digits_rebuilt
406,281.2,panels/panel_0000406.jpg,1.188,1.188,,manual_panel_read,2,1.718|7.188,parsed,
407,281.4,panels/panel_0000407.jpg,1.192,1.192,,manual_panel_read,4,1.519|5.151|5.192|5.515,parsed,
408,281.6,panels/panel_0000408.jpg,1.197,1.197,,manual_panel_read,2,1.719|7.197,parsed,
409,281.8,panels/panel_0000409.jpg,1.201,— ——1-201[{km]-,14.56,existing,1,1.201,review,distance_digits_rebuilt
410,282.0,panels/panel_0000410.jpg,1.205,1.205,,manual_panel_read,5,4.752|5.205|7.205|7.520|9.720,parsed,
411,282.2,panels/panel_0000411.jpg,1.209,= ——— 1-209 [ km]-,0.0,existing,2,1.209,review,distance_digits_rebuilt
412,282.4,panels/panel_0000412.jpg,1.214,1.214,,manual_panel_read,0,,parsed,
413,282.6,panels/panel_0000413.jpg,1.218,1.218,,manual_panel_read,1,4.218,parsed,
414,282.8,panels/panel_0000414.jpg,1.222,ee 1 m22°2\((km ]},60.0,reocr_dark_tight,4,1.222|1.722|4.222|7.222,review,distance_reocr
415,283.0,panels/panel_0000415.jpg,1.226,1-226 f[km]-,0.0,existing,2,1.226|5.226,review,distance_digits_rebuilt
416,283.2,panels/panel_0000416.jpg,1.231,1.231,,manual_panel_read,1,2.575,parsed,
417,283.4,panels/panel_0000417.jpg,1.235,1.235,,manual_panel_read,2,4.235,parsed,
418,283.6,panels/panel_0000418.jpg,1.239,1.239,,manual_panel_read,2,4.239|5.239,parsed,
419,283.8,panels/panel_0000419.jpg,1.243,1.243 [km],0.0,existing,2,1.243,parsed,
420,284.0,panels/panel_0000420.jpg,1.247,— 1.247[km],5.16,existing,2,1.247|7.247,review,distance_digits_rebuilt
421,284.2,panels/panel_0000421.jpg,1.257,1. 2571[km],24.7,existing,2,1.257|2.571,review,distance_digits_rebuilt
422,284.4,panels/panel_0000422.jpg,1.256,"1, 256[km]",0.0,existing,1,1.256,review,distance_digits_rebuilt;distance_decreased
423,284.6,panels/panel_0000423.jpg,1.26,1.260[km],88.58,existing,2,1.260,parsed,
424,284.8,panels/panel_0000424.jpg,1.264,1.264[km],87.04,existing,2,1.264,parsed,
425,285.0,panels/panel_0000425.jpg,1.268,1.268[km],87.23,existing,2,1.268,parsed,
426,285.2,panels/panel_0000426.jpg,1.272,1.272[ km],85.51,existing,2,1.272,parsed,
427,285.4,panels/panel_0000427.jpg,1.276,1.276[ km],89.32,existing,2,1.276,parsed,
428,285.6,panels/panel_0000428.jpg,1.28,1.280[km],89.11,existing,2,1.280,parsed,
429,285.8,panels/panel_0000429.jpg,1.285,1.285 [km],0.0,existing,2,1.285,parsed,
430,286.0,panels/panel_0000430.jpg,1.289,1.289[km],86.96,existing,2,1.289,parsed,
431,286.2,panels/panel_0000431.jpg,1.293,1.293[km],86.82,existing,2,1.293,parsed,
432,286.4,panels/panel_0000432.jpg,1.297,1.297[km],74.43,existing,2,1.297,parsed,
433,286.6,panels/panel_0000433.jpg,1.301,1.301[ km],89.11,existing,2,1.301,parsed,
434,286.8,panels/panel_0000434.jpg,1.305,1.305[km],60.94,existing,2,1.305,parsed,
435,287.0,panels/panel_0000435.jpg,1.309,1.309[km],88.32,existing,2,1.309,parsed,
436,287.2,panels/panel_0000436.jpg,1.313,1.313[km],87.53,existing,3,1.313|7.131,parsed,
437,287.4,panels/panel_0000437.jpg,1.318,1.318[km],76.16,existing,2,1.318,parsed,
438,287.6,panels/panel_0000438.jpg,1.322,1.322[km],82.42,existing,2,1.322,parsed,
439,287.8,panels/panel_0000439.jpg,1.326,1.326[km],90.2,existing,2,1.326,parsed,
440,288.0,panels/panel_0000440.jpg,1.33,1.330[km],88.62,existing,1,1.330,parsed,
441,288.2,panels/panel_0000441.jpg,1.335,ee 1.335[km],0.0,existing,1,1.335,review,distance_digits_rebuilt
442,288.4,panels/panel_0000442.jpg,1.339,ee 13 39) [ikm]|,60.0,reocr_light,7,0.339|1.233|1.339|1.773|2.339|7.339|7.733,review,distance_reocr
443,288.6,panels/panel_0000443.jpg,1.343,1.343,,manual_panel_read,1,5.543,parsed,
444,288.8,panels/panel_0000444.jpg,1.347,1.347[km],83.07,existing,2,1.347,parsed,
445,289.0,panels/panel_0000445.jpg,1.352,1.352[ km],86.09,existing,2,1.352,parsed,
446,289.2,panels/panel_0000446.jpg,1.356,1.356[km],85.3,existing,2,1.356,parsed,
447,289.4,panels/panel_0000447.jpg,1.361,1.361[ km],86.36,existing,2,1.361,parsed,
448,289.6,panels/panel_0000448.jpg,1.366,1.366[km],90.68,existing,2,1.366,parsed,
449,289.8,panels/panel_0000449.jpg,1.371,1.371[ km],90.38,existing,2,1.371,parsed,
450,290.0,panels/panel_0000450.jpg,1.376,—_ —ealy..3:7.6 [.km],0.0,existing,2,1.376,review,distance_digits_rebuilt
451,290.2,panels/panel_0000451.jpg,1.38,1.380[km],89.01,existing,2,1.380,parsed,
452,290.4,panels/panel_0000452.jpg,1.384,1.384[km],86.93,existing,2,1.384,parsed,
453,290.6,panels/panel_0000453.jpg,1.389,1.389[km],84.68,existing,2,1.389,parsed,
454,290.8,panels/panel_0000454.jpg,1.393,1.393[km],83.1,existing,2,1.393,parsed,
455,291.0,panels/panel_0000455.jpg,1.398,1.398[km],87.46,existing,2,1.398,parsed,
456,291.2,panels/panel_0000456.jpg,1.403,1.403 [km],24.76,existing,2,1.403,parsed,
457,291.4,panels/panel_0000457.jpg,1.408,1.408 [km],15.71,existing,2,1.408,parsed,
458,291.6,panels/panel_0000458.jpg,1.413,1.413[km],88.24,existing,2,1.413,parsed,
459,291.8,panels/panel_0000459.jpg,1.418,1.418[ km],88.42,existing,2,1.418,parsed,
460,292.0,panels/panel_0000460.jpg,1.423,1.423[km],79.53,existing,2,1.423,parsed,
461,292.2,panels/panel_0000461.jpg,1.427,1.427[km],80.47,existing,2,1.427,parsed,
462,292.4,panels/panel_0000462.jpg,1.432,1.432[km],91.5,existing,2,1.432,parsed,
463,292.6,panels/panel_0000463.jpg,1.436,1.436[km],89.45,existing,2,1.436,parsed,
464,292.8,panels/panel_0000464.jpg,1.44,1.440[km],88.04,existing,2,1.440,parsed,
465,293.0,panels/panel_0000465.jpg,1.445,1.445 [km],20.26,existing,2,1.445,parsed,
466,293.2,panels/panel_0000466.jpg,1.449,1.449[ km],84.98,existing,2,1.449,parsed,
467,293.4,panels/panel_0000467.jpg,1.454,1.454[km],86.88,existing,1,1.454,parsed,
468,293.6,panels/panel_0000468.jpg,1.458,1.458[km],86.61,existing,1,1.458,parsed,
469,293.8,panels/panel_0000469.jpg,1.463,"1.463[km],",69.66,existing,2,1.463,review,distance_digits_rebuilt
470,294.0,panels/panel_0000470.jpg,1.467,— 1.467[km],78.75,existing,2,1.467,review,distance_digits_rebuilt
471,294.2,panels/panel_0000471.jpg,1.471,1.471[ km],88.0,existing,2,1.471|4.471,parsed,
472,294.4,panels/panel_0000472.jpg,1.476,1.476[ km],91.13,existing,2,1.476,parsed,
473,294.6,panels/panel_0000473.jpg,1.48,1.480[km],87.62,existing,2,1.480,parsed,
474,294.8,panels/panel_0000474.jpg,1.485,1.485 [km],0.0,existing,2,1.485,parsed,
475,295.0,panels/panel_0000475.jpg,1.489,1.489[km],84.56,existing,2,1.489,parsed,
476,295.2,panels/panel_0000476.jpg,1.494,1.494[km],86.07,existing,2,1.494,parsed,
477,295.4,panels/panel_0000477.jpg,1.498,1.498[km],86.5,existing,2,1.498,parsed,
478,295.6,panels/panel_0000478.jpg,1.503,1.503[km],87.94,existing,2,1.503,parsed,
479,295.8,panels/panel_0000479.jpg,1.507,1.507[km],88.58,existing,2,1.507,parsed,
480,296.0,panels/panel_0000480.jpg,1.512,1.512[ km],89.7,existing,2,1.512,parsed,
481,296.2,panels/panel_0000481.jpg,1.516,1.516,,manual_panel_read,0,,parsed,
482,296.4,panels/panel_0000482.jpg,1.52,1.520[km],90.5,existing,2,1.520,parsed,
483,296.6,panels/panel_0000483.jpg,1.525,1.525[km],85.32,existing,2,1.525,parsed,
484,296.8,panels/panel_0000484.jpg,1.529,1.529[km],83.52,existing,2,1.529,parsed,
485,297.0,panels/panel_0000485.jpg,1.534,1.534[ km],87.96,existing,2,1.534,parsed,
486,297.2,panels/panel_0000486.jpg,1.538,1.538[km],87.91,existing,2,1.538,parsed,
487,297.4,panels/panel_0000487.jpg,1.543,1.543 [km],0.0,existing,2,1.543,parsed,
488,297.6,panels/panel_0000488.jpg,1.547,1.547[km],87.56,existing,2,1.547,parsed,
489,297.8,panels/panel_0000489.jpg,1.552,1.552[km],85.28,existing,2,1.552,parsed,
490,298.0,panels/panel_0000490.jpg,1.556,1.556[km],84.03,existing,2,1.556,parsed,
491,298.2,panels/panel_0000491.jpg,1.561,1.561[ km],88.75,existing,2,1.561,parsed,
492,298.4,panels/panel_0000492.jpg,1.566,1.566[km],89.05,existing,2,1.566,parsed,
493,298.6,panels/panel_0000493.jpg,1.57,1.570[ km],89.2,existing,2,1.570,parsed,
494,298.8,panels/panel_0000494.jpg,1.575,1.575[km],83.38,existing,2,1.575,parsed,
495,299.0,panels/panel_0000495.jpg,1.579,1.579[km],78.26,existing,2,1.579,parsed,
496,299.2,panels/panel_0000496.jpg,1.583,1.583[km],87.63,existing,2,1.583,parsed,
497,299.4,panels/panel_0000497.jpg,1.588,1.588[km],88.73,existing,2,1.588,parsed,
498,299.6,panels/panel_0000498.jpg,1.592,1.592[km],87.54,existing,2,1.592,parsed,
499,299.8,panels/panel_0000499.jpg,1.596,1.596[km],89.01,existing,2,1.596,parsed,
500,300.0,panels/panel_0000500.jpg,1.6,1.600[ km],89.85,existing,2,1.600,parsed,
501,300.2,panels/panel_0000501.jpg,1.605,1.605[km],88.04,existing,2,1.605,parsed,
502,300.4,panels/panel_0000502.jpg,1.609,1.609[km],89.55,existing,2,1.609,parsed,
503,300.6,panels/panel_0000503.jpg,1.614,1.614[ km],90.8,existing,2,1.614,parsed,
504,300.8,panels/panel_0000504.jpg,1.618,1.618[ km],90.39,existing,2,1.618,parsed,
505,301.0,panels/panel_0000505.jpg,1.623,1.623[km],85.74,existing,2,1.623,parsed,
506,301.2,panels/panel_0000506.jpg,1.627,1.627[km],87.75,existing,2,1.627,parsed,
507,301.4,panels/panel_0000507.jpg,1.631,1.631[ km],88.21,existing,2,1.631,parsed,
508,301.6,panels/panel_0000508.jpg,1.636,1.636[km],88.84,existing,2,1.636,parsed,
509,301.8,panels/panel_0000509.jpg,1.64,1.640[km],86.96,existing,2,1.640,parsed,
510,302.0,panels/panel_0000510.jpg,1.644,1.644[km],87.25,existing,2,1.644,parsed,
511,302.2,panels/panel_0000511.jpg,1.649,1.649[km],86.45,existing,2,1.649,parsed,
512,302.4,panels/panel_0000512.jpg,1.653,1.653[km],86.53,existing,2,1.653,parsed,
513,302.6,panels/panel_0000513.jpg,1.658,1.658[km],89.42,existing,2,1.658,parsed,
514,302.8,panels/panel_0000514.jpg,1.662,1.662[km],86.84,existing,2,1.662,parsed,
515,303.0,panels/panel_0000515.jpg,1.666,1.666[km],90.11,existing,2,1.666,parsed,
516,303.2,panels/panel_0000516.jpg,1.671,1.671[ km],90.8,existing,2,1.671,parsed,
517,303.4,panels/panel_0000517.jpg,1.676,1.676[km],89.15,existing,2,1.676,parsed,
518,303.6,panels/panel_0000518.jpg,1.68,1.680[km],88.69,existing,2,1.680,parsed,
519,303.8,panels/panel_0000519.jpg,1.685,1.685[km],84.21,existing,2,1.685,parsed,
520,304.0,panels/panel_0000520.jpg,1.69,1.690[ km],89.55,existing,2,1.690,parsed,
521,304.2,panels/panel_0000521.jpg,1.694,1.694[km],88.95,existing,2,1.694,parsed,
522,304.4,panels/panel_0000522.jpg,1.699,1.699[km],81.89,existing,2,1.699,parsed,
523,304.6,panels/panel_0000523.jpg,1.704,1.704[km],84.38,existing,2,1.704,parsed,
524,304.8,panels/panel_0000524.jpg,1.709,—_— 1.709[km],44.3,existing,2,1.709,review,distance_digits_rebuilt
525,305.0,panels/panel_0000525.jpg,1.713,1.713[km],81.13,existing,2,1.713,parsed,
526,305.2,panels/panel_0000526.jpg,1.718,1.718[ km],89.73,existing,2,1.718,parsed,
527,305.4,panels/panel_0000527.jpg,1.723,1.723[km],75.13,existing,2,1.723,parsed,
528,305.6,panels/panel_0000528.jpg,1.728,1.728[ km],86.84,existing,2,1.728,parsed,
529,305.8,panels/panel_0000529.jpg,1.733,1.733 [km)=,35.58,existing,2,1.733,review,distance_digits_rebuilt
530,306.0,panels/panel_0000530.jpg,1.738,1.738[km],85.46,existing,2,1.738,parsed,
531,306.2,panels/panel_0000531.jpg,1.743,1.743 [km],7.46,existing,2,1.743,parsed,
532,306.4,panels/panel_0000532.jpg,1.747,1.747[km],85.66,existing,2,1.747,parsed,
533,306.6,panels/panel_0000533.jpg,1.752,1.752[ km],88.03,existing,2,1.752,parsed,
534,306.8,panels/panel_0000534.jpg,1.757,1.757[km],83.58,existing,2,1.757,parsed,
535,307.0,panels/panel_0000535.jpg,1.761,1.761[km],89.65,existing,2,1.761|4.761,parsed,
536,307.2,panels/panel_0000536.jpg,1.766,1.766[km],87.89,existing,2,1.766,parsed,
537,307.4,panels/panel_0000537.jpg,1.77,1.770[ km],84.48,existing,2,1.770,parsed,
538,307.6,panels/panel_0000538.jpg,1.775,1.775[km],69.19,existing,2,1.775,parsed,
539,307.8,panels/panel_0000539.jpg,1.78,1.780[km],88.86,existing,2,1.780,parsed,
540,308.0,panels/panel_0000540.jpg,1.784,— 1.784[km],9.41,existing,2,1.784,review,distance_digits_rebuilt
541,308.2,panels/panel_0000541.jpg,1.789,1.789[km],85.19,existing,2,1.789,parsed,
542,308.4,panels/panel_0000542.jpg,1.794,1.794[ km],86.2,existing,2,1.794,parsed,
543,308.6,panels/panel_0000543.jpg,1.798,1.798[km],84.96,existing,2,1.798,parsed,
544,308.8,panels/panel_0000544.jpg,1.803,1.803 [km],0.0,existing,2,1.803,parsed,
545,309.0,panels/panel_0000545.jpg,1.808,1.808[km],88.49,existing,2,1.808,parsed,
546,309.2,panels/panel_0000546.jpg,1.812,1.812[ km],90.33,existing,2,1.812,parsed,
547,309.4,panels/panel_0000547.jpg,1.817,1.817[ km],88.84,existing,2,1.817,parsed,
548,309.6,panels/panel_0000548.jpg,1.821,1.821[km],87.63,existing,2,1.821,parsed,
549,309.8,panels/panel_0000549.jpg,1.826,~ 1.826[km],16.14,existing,2,1.826,review,distance_digits_rebuilt
550,310.0,panels/panel_0000550.jpg,1.83,"7 — _-1,..830[ km]",9.83,existing,3,1.830|7.183,review,distance_digits_rebuilt
551,310.2,panels/panel_0000551.jpg,1.835,1.835[km],78.68,existing,2,1.835,parsed,
552,310.4,panels/panel_0000552.jpg,1.839,1.839[km],84.89,existing,2,1.839,parsed,
553,310.6,panels/panel_0000553.jpg,1.843,1.843 [km],57.56,existing,2,1.843,parsed,
554,310.8,panels/panel_0000554.jpg,1.848,1.848[km],89.9,existing,2,1.848,parsed,
555,311.0,panels/panel_0000555.jpg,1.852,1.852[km],89.72,existing,2,1.852,parsed,
556,311.2,panels/panel_0000556.jpg,1.856,1.856[km],89.33,existing,2,1.856,parsed,
557,311.4,panels/panel_0000557.jpg,1.861,1.861[ km],89.88,existing,2,1.861,parsed,
558,311.6,panels/panel_0000558.jpg,1.865,1.865[km],87.33,existing,2,1.865,parsed,
559,311.8,panels/panel_0000559.jpg,1.87,1.870[km],90.48,existing,1,1.870,parsed,
560,312.0,panels/panel_0000560.jpg,1.874,1.874[km],88.41,existing,2,1.874,parsed,
561,312.2,panels/panel_0000561.jpg,1.879,1.879[km],90.1,existing,1,1.879,parsed,
562,312.4,panels/panel_0000562.jpg,1.883,1.883 [km],2.68,existing,1,1.883,parsed,
563,312.6,panels/panel_0000563.jpg,1.887,a 1.887[km],0.0,existing,2,1.887,review,distance_digits_rebuilt
564,312.8,panels/panel_0000564.jpg,1.892,1.892[km],88.95,existing,2,1.892,parsed,
565,313.0,panels/panel_0000565.jpg,1.896,1.896[km],87.6,existing,2,1.896,parsed,
566,313.2,panels/panel_0000566.jpg,1.9,a 1.900[ km],5.71,existing,2,1.900|4.900,review,distance_digits_rebuilt
567,313.4,panels/panel_0000567.jpg,1.905,1.905[km],0.0,existing,4,1.790|1.905|7.179|7.905,parsed,
568,313.6,panels/panel_0000568.jpg,1.909,1.909[ km],88.92,existing,2,1.909|4.909,parsed,
569,313.8,panels/panel_0000569.jpg,1.914,1.914[km],88.3,existing,2,1.914,parsed,
570,314.0,panels/panel_0000570.jpg,1.918,1.918[ km],88.07,existing,2,1.918,parsed,
571,314.2,panels/panel_0000571.jpg,1.923,1.923[km],84.16,existing,2,1.923,parsed,
572,314.4,panels/panel_0000572.jpg,1.927,1.927[km],89.07,existing,2,1.927,parsed,
573,314.6,panels/panel_0000573.jpg,1.932,1.932[ km],87.3,existing,2,1.932,parsed,
574,314.8,panels/panel_0000574.jpg,1.936,1.936[km],89.31,existing,2,1.936,parsed,
575,315.0,panels/panel_0000575.jpg,1.94,1.940[ km],90.87,existing,2,1.940,parsed,
576,315.2,panels/panel_0000576.jpg,1.945,1.945 [km],0.0,existing,2,1.945,parsed,
577,315.4,panels/panel_0000577.jpg,1.949,1.949[km],85.62,existing,2,1.949,parsed,
578,315.6,panels/panel_0000578.jpg,1.953,1.953[km],87.37,existing,2,1.953,parsed,
579,315.8,panels/panel_0000579.jpg,1.958,1.958[km],87.77,existing,2,1.958,parsed,
580,316.0,panels/panel_0000580.jpg,1.962,1.962[km],86.73,existing,2,1.962,parsed,
581,316.2,panels/panel_0000581.jpg,1.966,1.966[km],87.38,existing,2,1.966,parsed,
582,316.4,panels/panel_0000582.jpg,1.97,1.970[ km],86.37,existing,2,1.970,parsed,
583,316.6,panels/panel_0000583.jpg,1.974,1.974[ km],88.23,existing,2,1.974,parsed,
584,316.8,panels/panel_0000584.jpg,1.978,1.978[km],87.35,existing,2,1.978,parsed,
585,317.0,panels/panel_0000585.jpg,1.982,1.982[km],88.3,existing,2,1.982,parsed,
586,317.2,panels/panel_0000586.jpg,1.986,1.986[km],88.1,existing,2,1.986,parsed,
587,317.4,panels/panel_0000587.jpg,1.991,1.991[ km],90.4,existing,2,1.991,parsed,
588,317.6,panels/panel_0000588.jpg,1.995,1.995[km],85.52,existing,2,1.995,parsed,
589,317.8,panels/panel_0000589.jpg,2.0,2.000[ km],82.67,existing,2,2.000,parsed,
590,318.0,panels/panel_0000590.jpg,2.004,2.004[km],67.56,existing,2,2.004,parsed,
591,318.2,panels/panel_0000591.jpg,2.007,2.007[km],69.6,existing,2,2.007,parsed,
592,318.4,panels/panel_0000592.jpg,2.011,2.011[km],87.29,existing,2,2.011,parsed,
593,318.6,panels/panel_0000593.jpg,2.015,2.015[km],71.61,existing,2,2.015,parsed,
594,318.8,panels/panel_0000594.jpg,2.018,2.018[km],84.49,existing,2,2.018,parsed,
595,319.0,panels/panel_0000595.jpg,2.022,— 2.022[km],63.23,existing,2,2.022,review,distance_digits_rebuilt
596,319.2,panels/panel_0000596.jpg,2.027,2.027[km],54.02,existing,2,2.027,parsed,
597,319.4,panels/panel_0000597.jpg,2.031,2.031[km],85.64,existing,2,2.031,parsed,
598,319.6,panels/panel_0000598.jpg,2.036,2.036[km],84.59,existing,2,2.036,parsed,
599,319.8,panels/panel_0000599.jpg,2.04,2.040[ km],0.0,existing,2,2.040,parsed,
600,320.0,panels/panel_0000600.jpg,2.045,2.045[km],73.69,existing,2,2.045,parsed,
601,320.2,panels/panel_0000601.jpg,2.049,2.049[km],66.03,existing,2,2.049,parsed,
602,320.4,panels/panel_0000602.jpg,2.053,2.053[km],71.98,existing,2,2.053,parsed,
603,320.6,panels/panel_0000603.jpg,2.058,2.058[km],56.84,existing,2,2.058,parsed,
604,320.8,panels/panel_0000604.jpg,2.062,2.062[km],81.12,existing,2,2.062,parsed,
605,321.0,panels/panel_0000605.jpg,2.066,2.066[km],68.4,existing,2,2.066,parsed,
606,321.2,panels/panel_0000606.jpg,2.07,ee 2.070[ km],17.6,existing,1,2.070,review,distance_digits_rebuilt
607,321.4,panels/panel_0000607.jpg,2.077,"eee 2077,5)(tkm)|",60.0,reocr_dark,4,0.775|2.077|2.607|6.075,review,distance_reocr
608,321.6,panels/panel_0000608.jpg,2.079,2.079,,manual_panel_read,27,0.795|1.111|1.113|1.132|1.327|1.849|1.994|2.295|2.707|2.722|2.955|3.184|3.272|4.318|5.111|5.589|5.891|7.079|7.229|7.951|8.497|8.919|9.199|9.431|9.511|9.558|9.943,parsed,
609,321.8,panels/panel_0000609.jpg,2.084,2.084[km],80.92,existing,1,2.084,parsed,
610,322.0,panels/panel_0000610.jpg,2.088,2.088[km],31.61,existing,1,2.088,parsed,
611,322.2,panels/panel_0000611.jpg,2.092,2.092,,manual_panel_read,4,2.052|2.809|5.092|8.092,parsed,
612,322.4,panels/panel_0000612.jpg,2.096,SO 2.096[km],0.0,existing,3,0.209|2.096|5.020,review,distance_digits_rebuilt
613,322.6,panels/panel_0000613.jpg,2.1,2.100 [ik] >,19.13,existing,1,2.100,review,distance_digits_rebuilt
614,322.8,panels/panel_0000614.jpg,2.105,_ 2.105[km],8.19,existing,1,2.105,review,distance_digits_rebuilt
615,323.0,panels/panel_0000615.jpg,2.109,2.109[km],89.57,existing,1,2.109,parsed,
616,323.2,panels/panel_0000616.jpg,2.114,2.114,,manual_panel_read,0,,parsed,
617,323.4,panels/panel_0000617.jpg,2.118,— 2.118[ km],3.44,existing,1,2.118,review,distance_digits_rebuilt
618,323.6,panels/panel_0000618.jpg,2.123,— 2Pal'2:3\[(km],60.0,reocr_light,5,2.123|2.751|5.123|5.275|7.512,review,distance_reocr
619,323.8,panels/panel_0000619.jpg,2.128,"Se 2128 km)""",60.0,reocr_dark_tight,2,2.128|5.212,review,distance_reocr
620,324.0,panels/panel_0000620.jpg,2.132,2.132,,manual_panel_read,0,,parsed,
621,324.2,panels/panel_0000621.jpg,2.137,2.137,,manual_panel_read,0,,parsed,
622,324.4,panels/panel_0000622.jpg,2.142,2.142,,manual_panel_read,0,,parsed,
623,324.6,panels/panel_0000623.jpg,2.147,2.147,,manual_panel_read,1,7.447,parsed,
624,324.8,panels/panel_0000624.jpg,2.152,2.152,,manual_panel_read,0,,parsed,
625,325.0,panels/panel_0000625.jpg,2.156,— eer 2.156 [km] >,0.0,existing,1,2.156,review,distance_digits_rebuilt
626,325.2,panels/panel_0000626.jpg,2.161,7 2.161[km].,37.35,existing,2,2.161|7.216,review,distance_digits_rebuilt
627,325.4,panels/panel_0000627.jpg,2.165,2.165[km].,40.08,existing,1,2.165,review,distance_digits_rebuilt
628,325.6,panels/panel_0000628.jpg,2.17,2.170[km],75.44,existing,1,2.170,parsed,
629,325.8,panels/panel_0000629.jpg,2.174,ee 2174 [km],13.63,existing,1,2.174,review,distance_digits_rebuilt
630,326.0,panels/panel_0000630.jpg,2.179,: —___2...1.79[-km]-,0.0,existing,2,2.179,review,distance_digits_rebuilt
631,326.2,panels/panel_0000631.jpg,2.183,2.183[km],76.91,existing,2,2.183,parsed,
632,326.4,panels/panel_0000632.jpg,2.188,2.188 [ km],0.0,existing,2,2.188,parsed,
633,326.6,panels/panel_0000633.jpg,2.192,2.192[ km],59.31,existing,3,1.920|2.192,parsed,
634,326.8,panels/panel_0000634.jpg,2.197,2.197,,manual_panel_read,3,2.741|4.197|7.419,parsed,
635,327.0,panels/panel_0000635.jpg,2.201,2.201,,manual_panel_read,0,,parsed,
636,327.2,panels/panel_0000636.jpg,2.206,male 2 206 (km),60.0,reocr_light,4,1.220|2.206|2.520|5.206,review,distance_reocr
637,327.4,panels/panel_0000637.jpg,2.21,22:10 ('km],15.46,existing,1,2.210,review,distance_digits_rebuilt
638,327.6,panels/panel_0000638.jpg,2.215,2.215,,manual_panel_read,2,2.621|6.215,parsed,
639,327.8,panels/panel_0000639.jpg,2.219,2Fr2y1 9 )[(kim |,60.0,reocr_dark,1,2.219,review,distance_reocr
640,328.0,panels/panel_0000640.jpg,2.223,— “2a223\[(km ],0.0,existing,1,2.223,review,distance_digits_rebuilt
641,328.20000000000005,panels/panel_0000641.jpg,2.227,2.227,,manual_panel_read,2,0.271|2.711,parsed,
642,328.4,panels/panel_0000642.jpg,2.232,2.232(|km],15.39,existing,2,2.232,review,distance_digits_rebuilt
643,328.6,panels/panel_0000643.jpg,2.236,2.236[km],50.93,existing,2,2.236,parsed,
644,328.8,panels/panel_0000644.jpg,2.24,2.240[ km],68.53,existing,2,2.240,parsed,
645,329.0,panels/panel_0000645.jpg,2.244,2.244|[km],12.55,existing,2,2.244,review,distance_digits_rebuilt
646,329.20000000000005,panels/panel_0000646.jpg,2.248,_ 2...248 [km],20.84,existing,2,2.248,review,distance_digits_rebuilt
647,329.4,panels/panel_0000647.jpg,2.253,2.253[km],23.14,existing,2,2.253,parsed,
648,329.6,panels/panel_0000648.jpg,2.257,"—— = ~~ 2,257[km]",0.0,existing,2,2.257,review,distance_digits_rebuilt
649,329.8,panels/panel_0000649.jpg,2.261,oo 2261 km],11.61,existing,2,2.261,review,distance_digits_rebuilt
650,330.0,panels/panel_0000650.jpg,2.265,2.265|[km],57.59,existing,2,2.265,review,distance_digits_rebuilt
651,330.20000000000005,panels/panel_0000651.jpg,2.27,2.270 km],0.0,existing,2,2.270,parsed,
652,330.4,panels/panel_0000652.jpg,2.274,2 274 km )-,18.0,existing,2,2.274,review,distance_digits_rebuilt
653,330.6,panels/panel_0000653.jpg,2.278,2278 T km],28.62,existing,2,2.278,review,distance_digits_rebuilt
654,330.8,panels/panel_0000654.jpg,2.282,2.282[km],51.5,existing,1,2.282,parsed,
655,331.0,panels/panel_0000655.jpg,2.286,2.286,,manual_panel_read,2,2.860|5.286,parsed,
656,331.20000000000005,panels/panel_0000656.jpg,2.29,2.290[km],24.09,existing,2,2.290,parsed,
657,331.4,panels/panel_0000657.jpg,2.294,2.294[km],79.73,existing,1,2.294,parsed,
658,331.6,panels/panel_0000658.jpg,2.298,2.298[km],81.97,existing,2,2.298,parsed,
659,331.8,panels/panel_0000659.jpg,2.302,2.302[km],47.01,existing,2,2.302|2.802,parsed,
660,332.0,panels/panel_0000660.jpg,2.306,ee 2.306[km]_,28.86,existing,2,2.306,review,distance_digits_rebuilt
661,332.20000000000005,panels/panel_0000661.jpg,2.31,2 310. km],0.0,existing,3,2.310|3.101,review,distance_digits_rebuilt
662,332.4,panels/panel_0000662.jpg,2.315,—___ 2...315.-km],0.0,existing,1,2.315,review,distance_digits_rebuilt
663,332.6,panels/panel_0000663.jpg,2.319,"——  -_____2, 319[-km]-",8.99,existing,1,2.319,review,distance_digits_rebuilt
664,332.8,panels/panel_0000664.jpg,2.323,"
5	1	1	1	1	2	944	180	1296	230	0.000000	2M323\km]I
",60.0,reocr_light,27,0.000|0.002|0.023|0.129|0.232|1.111|1.112|1.129|1.294|1.296|1.801|2.023|2.300|2.323|2.773|2.944|2.962|3.000|4.180|4.418|5.111|6.230|7.323|7.732|8.012|9.441|9.623,review,distance_reocr
665,333.0,panels/panel_0000665.jpg,2.327,2...327[km],56.5,existing,2,2.327,review,distance_digits_rebuilt
666,333.20000000000005,panels/panel_0000666.jpg,2.332,a — 2.332[km],0.0,existing,2,2.332,review,distance_digits_rebuilt
667,333.4,panels/panel_0000667.jpg,2.333,_—iCia2ww 333 [ k=],0.0,existing,2,2.333|2.336,review,distance_digits_rebuilt;distance_candidate_disagreement
668,333.6,panels/panel_0000668.jpg,2.34,2.34,,manual_panel_read,3,0.340|3.400|9.034,parsed,
669,333.8,panels/panel_0000669.jpg,2.345,————_—._ _—___2..345[-km]-,12.69,existing,2,2.345,review,distance_digits_rebuilt
670,334.0,panels/panel_0000670.jpg,2.349,— ——————— 2 -349[-km]-,34.11,existing,4,2.349|2.734|7.273|7.349,review,distance_digits_rebuilt
671,334.20000000000005,panels/panel_0000671.jpg,2.354,fee 2354 [km],60.0,reocr_light_tight,9,0.354|1.354|2.035|2.354|2.713|2.735|3.545|7.135|7.354,review,distance_reocr
672,334.4,panels/panel_0000672.jpg,2.358,2 3580 km],17.07,existing,4,2.358|3.580,review,distance_digits_rebuilt
673,334.6,panels/panel_0000673.jpg,2.363,7 ~ 2.363[km],0.0,existing,5,2.223|2.236|2.363|7.236,review,distance_digits_rebuilt
674,334.8,panels/panel_0000674.jpg,2.368,me 2.368[km]_,51.44,existing,2,0.268|2.368,review,distance_digits_rebuilt
675,335.0,panels/panel_0000675.jpg,2.373,"es 2;::3,7,3,,,KM |",0.0,existing,1,2.373,review,distance_digits_rebuilt
676,335.20000000000005,panels/panel_0000676.jpg,2.372,"eee 23 727,(\km]s",60.0,reocr_light_tight,5,2.372|2.778|3.727|7.377,review,distance_reocr;distance_decreased
677,335.4,panels/panel_0000677.jpg,2.381,2@381' [km],60.0,reocr_light,4,1.230|2.301|2.381|2.850,review,distance_reocr
678,335.6,panels/panel_0000678.jpg,2.386,2386 [km ]-,0.0,existing,2,2.386|7.386,review,distance_digits_rebuilt
679,335.8,panels/panel_0000679.jpg,2.39,"2 =390(km)""",21.85,existing,2,2.390,review,distance_digits_rebuilt
680,336.0,panels/panel_0000680.jpg,2.394,2.394[km],70.56,existing,2,2.394,parsed,
681,336.20000000000005,panels/panel_0000681.jpg,2.399,2.399[km],60.27,existing,2,2.399,parsed,
682,336.4,panels/panel_0000682.jpg,2.403,2.403[km],76.0,existing,2,2.403,parsed,
683,336.6,panels/panel_0000683.jpg,2.407,2.407[km],66.86,existing,2,2.407,parsed,
684,336.8,panels/panel_0000684.jpg,2.412,2.412[km],59.46,existing,2,2.412,parsed,
685,337.0,panels/panel_0000685.jpg,2.416,2.416[km],91.12,existing,2,2.416,parsed,
686,337.20000000000005,panels/panel_0000686.jpg,2.42,2.420[km],76.58,existing,1,2.420,parsed,
687,337.4,panels/panel_0000687.jpg,2.425,2.425[km],90.37,existing,2,2.425,parsed,
688,337.6,panels/panel_0000688.jpg,2.429,2.429[km],87.74,existing,2,2.429,parsed,
689,337.8,panels/panel_0000689.jpg,2.433,2.433[km],56.89,existing,2,2.433,parsed,
690,338.0,panels/panel_0000690.jpg,2.438,2.438[km],57.07,existing,3,0.243|2.438,parsed,
691,338.20000000000005,panels/panel_0000691.jpg,2.442,"a 2, 4420 km]",9.25,existing,2,2.442|4.420,review,distance_digits_rebuilt
692,338.4,panels/panel_0000692.jpg,2.447,2.447[km],40.37,existing,1,2.447,parsed,
693,338.6,panels/panel_0000693.jpg,2.451,2.451[km],89.39,existing,1,2.451,parsed,
694,338.8,panels/panel_0000694.jpg,2.456,2.456[km],87.24,existing,1,2.456,parsed,
695,339.0,panels/panel_0000695.jpg,2.46,2.460[ km],82.75,existing,2,2.460,parsed,
696,339.20000000000005,panels/panel_0000696.jpg,2.465,2.465[km],72.61,existing,1,2.465,parsed,
697,339.4,panels/panel_0000697.jpg,2.47,2.470[km],72.82,existing,1,2.470,parsed,
698,339.6,panels/panel_0000698.jpg,2.474,2.474[km],57.38,existing,2,2.474,parsed,
699,339.8,panels/panel_0000699.jpg,2.479,2.479[km],61.49,existing,2,2.479,parsed,
700,340.0,panels/panel_0000700.jpg,2.484,2.484[km],63.01,existing,1,2.484,parsed,
701,340.20000000000005,panels/panel_0000701.jpg,2.489,2.489[km],59.07,existing,3,2.489|5.248,parsed,
702,340.4,panels/panel_0000702.jpg,2.494,2.494[ km],71.28,existing,1,2.494,parsed,
703,340.6,panels/panel_0000703.jpg,2.499,2.499[km],88.91,existing,2,2.499,parsed,
704,340.8,panels/panel_0000704.jpg,2.504,2.504[ km],79.08,existing,2,2.504,parsed,
705,341.0,panels/panel_0000705.jpg,2.509,2.509[km],90.55,existing,3,2.509|2.550|5.509,parsed,
706,341.20000000000005,panels/panel_0000706.jpg,2.514,2.514[ km],90.12,existing,1,2.514,parsed,
707,341.4,panels/panel_0000707.jpg,2.519,__ —-2.519[ km]z,0.0,existing,2,2.519,review,distance_digits_rebuilt
708,341.6,panels/panel_0000708.jpg,2.524,2.524[km],84.1,existing,1,2.524,parsed,
709,341.8,panels/panel_0000709.jpg,2.529,2.529[km],84.77,existing,2,2.529,parsed,
710,342.0,panels/panel_0000710.jpg,2.534,2.534[km],85.95,existing,1,2.534,parsed,
711,342.20000000000005,panels/panel_0000711.jpg,2.539,0 2.539[km],0.0,existing,2,0.253|2.539,review,distance_digits_rebuilt
712,342.4,panels/panel_0000712.jpg,2.544,2.544[km],82.84,existing,1,2.544,parsed,
713,342.6,panels/panel_0000713.jpg,2.549,2.549[km],43.57,existing,1,2.549,parsed,
714,342.8,panels/panel_0000714.jpg,2.554,2.554[km],89.26,existing,2,2.554,parsed,
715,343.0,panels/panel_0000715.jpg,2.559,2.559[km],87.49,existing,2,2.559,parsed,
716,343.20000000000005,panels/panel_0000716.jpg,2.564,25 64 (ikm],60.0,reocr_light,6,2.556|2.564|2.735|3.564|5.564|7.356,review,distance_reocr;distance_candidate_disagreement
717,343.4,panels/panel_0000717.jpg,2.57,2570 [kim]:,6.31,existing,3,2.570|5.700,review,distance_digits_rebuilt
718,343.6,panels/panel_0000718.jpg,2.575,2.575[km],67.0,existing,1,2.575,parsed,
719,343.8,panels/panel_0000719.jpg,2.58,2.580[km],81.73,existing,2,2.580,parsed,
720,344.0,panels/panel_0000720.jpg,2.586,2.586[km],84.54,existing,2,2.586,parsed,
721,344.20000000000005,panels/panel_0000721.jpg,2.591,2.591. km),0.0,existing,3,1.513|2.151|2.591,review,distance_digits_rebuilt
722,344.4,panels/panel_0000722.jpg,2.596,2.596[km],82.66,existing,1,2.596,parsed,
723,344.6,panels/panel_0000723.jpg,2.602,2.602[km],90.65,existing,2,2.602,parsed,
724,344.8,panels/panel_0000724.jpg,2.607,2.607[km],51.23,existing,1,2.607,parsed,
725,345.0,panels/panel_0000725.jpg,2.613,2.613[km],88.01,existing,2,2.613,parsed,
726,345.20000000000005,panels/panel_0000726.jpg,2.618,2.618[km],88.11,existing,1,2.618,parsed,
727,345.4,panels/panel_0000727.jpg,2.623,2.623[km],70.56,existing,2,2.623,parsed,
728,345.6,panels/panel_0000728.jpg,2.629,2.629[km],88.56,existing,2,2.629,parsed,
729,345.8,panels/panel_0000729.jpg,2.634,2.634[km],77.76,existing,1,2.634,parsed,
730,346.0,panels/panel_0000730.jpg,2.64,— 2.640[km],9.59,existing,1,2.640,review,distance_digits_rebuilt
731,346.20000000000005,panels/panel_0000731.jpg,2.645,2.645[km],65.92,existing,1,2.645,parsed,
732,346.4,panels/panel_0000732.jpg,2.651,2.651[km],89.69,existing,3,2.651|6.517,parsed,
733,346.6,panels/panel_0000733.jpg,2.656,2.656[km],87.22,existing,1,2.656,parsed,
734,346.8,panels/panel_0000734.jpg,2.662,2.662[km],90.64,existing,1,2.662,parsed,
735,347.0,panels/panel_0000735.jpg,2.667,"— ee 2 667;[.km],",0.0,existing,1,2.667,review,distance_digits_rebuilt
736,347.20000000000005,panels/panel_0000736.jpg,2.673,2.673[km],78.51,existing,1,2.673,parsed,
737,347.4,panels/panel_0000737.jpg,2.675,2.6750),60.0,reocr_light_loose,3,2.675|2.678|6.750,review,distance_reocr;distance_candidate_disagreement
738,347.6,panels/panel_0000738.jpg,2.684,2.684[km],89.15,existing,2,2.684,parsed,
739,347.8,panels/panel_0000739.jpg,2.69,2.690[km],90.65,existing,2,2.690,parsed,
740,348.0,panels/panel_0000740.jpg,2.695,2.695[ km],75.13,existing,2,2.695,parsed,
741,348.20000000000005,panels/panel_0000741.jpg,2.7,2.700[ km],34.3,existing,2,2.700,parsed,
742,348.4,panels/panel_0000742.jpg,2.706,2.706[km],83.69,existing,2,2.706,parsed,
743,348.6,panels/panel_0000743.jpg,2.711,2.711[km],91.14,existing,2,2.711,parsed,
744,348.8,panels/panel_0000744.jpg,2.717,2.717[km],43.4,existing,2,2.717,parsed,
745,349.0,panels/panel_0000745.jpg,2.722,2.722|[km],16.58,existing,2,2.722,review,distance_digits_rebuilt
746,349.20000000000005,panels/panel_0000746.jpg,2.728,2.728[km],36.64,existing,2,2.728,parsed,
747,349.4,panels/panel_0000747.jpg,2.733,2.733([km],48.17,existing,2,2.733,review,distance_digits_rebuilt
748,349.6,panels/panel_0000748.jpg,2.739,2.739[km],48.47,existing,2,2.739,parsed,
749,349.8,panels/panel_0000749.jpg,2.744,2.744[km],34.96,existing,2,2.744,parsed,
750,350.0,panels/panel_0000750.jpg,2.75,2.750[km],81.74,existing,2,2.750,parsed,
751,350.20000000000005,panels/panel_0000751.jpg,2.755,2.755[km],69.38,existing,2,2.755,parsed,
752,350.4,panels/panel_0000752.jpg,2.761,2.761[km],82.15,existing,2,2.761,parsed,
753,350.6,panels/panel_0000753.jpg,2.766,2.766[km],77.27,existing,2,2.766,parsed,
754,350.8,panels/panel_0000754.jpg,2.772,2.772|[km],45.59,existing,2,2.772,review,distance_digits_rebuilt
755,351.0,panels/panel_0000755.jpg,2.777,2.777[km],15.15,existing,2,2.777,parsed,
756,351.20000000000005,panels/panel_0000756.jpg,2.783,2.783[km],49.73,existing,2,2.783,parsed,
757,351.4,panels/panel_0000757.jpg,2.788,2.788[km],76.34,existing,2,2.788,parsed,
758,351.6,panels/panel_0000758.jpg,2.793,2.793 [km],0.0,existing,2,2.793,parsed,
759,351.8,panels/panel_0000759.jpg,2.798,2.798[km],61.38,existing,2,2.798,parsed,
760,352.0,panels/panel_0000760.jpg,2.804,2.804[km],71.01,existing,2,2.804,parsed,
761,352.20000000000005,panels/panel_0000761.jpg,2.81,2.810[km],80.59,existing,2,2.810,parsed,
762,352.4,panels/panel_0000762.jpg,2.816,2.816[km],85.31,existing,2,2.816,parsed,
763,352.6,panels/panel_0000763.jpg,2.821,2.821[km],86.01,existing,2,2.821,parsed,
764,352.8,panels/panel_0000764.jpg,2.827,2.827|[km],2.28,existing,2,2.827,review,distance_digits_rebuilt
765,353.0,panels/panel_0000765.jpg,2.833,2.833[km],74.76,existing,2,2.833,parsed,
766,353.20000000000005,panels/panel_0000766.jpg,2.838,2.838[km],76.8,existing,2,2.838,parsed,
767,353.4,panels/panel_0000767.jpg,2.844,2.844[km],58.57,existing,2,2.844,parsed,
768,353.6,panels/panel_0000768.jpg,2.85,2.850[km],70.7,existing,2,2.850,parsed,
769,353.8,panels/panel_0000769.jpg,2.855,2.855[km],80.35,existing,2,2.855,parsed,
770,354.0,panels/panel_0000770.jpg,2.861,2.861[km],88.07,existing,2,2.861,parsed,
771,354.20000000000005,panels/panel_0000771.jpg,2.866,2.866[km],73.77,existing,2,2.866,parsed,
772,354.4,panels/panel_0000772.jpg,2.87,2.870[km],68.23,existing,2,2.870,parsed,
773,354.6,panels/panel_0000773.jpg,2.875,2.875|[km],45.17,existing,2,2.875,review,distance_digits_rebuilt
774,354.8,panels/panel_0000774.jpg,2.88,2.880[km],69.04,existing,2,2.880,parsed,
775,355.0,panels/panel_0000775.jpg,2.885,2.885[km],66.05,existing,2,2.885,parsed,
776,355.20000000000005,panels/panel_0000776.jpg,2.891,2.891[km],67.49,existing,2,2.891,parsed,
777,355.4,panels/panel_0000777.jpg,2.897,28 97[{km],60.0,reocr_dark_tight,4,2.680|2.897|6.807|8.071,review,distance_reocr
778,355.6,panels/panel_0000778.jpg,2.903,2.903[km],46.2,existing,2,2.903,parsed,
779,355.8,panels/panel_0000779.jpg,2.908,2.908[km],78.17,existing,2,2.908,parsed,
780,356.0,panels/panel_0000780.jpg,2.914,; 2.914[km],0.0,existing,2,2.914,review,distance_digits_rebuilt
781,356.20000000000005,panels/panel_0000781.jpg,2.92,2.920[ km],57.74,existing,2,2.920,parsed,
782,356.4,panels/panel_0000782.jpg,2.926,2.926[km],56.0,existing,2,2.926,parsed,
783,356.6,panels/panel_0000783.jpg,2.931,2.931[km],72.16,existing,2,2.931,parsed,
784,356.8,panels/panel_0000784.jpg,2.937,2.937[km],63.05,existing,2,2.937,parsed,
785,357.0,panels/panel_0000785.jpg,2.943,2.943 [km],4.88,existing,2,2.943,parsed,
786,357.20000000000005,panels/panel_0000786.jpg,2.948,2.948[km],76.63,existing,2,2.948,parsed,
787,357.4,panels/panel_0000787.jpg,2.953,2.953[km],75.19,existing,2,2.953,parsed,
788,357.6,panels/panel_0000788.jpg,2.959,2.959[km],74.56,existing,2,2.959,parsed,
789,357.8,panels/panel_0000789.jpg,2.964,2.964[ km],81.17,existing,2,2.964,parsed,
790,358.0,panels/panel_0000790.jpg,2.97,—— -_- —  2.970[km],22.6,existing,2,2.970,review,distance_digits_rebuilt
791,358.20000000000005,panels/panel_0000791.jpg,2.975,—- 2 97S Ee km]-,12.57,existing,2,2.975,review,distance_digits_rebuilt
792,358.4,panels/panel_0000792.jpg,2.98,"SS — 2,980 km]",0.0,existing,4,2.980|5.298|5.529,review,distance_digits_rebuilt
793,358.6,panels/panel_0000793.jpg,2.985,2.985[km],75.23,existing,1,2.985,parsed,
794,358.8,panels/panel_0000794.jpg,2.99,- => = 2-990[ km],0.0,existing,2,2.990,review,distance_digits_rebuilt
795,359.0,panels/panel_0000795.jpg,2.995,—_— —._ —  2~.995[km],0.0,existing,4,2.995|9.555|9.955,review,distance_digits_rebuilt
796,359.20000000000005,panels/panel_0000796.jpg,3.001,; 3.001[km],14.62,existing,3,3.001|3.900|9.007,review,distance_digits_rebuilt
797,359.4,panels/panel_0000797.jpg,3.006,_ 3.006[km],18.95,existing,1,3.006,review,distance_digits_rebuilt
798,359.6,panels/panel_0000798.jpg,3.012,3.012[km],76.72,existing,2,3.012,parsed,
799,359.8,panels/panel_0000799.jpg,3.017,3.017[km],84.12,existing,2,3.017,parsed,
800,360.0,panels/panel_0000800.jpg,3.022,— 3.022[km],35.86,existing,3,3.022|3.802|8.022,review,distance_digits_rebuilt
801,360.20000000000005,panels/panel_0000801.jpg,3.027,3.027[km],73.96,existing,1,3.027,parsed,
802,360.4,panels/panel_0000802.jpg,3.032,3.032[km],80.88,existing,4,2.032|3.032|3.820|8.203,parsed,
803,360.6,panels/panel_0000803.jpg,3.037,3.037[km],82.36,existing,1,3.037,parsed,
804,360.8,panels/panel_0000804.jpg,3.043,3.043 [km],26.37,existing,2,3.043,parsed,
805,361.0,panels/panel_0000805.jpg,3.048,3.048[km],78.26,existing,2,3.048,parsed,
806,361.20000000000005,panels/panel_0000806.jpg,3.053,3.053[km],84.21,existing,3,0.305|3.053,parsed,
807,361.4,panels/panel_0000807.jpg,3.059,3059) [1 km |;,60.0,reocr_light,4,0.591|3.059|3.805|8.055,review,distance_reocr
808,361.6,panels/panel_0000808.jpg,3.064,-3.064[km],72.34,existing,3,3.064|3.906|9.064,review,distance_digits_rebuilt
809,361.8,panels/panel_0000809.jpg,3.07,3.070[km],84.46,existing,4,1.507|3.070|3.150|5.070,parsed,
810,362.0,panels/panel_0000810.jpg,3.075,3.075[km],81.69,existing,1,3.075,parsed,
811,362.20000000000005,panels/panel_0000811.jpg,3.081,3.081[km],91.22,existing,5,1.350|2.135|3.081|3.508|5.081,parsed,
812,362.4,panels/panel_0000812.jpg,3.086,3.086[km],86.52,existing,1,3.086,parsed,
813,362.6,panels/panel_0000813.jpg,3.091,3.091[km],90.26,existing,1,3.091,parsed,
814,362.8,panels/panel_0000814.jpg,3.097,3.097[km],84.46,existing,3,0.309|3.097,parsed,
815,363.0,panels/panel_0000815.jpg,3.102,3.102[ km],71.7,existing,3,3.102|3.310,parsed,
816,363.20000000000005,panels/panel_0000816.jpg,3.107,3.107[km],44.98,existing,3,3.107|7.310,parsed,
817,363.4,panels/panel_0000817.jpg,3.113,3.113,,manual_panel_read,4,1.130|3.751|5.113|7.511,parsed,
818,363.6,panels/panel_0000818.jpg,3.118,3.118[ km],89.98,existing,2,3.118,parsed,
819,363.8,panels/panel_0000819.jpg,3.124,3.124[ km],86.06,existing,3,3.124|5.312,parsed,
820,364.0,panels/panel_0000820.jpg,3.129,oO ~ 3.129[km]>,0.0,existing,4,0.312|3.129|7.312,review,distance_digits_rebuilt
821,364.20000000000005,panels/panel_0000821.jpg,3.134,= 3=134[ km],0.0,existing,1,3.134,review,distance_digits_rebuilt
822,364.4,panels/panel_0000822.jpg,3.14,=== __ 3..140[ km]-,21.06,existing,3,3.140|5.314,review,distance_digits_rebuilt
823,364.6,panels/panel_0000823.jpg,3.145,ne 3.145[km]-,20.53,existing,3,3.145|7.314,review,distance_digits_rebuilt
824,364.8,panels/panel_0000824.jpg,3.151,a 3.151[km],32.38,existing,3,3.151|3.715|7.151,review,distance_digits_rebuilt
825,365.0,panels/panel_0000825.jpg,3.156,ST 3.156[km],4.15,existing,2,3.156|5.315,review,distance_digits_rebuilt
826,365.20000000000005,panels/panel_0000826.jpg,3.161,— 3-161[km]-,0.0,existing,3,3.161|7.316,review,distance_digits_rebuilt
827,365.4,panels/panel_0000827.jpg,3.167,3.167[km],86.82,existing,2,3.167,parsed,
828,365.6,panels/panel_0000828.jpg,3.172,—— 3.172[ km],44.5,existing,1,3.172,review,distance_digits_rebuilt
829,365.8,panels/panel_0000829.jpg,3.178,3.178,,manual_panel_read,0,,parsed,
830,366.0,panels/panel_0000830.jpg,3.183,3.183,,manual_panel_read,0,,parsed,
831,366.20000000000005,panels/panel_0000831.jpg,3.189,— __3.189[km]_,11.35,existing,1,3.189,review,distance_digits_rebuilt
832,366.4,panels/panel_0000832.jpg,3.194,pee 31.94 [km] i,60.0,reocr_light,1,3.194,review,distance_reocr
833,366.6,panels/panel_0000833.jpg,3.2,3.2,,manual_panel_read,3,3.792|7.920|9.200,parsed,
834,366.8,panels/panel_0000834.jpg,3.205,3.205,,manual_panel_read,0,,parsed,
835,367.0,panels/panel_0000835.jpg,3.211,— 3.211[km],54.74,existing,1,3.211,review,distance_digits_rebuilt
836,367.20000000000005,panels/panel_0000836.jpg,3.216,3.216,,manual_panel_read,3,3.521|5.216|5.261,parsed,
837,367.4,panels/panel_0000837.jpg,3.222,3222 [iki],60.0,reocr_light_tight,3,3.222|5.222|8.522,review,distance_reocr
838,367.6,panels/panel_0000838.jpg,3.227,3.227 ([km]-,0.0,existing,2,3.227,review,distance_digits_rebuilt
839,367.8,panels/panel_0000839.jpg,3.233,3.233[km],53.95,existing,2,3.233,parsed,
840,368.0,panels/panel_0000840.jpg,3.238,3.238[km],81.02,existing,2,3.238,parsed,
841,368.20000000000005,panels/panel_0000841.jpg,3.244,———— 3. 244 Fk =,0.0,existing,2,3.244,review,distance_digits_rebuilt
842,368.4,panels/panel_0000842.jpg,3.25,"pases 3,,250(.km]~",2.69,existing,3,2.722|3.250|7.220,review,distance_digits_rebuilt
843,368.6,panels/panel_0000843.jpg,3.255,— eee ee 3255 |. km] =,39.77,existing,1,3.255,review,distance_digits_rebuilt
844,368.8,panels/panel_0000844.jpg,3.261,"——— ee — 3-2 6,1,[-km] =",0.0,existing,2,3.261,review,distance_digits_rebuilt
845,369.0,panels/panel_0000845.jpg,3.267,"eee _3;..267,[.km]-",5.58,existing,2,3.267,review,distance_digits_rebuilt
846,369.20000000000005,panels/panel_0000846.jpg,3.272,3.272,,manual_panel_read,7,2.272|3.227|3.527|5.272|5.322|5.532|5.553,parsed,
847,369.4,panels/panel_0000847.jpg,3.278,3.278,,manual_panel_read,3,3.840|8.278|8.405,parsed,
848,369.6,panels/panel_0000848.jpg,3.283,3.283,,manual_panel_read,0,,parsed,
849,369.8,panels/panel_0000849.jpg,3.289,a 3-289 [km ]-,17.14,existing,3,3.289|5.728|7.289,review,distance_digits_rebuilt
850,370.0,panels/panel_0000850.jpg,3.294,(3294).,4.98,existing,4,0.352|3.294|3.529|5.294,review,distance_digits_rebuilt
851,370.20000000000005,panels/panel_0000851.jpg,3.3,7  _ 3..300Lkm].,13.6,existing,3,3.001|3.300|7.330,review,distance_digits_rebuilt
852,370.4,panels/panel_0000852.jpg,3.306,— - _____ 3.306 [.km].,0.0,existing,2,3.306,review,distance_digits_rebuilt
853,370.6,panels/panel_0000853.jpg,3.312,—— a EL 3... 3.12. [km],0.0,existing,2,1.331|3.312,review,distance_digits_rebuilt
854,370.8,panels/panel_0000854.jpg,3.317,3.317,,manual_panel_read,5,2.317|3.173|3.231|3.733|7.331,parsed,
855,371.0,panels/panel_0000855.jpg,3.323,"—— 3... 323, [| km]",18.29,existing,2,3.323,review,distance_digits_rebuilt
856,371.20000000000005,panels/panel_0000856.jpg,3.329,3. 3329 [ km],11.46,existing,2,3.329|3.332,review,distance_digits_rebuilt;distance_candidate_disagreement
857,371.4,panels/panel_0000857.jpg,3.335,3} 3 35i[\ km],60.0,reocr_light,3,3.335|3.633|6.335,review,distance_reocr
858,371.6,panels/panel_0000858.jpg,3.341,3.341[km].,4.25,existing,1,3.341,review,distance_digits_rebuilt
859,371.8,panels/panel_0000859.jpg,3.346,3.346[km],83.44,existing,1,3.346,parsed,
860,372.0,panels/panel_0000860.jpg,3.352,3.352[km],79.06,existing,2,3.352,parsed,
861,372.20000000000005,panels/panel_0000861.jpg,3.359,3.359[km],81.97,existing,2,3.359,parsed,
862,372.4,panels/panel_0000862.jpg,3.365,3.365[km],75.72,existing,2,3.365,parsed,
863,372.6,panels/panel_0000863.jpg,3.371,3.371[km],76.74,existing,2,3.371,parsed,
864,372.8,panels/panel_0000864.jpg,3.377,3.377[km],68.08,existing,2,3.377,parsed,
865,373.0,panels/panel_0000865.jpg,3.383,3.383[km],82.25,existing,2,3.383,parsed,
866,373.20000000000005,panels/panel_0000866.jpg,3.388,3.388[km],57.7,existing,1,3.388,parsed,
867,373.4,panels/panel_0000867.jpg,3.394,3.394|[km],34.02,existing,4,1.839|3.394|7.183|8.394,review,distance_digits_rebuilt
868,373.6,panels/panel_0000868.jpg,3.399,3.399[km],88.81,existing,3,3.399|7.339,parsed,
869,373.8,panels/panel_0000869.jpg,3.405,3.405[km],89.13,existing,2,3.405,parsed,
870,374.0,panels/panel_0000870.jpg,3.41,3.410[ km],89.54,existing,2,3.410,parsed,
871,374.20000000000005,panels/panel_0000871.jpg,3.416,3.416[km],88.9,existing,2,3.416,parsed,
872,374.4,panels/panel_0000872.jpg,3.422,3.422[km],60.7,existing,2,3.422,parsed,
873,374.6,panels/panel_0000873.jpg,3.428,> = 3. 428[ km],0.59,existing,1,3.428,review,distance_digits_rebuilt
874,374.8,panels/panel_0000874.jpg,3.433,3.433,,manual_panel_read,2,4.881|5.488,parsed,
875,375.0,panels/panel_0000875.jpg,3.439,5 = 3=439[km]-,0.0,existing,2,3.439|5.343,review,distance_digits_rebuilt
876,375.20000000000005,panels/panel_0000876.jpg,3.444,- = = — 3 -444[ km],0.0,existing,2,3.444,review,distance_digits_rebuilt
877,375.4,panels/panel_0000877.jpg,3.449,3. 449[km]-,45.01,existing,2,3.449,review,distance_digits_rebuilt
878,375.6,panels/panel_0000878.jpg,3.455,3.455[km],81.12,existing,2,3.455,parsed,
879,375.8,panels/panel_0000879.jpg,3.46,"3, 460 km]",23.13,existing,1,3.460,review,distance_digits_rebuilt
880,376.0,panels/panel_0000880.jpg,3.465,3.465[km],72.26,existing,2,3.465,parsed,
881,376.20000000000005,panels/panel_0000881.jpg,3.47,3.470[km],89.86,existing,1,3.470,parsed,
882,376.4,panels/panel_0000882.jpg,3.476,i 3.476[km],0.0,existing,1,3.476,review,distance_digits_rebuilt
883,376.6,panels/panel_0000883.jpg,3.481,3.481[km],89.64,existing,2,3.481,parsed,
884,376.8,panels/panel_0000884.jpg,3.486, 3.486[km],0.0,existing,2,3.486,parsed,
885,377.0,panels/panel_0000885.jpg,3.492,3.492[km],87.9,existing,2,3.492,parsed,
886,377.20000000000005,panels/panel_0000886.jpg,3.497,3.497[km],63.66,existing,2,3.497,parsed,
887,377.4,panels/panel_0000887.jpg,3.502,3.502[km],84.34,existing,2,3.502,parsed,
888,377.6,panels/panel_0000888.jpg,3.508,3.508[km],86.87,existing,2,3.508,parsed,
889,377.8,panels/panel_0000889.jpg,3.513,3.513[km],82.55,existing,2,3.513,parsed,
890,378.0,panels/panel_0000890.jpg,3.518,3.518[ km],87.4,existing,2,3.518,parsed,
891,378.20000000000005,panels/panel_0000891.jpg,3.524,3.524[km],82.05,existing,2,3.524,parsed,
892,378.4,panels/panel_0000892.jpg,3.529,3.529[km],89.91,existing,2,3.529,parsed,
893,378.6,panels/panel_0000893.jpg,3.534,3.534[km],77.4,existing,2,3.534,parsed,
894,378.8,panels/panel_0000894.jpg,3.539,3.539[km],80.73,existing,2,3.539,parsed,
895,379.0,panels/panel_0000895.jpg,3.544,3.544[km],80.96,existing,2,3.544,parsed,
896,379.20000000000005,panels/panel_0000896.jpg,3.549,3.549[km],84.34,existing,2,3.549,parsed,
897,379.4,panels/panel_0000897.jpg,3.555,3.555[km],81.01,existing,2,3.555,parsed,
898,379.6,panels/panel_0000898.jpg,3.56,3.560[km],90.1,existing,2,3.560,parsed,
899,379.8,panels/panel_0000899.jpg,3.565,3.565[km],74.1,existing,2,3.565,parsed,
900,380.0,panels/panel_0000900.jpg,3.57,3.570[ km],87.35,existing,2,3.570,parsed,
901,380.20000000000005,panels/panel_0000901.jpg,3.575,3.575[km],50.1,existing,2,3.575,parsed,
902,380.4,panels/panel_0000902.jpg,3.581,3.581[km],87.69,existing,2,3.581,parsed,
903,380.6,panels/panel_0000903.jpg,3.586,3.586[km],88.58,existing,2,3.586,parsed,
904,380.8,panels/panel_0000904.jpg,3.591,3.591[km],87.23,existing,2,3.591,parsed,
905,381.0,panels/panel_0000905.jpg,3.597,3.597[km],87.94,existing,2,3.597,parsed,
906,381.20000000000005,panels/panel_0000906.jpg,3.602,3.602[km],87.69,existing,2,3.602,parsed,
907,381.4,panels/panel_0000907.jpg,3.607,3.607[km],81.63,existing,2,3.607,parsed,
908,381.6,panels/panel_0000908.jpg,3.612,3.612[km],89.91,existing,4,3.612|4.536|5.361,parsed,
909,381.8,panels/panel_0000909.jpg,3.618,: 3.618[km]_,0.0,existing,2,3.618,review,distance_digits_rebuilt
910,382.0,panels/panel_0000910.jpg,3.623,3.623[km],82.55,existing,2,3.623,parsed,
911,382.20000000000005,panels/panel_0000911.jpg,3.628,3.628[ km],60.6,existing,2,3.628,parsed,
912,382.4,panels/panel_0000912.jpg,3.634,3.634[km],90.06,existing,2,3.634,parsed,
913,382.6,panels/panel_0000913.jpg,3.639,3.639[km],81.11,existing,2,3.639,parsed,
914,382.8,panels/panel_0000914.jpg,3.644,3.644[km],82.15,existing,2,3.644,parsed,
915,383.0,panels/panel_0000915.jpg,3.65,— -3.650[km],0.0,existing,3,3.650|8.650|8.865,review,distance_digits_rebuilt
916,383.20000000000005,panels/panel_0000916.jpg,3.655,3.655[km],91.13,existing,2,3.655,parsed,
917,383.4,panels/panel_0000917.jpg,3.661,3.661[km],89.36,existing,2,3.661,parsed,
918,383.6,panels/panel_0000918.jpg,3.666,3.666[km],83.14,existing,2,3.666,parsed,
919,383.8,panels/panel_0000919.jpg,3.671,3.671[ km],89.44,existing,2,3.671,parsed,
920,384.0,panels/panel_0000920.jpg,3.677,3.677[km],84.74,existing,2,3.677,parsed,
921,384.20000000000005,panels/panel_0000921.jpg,3.682,3.682[km],90.71,existing,2,3.682,parsed,
922,384.4,panels/panel_0000922.jpg,3.687,3.687[km],87.09,existing,2,3.687,parsed,
923,384.6,panels/panel_0000923.jpg,3.693,3.693[km],84.75,existing,2,3.693,parsed,
924,384.8,panels/panel_0000924.jpg,3.698,3.698[km],81.69,existing,2,3.698,parsed,
925,385.0,panels/panel_0000925.jpg,3.704,3.704[km],81.63,existing,3,3.704|7.370,parsed,
926,385.20000000000005,panels/panel_0000926.jpg,3.709,3.709[km],85.64,existing,2,3.709,parsed,
927,385.4,panels/panel_0000927.jpg,3.715,3.715[km],75.77,existing,2,3.715,parsed,
928,385.6,panels/panel_0000928.jpg,3.721,3.721[ km],76.14,existing,2,3.721,parsed,
929,385.8,panels/panel_0000929.jpg,3.727,3.727 [km].,21.69,existing,2,3.727,review,distance_digits_rebuilt
930,386.0,panels/panel_0000930.jpg,3.732,3.732[km],79.35,existing,2,3.732,parsed,
931,386.20000000000005,panels/panel_0000931.jpg,3.738,3.738[km],61.76,existing,2,3.738,parsed,
932,386.4,panels/panel_0000932.jpg,3.743,3.743 [km],23.93,existing,2,3.743,parsed,
933,386.6,panels/panel_0000933.jpg,3.748,3.748[km],72.94,existing,2,3.748,parsed,
934,386.8,panels/panel_0000934.jpg,3.754,3.754[ km],84.89,existing,1,3.754,parsed,
935,387.0,panels/panel_0000935.jpg,3.759,3.759[km],81.79,existing,2,3.759,parsed,
936,387.20000000000005,panels/panel_0000936.jpg,3.764,3.764[km],83.94,existing,2,3.764,parsed,
937,387.4,panels/panel_0000937.jpg,3.77,3.770[ km],80.45,existing,2,3.770,parsed,
938,387.6,panels/panel_0000938.jpg,3.775,3.775[km],58.19,existing,2,3.775,parsed,
939,387.8,panels/panel_0000939.jpg,3.781,3.781[ km],86.91,existing,2,3.781,parsed,
940,388.0,panels/panel_0000940.jpg,3.786,3.786[km],85.93,existing,2,3.786,parsed,
941,388.20000000000005,panels/panel_0000941.jpg,3.792,3.792[km],78.02,existing,2,3.792,parsed,
942,388.4,panels/panel_0000942.jpg,3.797,3.797[km],71.8,existing,2,3.797,parsed,
943,388.6,panels/panel_0000943.jpg,3.803,3.803[km],83.35,existing,2,3.803,parsed,
944,388.8,panels/panel_0000944.jpg,3.809,3.809[km],84.95,existing,2,3.809,parsed,
945,389.0,panels/panel_0000945.jpg,3.814,oT —_— s—O33-.. 814 [km],0.0,existing,5,0.338|3.381|3.814|5.381,review,distance_digits_rebuilt
946,389.20000000000005,panels/panel_0000946.jpg,3.82,= -_--—-—3-820[km]-,0.0,existing,1,3.820,review,distance_digits_rebuilt
947,389.4,panels/panel_0000947.jpg,3.825,—— 3.825[km],55.32,existing,2,3.825,review,distance_digits_rebuilt
948,389.6,panels/panel_0000948.jpg,3.831,3.831,,manual_panel_read,5,1.531|3.715|3.931|5.393|7.153,parsed,
949,389.8,panels/panel_0000949.jpg,3.836,~ 3.836[km],15.17,existing,2,3.836,review,distance_digits_rebuilt
950,390.0,panels/panel_0000950.jpg,3.842,3.842[km],42.08,existing,3,3.842|7.384,parsed,
951,390.20000000000005,panels/panel_0000951.jpg,3.847,3.847[km],87.77,existing,2,3.847,parsed,
952,390.4,panels/panel_0000952.jpg,3.852,3.852[km],88.71,existing,2,3.852,parsed,
953,390.6,panels/panel_0000953.jpg,3.857,3.857[km],83.23,existing,2,3.857,parsed,
954,390.8,panels/panel_0000954.jpg,3.863,3.863[km],80.19,existing,2,3.863,parsed,
955,391.0,panels/panel_0000955.jpg,3.868,3.868[km],84.1,existing,2,3.868,parsed,
956,391.20000000000005,panels/panel_0000956.jpg,3.873,3.873[km],85.4,existing,2,3.873,parsed,
957,391.4,panels/panel_0000957.jpg,3.878,3.878[km],84.15,existing,2,3.878,parsed,
958,391.6,panels/panel_0000958.jpg,3.883,3.883 [km],11.53,existing,2,3.883,parsed,
959,391.8,panels/panel_0000959.jpg,3.888,3.888[km],83.16,existing,2,3.888,parsed,
960,392.0,panels/panel_0000960.jpg,3.894,3.894[km],81.84,existing,2,3.894,parsed,
961,392.20000000000005,panels/panel_0000961.jpg,3.899,3.899[km],84.61,existing,2,3.899,parsed,
962,392.4,panels/panel_0000962.jpg,3.905,3.905[km],80.31,existing,2,3.905,parsed,
963,392.6,panels/panel_0000963.jpg,3.91,3.910[km],30.07,existing,2,3.910,parsed,
964,392.8,panels/panel_0000964.jpg,3.916,3. 916[ km],0.0,existing,2,3.916,review,distance_digits_rebuilt
965,393.0,panels/panel_0000965.jpg,3.921,"~~ 3,921[ km]",22.27,existing,3,3.592|3.921|5.927,review,distance_digits_rebuilt
966,393.20000000000005,panels/panel_0000966.jpg,3.926,3.926[km] |,36.5,existing,1,3.926,review,distance_digits_rebuilt
967,393.4,panels/panel_0000967.jpg,3.932,3.932|[km],48.64,existing,4,3.793|3.932|7.932|9.327,review,distance_digits_rebuilt
968,393.6,panels/panel_0000968.jpg,3.937,rn cnn = 3 = 9 3°7'['km]=,0.0,existing,2,3.937,review,distance_digits_rebuilt
969,393.8,panels/panel_0000969.jpg,3.942,3.942[km] -,35.02,existing,1,3.942,review,distance_digits_rebuilt
970,394.0,panels/panel_0000970.jpg,3.948,"- 3,948 [.km]",0.0,existing,1,3.948,review,distance_digits_rebuilt
971,394.20000000000005,panels/panel_0000971.jpg,3.953,3.953,,manual_panel_read,0,,parsed,
972,394.4,panels/panel_0000972.jpg,3.958,7 3°°958[km]=,40.74,existing,3,3.958|7.395,review,distance_digits_rebuilt
973,394.6,panels/panel_0000973.jpg,3.964,- 3. 964[km],0.0,existing,2,3.964|5.896,review,distance_digits_rebuilt
974,394.8,panels/panel_0000974.jpg,3.969,- “=> -3.969[km]”,0.0,existing,1,3.969,review,distance_digits_rebuilt
975,395.0,panels/panel_0000975.jpg,3.974,3.974[km],44.5,existing,2,3.974,parsed,
976,395.20000000000005,panels/panel_0000976.jpg,3.98,3.980[km],83.2,existing,3,3.980|7.398,parsed,
977,395.4,panels/panel_0000977.jpg,3.985,3.985[km],90.0,existing,2,3.985,parsed,
978,395.6,panels/panel_0000978.jpg,3.99,3.990[ km],89.99,existing,2,3.990,parsed,
979,395.8,panels/panel_0000979.jpg,3.995,3.995[km],83.11,existing,2,3.995,parsed,
980,396.0,panels/panel_0000980.jpg,4.001,4.001[km],64.1,existing,1,4.001,parsed,
981,396.20000000000005,panels/panel_0000981.jpg,4.006,4.006[km],88.39,existing,2,4.006,parsed,
982,396.4,panels/panel_0000982.jpg,4.011,4.011[km],67.69,existing,2,4.011,parsed,
983,396.6,panels/panel_0000983.jpg,4.016,4.016[km],79.44,existing,2,4.016,parsed,
984,396.8,panels/panel_0000984.jpg,4.021,4.021[km],86.39,existing,2,4.021,parsed,
985,397.0,panels/panel_0000985.jpg,4.026,4.026[km],79.69,existing,2,4.026,parsed,
986,397.20000000000005,panels/panel_0000986.jpg,4.031,4.031[km],90.31,existing,2,4.031,parsed,
987,397.4,panels/panel_0000987.jpg,4.036,4.036[km],86.03,existing,2,4.036,parsed,
988,397.6,panels/panel_0000988.jpg,4.042,4.042[km],69.88,existing,2,4.042,parsed,
989,397.8,panels/panel_0000989.jpg,4.047,4.047[(km],20.09,existing,2,4.047,review,distance_digits_rebuilt
990,398.0,panels/panel_0000990.jpg,4.052,4.052[km],90.27,existing,1,4.052,parsed,
991,398.20000000000005,panels/panel_0000991.jpg,4.057,. 4.057[km],5.51,existing,2,4.057,review,distance_digits_rebuilt
992,398.4,panels/panel_0000992.jpg,4.063,4.063[km],88.53,existing,2,4.063,parsed,
993,398.6,panels/panel_0000993.jpg,4.068,4.068[km],86.17,existing,2,4.068,parsed,
994,398.8,panels/panel_0000994.jpg,4.073,4.073 [km],15.15,existing,2,4.073,parsed,
995,399.0,panels/panel_0000995.jpg,4.078,4.078,,manual_panel_read,2,4.507|5.078,parsed,
996,399.20000000000005,panels/panel_0000996.jpg,4.083,4.083[km],84.34,existing,1,4.083,parsed,
997,399.4,panels/panel_0000997.jpg,4.088,4.088 [km],0.0,existing,2,4.088,parsed,
998,399.6,panels/panel_0000998.jpg,4.093,4.093 [km],0.0,existing,1,4.093,parsed,
999,399.8,panels/panel_0000999.jpg,4.097,dl 4 ¥097[ km],7.26,existing,4,1.409|4.097,review,distance_digits_rebuilt
1000,400.0,panels/panel_0001000.jpg,4.102,4.102[km],21.74,existing,2,4.102,parsed,
1001,400.20000000000005,panels/panel_0001001.jpg,4.108,— 4.108[km],10.84,existing,1,4.108,review,distance_digits_rebuilt
1002,400.4,panels/panel_0001002.jpg,4.113,v 4.113[km],61.64,existing,3,4.113|7.411,review,distance_digits_rebuilt
1003,400.6,panels/panel_0001003.jpg,4.118,v 4.118[ km],53.61,existing,2,4.118,review,distance_digits_rebuilt
1004,400.8,panels/panel_0001004.jpg,4.123,4.123[km],55.65,existing,2,4.123,parsed,
1005,401.0,panels/panel_0001005.jpg,4.129,4.129[ km],74.76,existing,2,4.129,parsed,
1006,401.20000000000005,panels/panel_0001006.jpg,4.134,4. 134[ km],64.13,existing,54,0.072|0.243|0.724|1.111|1.112|1.113|1.122|1.132|1.134|1.223|1.328|1.345|2.007|2.233|2.264|2.333|2.434|2.482|2.491|2.647|2.759|2.860|3.226|3.286|3.322|3.339|3.395|3.451|3.452|3.954|4.134|4.345|4.511|4.527|4.572|4.824|4.911|5.111|5.275|5.457|5.720|5.933|6.024|6.511|7.200|7.248|7.593|8.249|8.602|9.113|9.332|9.545,review,distance_digits_rebuilt
1007,401.4,panels/panel_0001007.jpg,4.139,BR 4.139[km],30.15,existing,3,4.139|8.413,review,distance_digits_rebuilt
1008,401.6,panels/panel_0001008.jpg,4.144,4.144,,manual_panel_read,0,,parsed,
1009,401.8,panels/panel_0001009.jpg,4.15,4.150[km],35.29,existing,2,4.150,parsed,
1010,402.0,panels/panel_0001010.jpg,4.155,4.155,,manual_panel_read,2,0.111|5.011,parsed,
1011,402.20000000000005,panels/panel_0001011.jpg,4.16,"4..,160[km]",45.47,existing,2,4.160,review,distance_digits_rebuilt
1012,402.4,panels/panel_0001012.jpg,4.165,4.165[km],82.9,existing,2,4.165,parsed,
1013,402.6,panels/panel_0001013.jpg,4.17,4.170[(km],37.74,existing,1,4.170,review,distance_digits_rebuilt
1014,402.8,panels/panel_0001014.jpg,4.175,4.175(km],76.36,existing,1,4.175,review,distance_digits_rebuilt
1015,403.0,panels/panel_0001015.jpg,4.18,4.180[km],67.63,existing,2,4.180,parsed,
1016,403.20000000000005,panels/panel_0001016.jpg,4.184,4.184[km],80.3,existing,3,1.840|4.184,parsed,
1017,403.4,panels/panel_0001017.jpg,4.188,4.188[km],49.02,existing,2,4.188,parsed,
1018,403.6,panels/panel_0001018.jpg,4.192,4.192[km],44.31,existing,2,4.192,parsed,
1019,403.8,panels/panel_0001019.jpg,4.196,4.196[km],87.76,existing,2,4.196,parsed,
1020,404.0,panels/panel_0001020.jpg,4.2,4.200[km],85.24,existing,3,0.420|4.200,parsed,
1021,404.20000000000005,panels/panel_0001021.jpg,4.205,4.205,,manual_panel_read,1,5.205,parsed,
1022,404.4,panels/panel_0001022.jpg,4.21,— 4.210[ km],0.0,existing,1,4.210,review,distance_digits_rebuilt
1023,404.6,panels/panel_0001023.jpg,4.214,4.214,,manual_panel_read,2,2.141|5.124,parsed,
1024,404.8,panels/panel_0001024.jpg,4.219,oO 4.219[km],0.0,existing,4,0.421|4.219|7.421,review,distance_digits_rebuilt
1025,405.0,panels/panel_0001025.jpg,4.223,4.223[km],77.27,existing,1,4.223,parsed,
1026,405.20000000000005,panels/panel_0001026.jpg,4.228,4.228[km],78.01,existing,2,4.228,parsed,
1027,405.4,panels/panel_0001027.jpg,4.233,4.233[km],76.16,existing,1,4.233,parsed,
1028,405.6,panels/panel_0001028.jpg,4.238,4.238[km],62.68,existing,2,4.238,parsed,
1029,405.8,panels/panel_0001029.jpg,4.243,4.243[km],71.99,existing,1,4.243,parsed,
1030,406.0,panels/panel_0001030.jpg,4.248,4.248[km],64.99,existing,1,4.248,parsed,
1031,406.20000000000005,panels/panel_0001031.jpg,4.253,4.253[km],81.56,existing,1,4.253,parsed,
1032,406.4,panels/panel_0001032.jpg,4.258,4.258[km],69.93,existing,2,4.258,parsed,
1033,406.6,panels/panel_0001033.jpg,4.263,4.263 [km],0.0,existing,1,4.263,parsed,
1034,406.8,panels/panel_0001034.jpg,4.268,4.268[km],83.97,existing,1,4.268,parsed,
1035,407.0,panels/panel_0001035.jpg,4.273,4.273 [km],11.07,existing,1,4.273,parsed,
1036,407.20000000000005,panels/panel_0001036.jpg,4.278,4.278[km],91.01,existing,1,4.278,parsed,
1037,407.4,panels/panel_0001037.jpg,4.283,4.283[km],66.56,existing,1,4.283,parsed,
1038,407.6,panels/panel_0001038.jpg,4.288,4.288[km],87.12,existing,1,4.288,parsed,
1039,407.8,panels/panel_0001039.jpg,4.293,4.293[km],86.52,existing,1,4.293,parsed,
1040,408.0,panels/panel_0001040.jpg,4.298,4.298[km],72.87,existing,2,4.298,parsed,
1041,408.20000000000005,panels/panel_0001041.jpg,4.303,4.303[km],76.69,existing,2,4.303,parsed,
1042,408.4,panels/panel_0001042.jpg,4.307,4.307,,manual_panel_read,1,3.071,parsed,
1043,408.6,panels/panel_0001043.jpg,4.312,4.312,,manual_panel_read,2,4.530|5.302,parsed,
1044,408.8,panels/panel_0001044.jpg,4.316,4.316[km],84.86,existing,2,4.316,parsed,
1045,409.0,panels/panel_0001045.jpg,4.327,- 432710 km],0.0,existing,3,2.710|3.271|4.327,review,distance_digits_rebuilt
1046,409.20000000000005,panels/panel_0001046.jpg,4.326,4.326[km],0.0,existing,2,4.326,review,distance_decreased
1047,409.4,panels/panel_0001047.jpg,4.33,7 4 ny ‘4.33 0[km]),60.0,reocr_light_tight,35,0.511|1.111|1.113|1.132|1.327|2.235|2.359|2.475|2.735|3.001|3.051|3.273|3.305|3.438|3.572|3.595|4.330|4.433|4.752|4.933|5.111|5.223|5.300|5.343|5.433|5.530|5.543|5.724|5.953|7.247|7.357|7.443|7.522|9.330|9.534,review,distance_reocr
1048,409.6,panels/panel_0001048.jpg,4.335,~ 4.335[ km].,4.69,existing,2,4.335,review,distance_digits_rebuilt
1049,409.8,panels/panel_0001049.jpg,4.34,4.34,,manual_panel_read,0,,parsed,
1050,410.0,panels/panel_0001050.jpg,4.345,4.345,,manual_panel_read,2,1.345|3.451,parsed,
1051,410.20000000000005,panels/panel_0001051.jpg,4.35,4.35,,manual_panel_read,0,,parsed,
1052,410.4,panels/panel_0001052.jpg,4.334,ee elt 2 354 3 34 [.km ] a,19.31,existing,5,1.235|2.354|3.543|4.334|5.433,review,distance_digits_rebuilt;distance_decreased
1053,410.6,panels/panel_0001053.jpg,4.359,4.359,,manual_panel_read,2,4.359,parsed,
1054,410.8,panels/panel_0001054.jpg,4.364,4.364[km],80.09,existing,2,4.364,parsed,
1055,411.0,panels/panel_0001055.jpg,4.369,4.369[km],89.49,existing,2,4.369,parsed,
1056,411.20000000000005,panels/panel_0001056.jpg,4.374,4.374[km],70.27,existing,2,4.374,parsed,
1057,411.4,panels/panel_0001057.jpg,4.378,~~ 4.378[km],32.61,existing,2,4.378|7.378,review,distance_digits_rebuilt
1058,411.6,panels/panel_0001058.jpg,4.383,~—6« 4.383 [km],0.76,existing,5,3.383|3.835|4.383|5.338|6.438,review,distance_digits_rebuilt
1059,411.8,panels/panel_0001059.jpg,4.388,4.388[km],44.91,existing,2,4.388,parsed,
1060,412.0,panels/panel_0001060.jpg,4.393,4.393[km],74.17,existing,1,4.393,parsed,
1061,412.20000000000005,panels/panel_0001061.jpg,4.398,4.398[km],82.31,existing,4,0.043|0.439|4.398,parsed,
1062,412.4,panels/panel_0001062.jpg,4.404,4.404[km],85.51,existing,2,4.404,parsed,
1063,412.6,panels/panel_0001063.jpg,4.409,"4, 409[ km]",28.67,existing,1,4.409,review,distance_digits_rebuilt
1064,412.8,panels/panel_0001064.jpg,4.414,- 4.414[km],0.0,existing,2,4.414,review,distance_digits_rebuilt
1065,413.0,panels/panel_0001065.jpg,4.419,4.419[km],86.38,existing,1,4.419,parsed,
1066,413.20000000000005,panels/panel_0001066.jpg,4.424,4.424[km],65.99,existing,2,4.424,parsed,
1067,413.4,panels/panel_0001067.jpg,4.429,4.429[km],82.65,existing,2,4.429,parsed,
1068,413.6,panels/panel_0001068.jpg,4.434,4.434[km],81.28,existing,2,4.434,parsed,
1069,413.8,panels/panel_0001069.jpg,4.439,4.439[km],88.12,existing,1,4.439,parsed,
1070,414.0,panels/panel_0001070.jpg,4.444,4. 444[ km],76.74,existing,3,4.444|7.444,review,distance_digits_rebuilt
1071,414.20000000000005,panels/panel_0001071.jpg,4.449,4.449[km],83.58,existing,2,4.449,parsed,
1072,414.4,panels/panel_0001072.jpg,4.453,4.453[km],64.3,existing,2,4.453,parsed,
1073,414.6,panels/panel_0001073.jpg,4.458,4.458[km],87.0,existing,2,4.458,parsed,
1074,414.8,panels/panel_0001074.jpg,4.463,4.463 [km],0.7,existing,2,4.463,parsed,
1075,415.0,panels/panel_0001075.jpg,4.467,4.467[km],53.94,existing,2,4.467,parsed,
1076,415.20000000000005,panels/panel_0001076.jpg,4.472,"oo 4.472, km]",1.56,existing,2,4.472,review,distance_digits_rebuilt
1077,415.4,panels/panel_0001077.jpg,4.476,4.476[km],84.25,existing,2,4.476,parsed,
1078,415.6,panels/panel_0001078.jpg,4.481,4.481[km],73.04,existing,3,4.481|5.448,parsed,
1079,415.8,panels/panel_0001079.jpg,4.485,i 4.485[km],0.0,existing,1,4.485,review,distance_digits_rebuilt
1080,416.0,panels/panel_0001080.jpg,4.49, 4.490[km],0.0,existing,2,4.490,parsed,
1081,416.20000000000005,panels/panel_0001081.jpg,4.495,4.495[km],65.09,existing,2,4.495,parsed,
1082,416.4,panels/panel_0001082.jpg,4.5,4.500[km],91.39,existing,2,4.500,parsed,
1083,416.6,panels/panel_0001083.jpg,4.505,4.505[km],88.63,existing,2,4.505,parsed,
1084,416.8,panels/panel_0001084.jpg,4.51,4.510[km],67.18,existing,2,4.510,parsed,
1085,417.0,panels/panel_0001085.jpg,4.514,4.514[km],86.35,existing,2,4.514,parsed,
1086,417.20000000000005,panels/panel_0001086.jpg,4.519,4.519[km],89.36,existing,2,4.519,parsed,
1087,417.4,panels/panel_0001087.jpg,4.523,4.523[km],71.9,existing,2,4.523,parsed,
1088,417.6,panels/panel_0001088.jpg,4.527,4.527[km],76.98,existing,2,4.527,parsed,
1089,417.8,panels/panel_0001089.jpg,4.532,4.532[km],62.42,existing,2,4.532,parsed,
1090,418.0,panels/panel_0001090.jpg,4.536,4 536[ km],5.23,existing,2,4.536|8.536,review,distance_digits_rebuilt
1091,418.20000000000005,panels/panel_0001091.jpg,4.541,4.541,,manual_panel_read,0,,parsed,
1092,418.4,panels/panel_0001092.jpg,4.546,4.546[km],90.38,existing,2,4.546,parsed,
1093,418.6,panels/panel_0001093.jpg,4.551,4.551[km],51.25,existing,2,4.551,parsed,
1094,418.8,panels/panel_0001094.jpg,4.556,4.556[km],90.72,existing,2,4.556,parsed,
1095,419.0,panels/panel_0001095.jpg,4.56,P4560 i(k],60.0,reocr_light_tight,6,0.560|1.560|4.560|4.756|5.601|7.560,review,distance_reocr
1096,419.20000000000005,panels/panel_0001096.jpg,4.564,| —  __ -4=564E-km]-,0.0,existing,2,4.564,review,distance_digits_rebuilt
1097,419.4,panels/panel_0001097.jpg,4.569,"~ 4, 569[ km]",24.44,existing,1,4.569,review,distance_digits_rebuilt
1098,419.6,panels/panel_0001098.jpg,4.573,4-573 [- km ]-,32.63,existing,1,4.573,review,distance_digits_rebuilt
1099,419.8,panels/panel_0001099.jpg,4.577,=e 4 57.7..km]-~,4.84,existing,1,4.577,review,distance_digits_rebuilt
1100,420.0,panels/panel_0001100.jpg,4.582,4-5 82)-km]-,0.0,existing,2,4.582,review,distance_digits_rebuilt
1101,420.20000000000005,panels/panel_0001101.jpg,4.586,4.586,,manual_panel_read,0,,parsed,
1102,420.4,panels/panel_0001102.jpg,4.59,4.59,,manual_panel_read,1,5.901,parsed,
1103,420.6,panels/panel_0001103.jpg,4.594,4.594,,manual_panel_read,2,5.941|8.594,parsed,
1104,420.8,panels/panel_0001104.jpg,4.598,"a ; — 4,.598[km]",0.0,existing,2,4.598,review,distance_digits_rebuilt
1105,421.0,panels/panel_0001105.jpg,4.602,4.602[km],87.29,existing,2,4.602,parsed,
1106,421.20000000000005,panels/panel_0001106.jpg,4.607,"= — 4,607[ km]",44.23,existing,2,4.607,review,distance_digits_rebuilt
1107,421.4,panels/panel_0001107.jpg,4.616,—eemmeee 4G 1611((kim |p,60.0,reocr_dark_tight,3,1.611|4.616|6.161,review,distance_reocr
1108,421.6,panels/panel_0001108.jpg,4.616,—$——— == 4-616[km] |,0.0,existing,3,4.616|4.761|7.616,review,distance_digits_rebuilt
1109,421.8,panels/panel_0001109.jpg,4.62,4.62,,manual_panel_read,3,4.476|4.762|7.620,parsed,
1110,422.0,panels/panel_0001110.jpg,4.625,"~~ 4,625[ km]",0.0,existing,3,4.625|4.762|7.625,review,distance_digits_rebuilt
1111,422.20000000000005,panels/panel_0001111.jpg,4.629,aN 4629 (km),60.0,reocr_light_loose,2,4.629|8.629,review,distance_reocr
1112,422.4,panels/panel_0001112.jpg,4.634,4.634[km],51.83,existing,2,4.634,parsed,
1113,422.6,panels/panel_0001113.jpg,4.639,4.639[km],62.98,existing,2,4.639,parsed,
1114,422.8,panels/panel_0001114.jpg,4.643,4.643 [km],88.92,existing,2,4.643,parsed,
1115,423.0,panels/panel_0001115.jpg,4.648,4.648[km],86.59,existing,1,4.648,parsed,
1116,423.20000000000005,panels/panel_0001116.jpg,4.653,4.653[km],77.73,existing,1,4.653,parsed,
1117,423.4,panels/panel_0001117.jpg,4.658,4.658[km],73.9,existing,2,4.658,parsed,
1118,423.6,panels/panel_0001118.jpg,4.663,4.663[km],75.4,existing,1,4.663,parsed,
1119,423.8,panels/panel_0001119.jpg,4.668,_— _ _ 4.668[km]_,9.71,existing,1,4.668,review,distance_digits_rebuilt
1120,424.0,panels/panel_0001120.jpg,4.673,; — ‘4.673[' km].,0.0,existing,1,4.673,review,distance_digits_rebuilt
1121,424.20000000000005,panels/panel_0001121.jpg,4.677,~ 4-677 E kn],0.0,existing,1,4.677,review,distance_digits_rebuilt
1122,424.4,panels/panel_0001122.jpg,4.682, 4.682[km],0.0,existing,2,4.682,parsed,
1123,424.6,panels/panel_0001123.jpg,4.687,= — 4.687[km],30.39,existing,2,4.687,review,distance_digits_rebuilt
1124,424.8,panels/panel_0001124.jpg,4.691,"_ yy 4,691[ km]",15.78,existing,1,4.691,review,distance_digits_rebuilt
1125,425.0,panels/panel_0001125.jpg,4.696,4.696,,manual_panel_read,2,4.969|9.696,parsed,
1126,425.20000000000005,panels/panel_0001126.jpg,4.7,4.7,,manual_panel_read,2,3.700|4.370,parsed,
1127,425.4,panels/panel_0001127.jpg,4.705,4.705,,manual_panel_read,1,2.705,parsed,
1128,425.6,panels/panel_0001128.jpg,4.71,_s 4-7 10 [ kim] -,0.0,existing,2,4.710,review,distance_digits_rebuilt
1129,425.8,panels/panel_0001129.jpg,4.714,oo 4 7140 km],0.0,existing,2,4.714|7.140,review,distance_digits_rebuilt
1130,426.0,panels/panel_0001130.jpg,4.719,4 719 km],31.73,existing,1,4.719,review,distance_digits_rebuilt
1131,426.20000000000005,panels/panel_0001131.jpg,4.725,4.725,,manual_panel_read,1,2.725,parsed,
1132,426.4,panels/panel_0001132.jpg,4.73,"— — —. 4.730['km]""",30.93,existing,27,0.205|0.511|0.538|1.111|1.112|1.122|1.227|2.053|2.273|2.597|2.735|3.051|3.595|3.842|4.259|4.730|5.111|5.384|5.580|5.802|5.955|5.976|7.305|7.359|8.020|8.425|9.558,review,distance_digits_rebuilt
1133,426.6,panels/panel_0001133.jpg,4.735,ad 4..735[km],0.0,existing,1,4.735,review,distance_digits_rebuilt
1134,426.8,panels/panel_0001134.jpg,4.74,eee 4740 (\km).,0.0,existing,1,4.740,review,distance_digits_rebuilt
1135,427.0,panels/panel_0001135.jpg,4.745,4.745,,manual_panel_read,1,5.175,parsed,
1136,427.20000000000005,panels/panel_0001136.jpg,4.75,4.750[km],71.49,existing,2,4.750|7.750,parsed,
1137,427.4,panels/panel_0001137.jpg,4.756,4.756[km],86.58,existing,2,4.756,parsed,
1138,427.6,panels/panel_0001138.jpg,4.761,4.761[km],61.45,existing,1,4.761,parsed,
1139,427.8,panels/panel_0001139.jpg,4.766,4.766[km],74.07,existing,1,4.766,parsed,
1140,428.0,panels/panel_0001140.jpg,4.771,4.771:[\km]:,0.0,existing,1,4.771,review,distance_digits_rebuilt
1141,428.20000000000005,panels/panel_0001141.jpg,4.776,"«PRRs 4 776, ] |",60.0,reocr_light_tight,2,4.776|5.776,review,distance_reocr
1142,428.4,panels/panel_0001142.jpg,4.781,4.781[ km],79.97,existing,1,4.781,parsed,
1143,428.6,panels/panel_0001143.jpg,4.786,4.786[km],75.86,existing,2,4.786,parsed,
1144,428.8,panels/panel_0001144.jpg,4.791,4.791[(km],42.73,existing,2,4.791,review,distance_digits_rebuilt
1145,429.0,panels/panel_0001145.jpg,4.796,4.796[km],73.99,existing,2,4.796,parsed,
1146,429.20000000000005,panels/panel_0001146.jpg,4.801,4.801[km],74.3,existing,2,4.801,parsed,
1147,429.4,panels/panel_0001147.jpg,4.805,4.805,,manual_panel_read,4,1.805|2.505|9.180|9.805,parsed,
1148,429.6,panels/panel_0001148.jpg,4.81,4.81,,manual_panel_read,2,4.881|8.810,parsed,
1149,429.8,panels/panel_0001149.jpg,4.814,4.814,,manual_panel_read,2,1.381|3.814,parsed,
1150,430.0,panels/panel_0001150.jpg,4.819,4.819,,manual_panel_read,1,5.819,parsed,
1151,430.20000000000005,panels/panel_0001151.jpg,4.824,4.824,,manual_panel_read,1,5.241,parsed,
1152,430.4,panels/panel_0001152.jpg,4.829,— 4. 829 km],13.3,existing,1,4.829,review,distance_digits_rebuilt
1153,430.6,panels/panel_0001153.jpg,4.834,ae 4834 (kn)e,60.0,reocr_dark_tight,2,4.834|8.341,review,distance_reocr
1154,430.8,panels/panel_0001154.jpg,4.839,4.839,,manual_panel_read,1,0.839,parsed,
1155,431.0,panels/panel_0001155.jpg,4.844,4. 844. km],0.0,existing,3,4.844|5.586|5.868,review,distance_digits_rebuilt
1156,431.20000000000005,panels/panel_0001156.jpg,4.849,Same 4 :(849)(km]|,60.0,reocr_light_tight,5,4.584|4.849|5.484|5.849|7.458,review,distance_reocr
1157,431.4,panels/panel_0001157.jpg,4.853,4.853[km],87.87,existing,1,4.853,parsed,
1158,431.6,panels/panel_0001158.jpg,4.858,4.858[km],75.51,existing,2,4.858,parsed,
1159,431.8,panels/panel_0001159.jpg,4.863,4.863[km],87.3,existing,2,4.863,parsed,
1160,432.0,panels/panel_0001160.jpg,4.868,4.868[km],84.03,existing,2,4.868,parsed,
1161,432.20000000000005,panels/panel_0001161.jpg,4.873,| | 4.873 [km],0.0,existing,1,4.873,review,distance_digits_rebuilt
1162,432.4,panels/panel_0001162.jpg,4.878,4.878[km],83.1,existing,1,4.878,parsed,
1163,432.6,panels/panel_0001163.jpg,4.882,4.882[km],89.19,existing,2,4.882,parsed,
1164,432.8,panels/panel_0001164.jpg,4.887,4.887[km],71.25,existing,2,4.887,parsed,
1165,433.0,panels/panel_0001165.jpg,4.892,4.892[km],88.71,existing,2,4.892,parsed,
1166,433.20000000000005,panels/panel_0001166.jpg,4.897,4.897[km],46.71,existing,2,4.897,parsed,
1167,433.4,panels/panel_0001167.jpg,4.902,4.902[km],87.67,existing,2,4.902,parsed,
1168,433.6,panels/panel_0001168.jpg,4.907,4 .907[km],34.08,existing,3,4.790|4.907|7.907,review,distance_digits_rebuilt
1169,433.8,panels/panel_0001169.jpg,4.911,4.911[km],67.04,existing,2,4.911,parsed,
1170,434.0,panels/panel_0001170.jpg,4.916,4.916[km],85.61,existing,2,4.916,parsed,
1171,434.20000000000005,panels/panel_0001171.jpg,4.92,4.920[km],85.01,existing,2,4.920,parsed,
1172,434.4,panels/panel_0001172.jpg,4.925,4.925[km],78.04,existing,2,4.925,parsed,
1173,434.6,panels/panel_0001173.jpg,4.929,a 4.929[km],2.06,existing,1,4.929,review,distance_digits_rebuilt
1174,434.8,panels/panel_0001174.jpg,4.933,4 933 [km],0.0,existing,1,4.933,review,distance_digits_rebuilt
1175,435.0,panels/panel_0001175.jpg,4.938,4.938[km],47.66,existing,1,4.938,parsed,
1176,435.20000000000005,panels/panel_0001176.jpg,4.942,4.942,,manual_panel_read,2,4.982|9.462,parsed,
1177,435.4,panels/panel_0001177.jpg,4.946,4. 946[ km].,52.18,existing,1,4.946,review,distance_digits_rebuilt
1178,435.6,panels/panel_0001178.jpg,4.951,4.951,,manual_panel_read,0,,parsed,
1179,435.8,panels/panel_0001179.jpg,4.955,4 955[km],25.91,existing,1,4.955,review,distance_digits_rebuilt
1180,436.0,panels/panel_0001180.jpg,4.96,So 4. 960[km],0.0,existing,2,4.960|5.496,review,distance_digits_rebuilt
1181,436.20000000000005,panels/panel_0001181.jpg,4.964,4.964,,manual_panel_read,1,9.641,parsed,
1182,436.4,panels/panel_0001182.jpg,4.969,4.969[km],80.66,existing,2,4.969,parsed,
1183,436.6,panels/panel_0001183.jpg,4.973,4.973,,manual_panel_read,0,,parsed,
1184,436.8,panels/panel_0001184.jpg,4.978,4.978,,manual_panel_read,3,1.978|4.719|7.197,parsed,
1185,437.0,panels/panel_0001185.jpg,4.982,7 4.982[km],29.65,existing,2,4.982|7.498,review,distance_digits_rebuilt
1186,437.20000000000005,panels/panel_0001186.jpg,4.987,4.987,,manual_panel_read,2,5.987|9.870,parsed,
1187,437.4,panels/panel_0001187.jpg,4.997,"4, 997 [km]",10.87,existing,1,4.997,review,distance_digits_rebuilt
1188,437.6,panels/panel_0001188.jpg,4.996,4.996[km],63.68,existing,1,4.996,review,distance_decreased
1189,437.8,panels/panel_0001189.jpg,5.0,5.000[km],71.8,existing,1,5.000,parsed,
1190,438.0,panels/panel_0001190.jpg,5.005,5.005[km],71.41,existing,1,5.005,parsed,
1191,438.20000000000005,panels/panel_0001191.jpg,5.009,5 .009[ km],61.63,existing,2,5.009|8.000,review,distance_digits_rebuilt
1192,438.4,panels/panel_0001192.jpg,5.014,S.014[km],55.39,existing,1,5.014,parsed,
1193,438.6,panels/panel_0001193.jpg,5.018,; 5.018[km],20.35,existing,1,5.018,review,distance_digits_rebuilt
1194,438.8,panels/panel_0001194.jpg,5.023,55023)”,0.0,existing,3,5.023|5.502|8.023,review,distance_digits_rebuilt
1195,439.0,panels/panel_0001195.jpg,5.027,5027: km]-,0.0,existing,1,5.027,review,distance_digits_rebuilt
1196,439.20000000000005,panels/panel_0001196.jpg,5.031,5'..03'1'['km],32.34,existing,1,5.031,review,distance_digits_rebuilt
1197,439.4,panels/panel_0001197.jpg,5.036,yO 5.036[km],9.72,existing,2,0.503|5.036,review,distance_digits_rebuilt
1198,439.6,panels/panel_0001198.jpg,5.04,5.040[km],69.43,existing,1,5.040,parsed,
1199,439.8,panels/panel_0001199.jpg,5.044,«5.044 [km],32.17,existing,1,5.044,review,distance_digits_rebuilt
1200,440.0,panels/panel_0001200.jpg,5.048,re 5'.048[ km],0.0,existing,3,0.504|5.048,review,distance_digits_rebuilt
1201,440.20000000000005,panels/panel_0001201.jpg,5.053,| 5 .053[km],39.82,existing,1,5.053,review,distance_digits_rebuilt
1202,440.4,panels/panel_0001202.jpg,5.057,S.057[km],29.67,existing,1,5.057,parsed,
1203,440.6,panels/panel_0001203.jpg,5.062,5.062[km],82.76,existing,1,5.062,parsed,
1204,440.8,panels/panel_0001204.jpg,5.066,S .066[km],42.12,existing,1,5.066,review,distance_digits_rebuilt
1205,441.0,panels/panel_0001205.jpg,5.07,5 .070[ km],57.8,existing,2,5.070|7.070,review,distance_digits_rebuilt
1206,441.20000000000005,panels/panel_0001206.jpg,5.075,a ~5.075[km],0.0,existing,1,5.075,review,distance_digits_rebuilt
1207,441.4,panels/panel_0001207.jpg,5.079,5.079[km] |,36.23,existing,2,5.079,review,distance_digits_rebuilt
1208,441.6,panels/panel_0001208.jpg,5.083,"5
5	1	1	1	1	2	2258	30	417	230	44.302185	083
5	1	1	1	1	3	2872	26	433	273	71.156296	km]
",0.0,existing,53,0.218|0.417|0.443|0.835|1.111|1.112|1.113|1.122|1.132|1.156|1.222|1.328|1.562|1.723|1.850|2.185|2.225|2.258|2.264|2.304|2.583|2.643|2.737|2.872|3.021|3.041|3.044|3.273|3.287|3.327|3.511|3.711|4.172|4.302|4.332|4.430|5.083|5.111|5.511|5.629|5.830|6.296|6.433|7.115|7.226|7.230|7.371|8.304|8.351|8.508|8.722,review,distance_digits_rebuilt
1209,441.8,panels/panel_0001209.jpg,5.088,~ — 5.088[km],14.03,existing,1,5.088,review,distance_digits_rebuilt
1210,442.0,panels/panel_0001210.jpg,5.092,— > 5 092 km],0.0,existing,2,5.092,review,distance_digits_rebuilt
1211,442.20000000000005,panels/panel_0001211.jpg,5.096,5 096[ kil],13.45,existing,4,0.961|5.096|5.709|7.096,review,distance_digits_rebuilt
1212,442.4,panels/panel_0001212.jpg,5.1,BRE S100 [km],60.0,reocr_light,5,5.100|5.500|5.710|7.100|8.510,review,distance_reocr
1213,442.6,panels/panel_0001213.jpg,5.104,"~— 5, 104[ km]",28.0,existing,1,5.104,review,distance_digits_rebuilt
1214,442.8,panels/panel_0001214.jpg,5.108,- 5 108[ km],14.43,existing,1,5.108,review,distance_digits_rebuilt
1215,443.0,panels/panel_0001215.jpg,5.113,5.113,,manual_panel_read,3,5.591|5.913|8.559,parsed,
1216,443.20000000000005,panels/panel_0001216.jpg,5.117,5.117,,manual_panel_read,0,,parsed,
1217,443.4,panels/panel_0001217.jpg,5.122,5.122,,manual_panel_read,9,1.227|4.220|5.422|5.557|5.571|5.712|7.122|7.555|8.542,parsed,
1218,443.6,panels/panel_0001218.jpg,5.126,Mae S126 (km),60.0,reocr_light_loose,5,5.126|5.712|7.126|7.571,review,distance_reocr
1219,443.8,panels/panel_0001219.jpg,5.13,ee S130 (km),60.0,reocr_light_loose,4,0.130|4.130|5.130|5.413,review,distance_reocr
1220,444.0,panels/panel_0001220.jpg,5.135,5.135,,manual_panel_read,2,5.035|8.503,parsed,
1221,444.20000000000005,panels/panel_0001221.jpg,5.139,5.139,,manual_panel_read,1,5.390,parsed,
1222,444.4,panels/panel_0001222.jpg,5.144,5.144,,manual_panel_read,3,7.746|7.774|7.777,parsed,
1223,444.6,panels/panel_0001223.jpg,5.148,5.148[km],74.24,existing,2,5.148,parsed,
1224,444.8,panels/panel_0001224.jpg,5.153,5.153[km],48.73,existing,2,5.153,parsed,
1225,445.0,panels/panel_0001225.jpg,5.157,S.157[ km],27.84,existing,2,5.157,parsed,
1226,445.20000000000005,panels/panel_0001226.jpg,5.162,S.162[km],19.07,existing,2,5.162,parsed,
1227,445.4,panels/panel_0001227.jpg,5.167,S.167[km],36.64,existing,2,5.167,parsed,
1228,445.6,panels/panel_0001228.jpg,5.171,5.171[ km],53.74,existing,2,5.171,parsed,
1229,445.8,panels/panel_0001229.jpg,5.176,S.176[ km],67.32,existing,2,5.176,parsed,
1230,446.0,panels/panel_0001230.jpg,5.181,aie 5i181([km],0.0,existing,3,5.181|5.918|9.181,review,distance_digits_rebuilt
1231,446.20000000000005,panels/panel_0001231.jpg,5.185,nines 5 :-y1 8 5j[\km]p,0.0,existing,1,5.185,review,distance_digits_rebuilt
1232,446.4,panels/panel_0001232.jpg,5.19,oy en eet 5190 (km]5,0.04,existing,1,5.190,review,distance_digits_rebuilt
1233,446.6,panels/panel_0001233.jpg,5.195,"eee ae 951,95) [iki |",0.0,existing,2,5.195|9.519,review,distance_digits_rebuilt
1234,446.8,panels/panel_0001234.jpg,5.2,5.2,,manual_panel_read,0,,parsed,
1235,447.0,panels/panel_0001235.jpg,5.204,5.204[km],87.11,existing,3,5.204|7.520,parsed,
1236,447.20000000000005,panels/panel_0001236.jpg,5.209,5.209[km],57.28,existing,2,5.209,parsed,
1237,447.4,panels/panel_0001237.jpg,5.213,5.213,,manual_panel_read,0,,parsed,
1238,447.6,panels/panel_0001238.jpg,5.218,5.218[ km],75.96,existing,3,1.780|2.178|5.218,parsed,
1239,447.8,panels/panel_0001239.jpg,5.222,5.222|[km],59.68,existing,2,5.222,review,distance_digits_rebuilt
1240,448.0,panels/panel_0001240.jpg,5.227,aS 227 [km],5.93,existing,1,5.227,review,distance_digits_rebuilt
1241,448.20000000000005,panels/panel_0001241.jpg,5.231,5 231-6 -,26.76,existing,3,2.316|5.231,review,distance_digits_rebuilt
1242,448.4,panels/panel_0001242.jpg,5.235,5.235[km],59.18,existing,2,5.235,parsed,
1243,448.6,panels/panel_0001243.jpg,5.24,5 .240[km],24.86,existing,2,5.240,review,distance_digits_rebuilt
1244,448.8,panels/panel_0001244.jpg,5.244,5. 244[km],15.02,existing,1,5.244,review,distance_digits_rebuilt
1245,449.0,panels/panel_0001245.jpg,5.249,"eile raitittee, 5:i2 49,[,km]",0.0,existing,2,1.524|5.249,review,distance_digits_rebuilt
1246,449.20000000000005,panels/panel_0001246.jpg,5.254,5.254[ km],76.81,existing,1,5.254,parsed,
1247,449.4,panels/panel_0001247.jpg,5.258,MEPS. 258 kn);,60.0,reocr_dark_tight,3,5.258|5.825|8.258,review,distance_reocr
1248,449.6,panels/panel_0001248.jpg,5.263,Bei S 2 6 3\((km)],60.0,reocr_light_loose,3,2.631|5.263|8.526,review,distance_reocr
1249,449.8,panels/panel_0001249.jpg,5.268,5 .268[km],55.6,existing,2,5.268,review,distance_digits_rebuilt
1250,450.0,panels/panel_0001250.jpg,5.272,5.272|[km],6.02,existing,2,5.272,review,distance_digits_rebuilt
1251,450.20000000000005,panels/panel_0001251.jpg,5.277,52 7g7likmn | F,60.0,reocr_light_tight,5,2.771|4.777|5.277|7.477|7.771,review,distance_reocr
1252,450.4,panels/panel_0001252.jpg,5.281,_— 5.281 Ckm],0.0,existing,2,5.281|55.281,review,distance_digits_rebuilt
1253,450.6,panels/panel_0001253.jpg,5.285,5.285[km],64.3,existing,1,5.285,parsed,
1254,450.8,panels/panel_0001254.jpg,5.289,5.289[km],85.93,existing,2,5.289,parsed,
1255,451.0,panels/panel_0001255.jpg,5.294,5 .294[km],23.35,existing,2,5.294,review,distance_digits_rebuilt
1256,451.20000000000005,panels/panel_0001256.jpg,5.298,5.298[km],61.77,existing,2,5.298,parsed,
1257,451.4,panels/panel_0001257.jpg,5.303,5 .303[km],73.1,existing,2,5.303,review,distance_digits_rebuilt
1258,451.6,panels/panel_0001258.jpg,5.307,5 .307[km],67.16,existing,2,5.307,review,distance_digits_rebuilt
1259,451.8,panels/panel_0001259.jpg,5.311,5.311[ km],76.44,existing,2,5.311,parsed,
1260,452.0,panels/panel_0001260.jpg,5.316,5.316[ km],73.55,existing,2,5.316,parsed,
1261,452.20000000000005,panels/panel_0001261.jpg,5.32,5 .320[ km],71.6,existing,2,5.320,review,distance_digits_rebuilt
1262,452.4,panels/panel_0001262.jpg,5.325,5.325[km],79.59,existing,2,5.325,parsed,
1263,452.6,panels/panel_0001263.jpg,5.329,5 .329[km],69.58,existing,2,5.329,review,distance_digits_rebuilt
1264,452.8,panels/panel_0001264.jpg,5.334,5.334[km],78.24,existing,2,5.334,parsed,
1265,453.0,panels/panel_0001265.jpg,5.339,5 .339[km],71.69,existing,2,5.339,review,distance_digits_rebuilt
1266,453.20000000000005,panels/panel_0001266.jpg,5.344,5 .344[km],66.32,existing,2,5.344,review,distance_digits_rebuilt
1267,453.4,panels/panel_0001267.jpg,5.349,5 .349[km],64.77,existing,2,5.349,review,distance_digits_rebuilt
1268,453.6,panels/panel_0001268.jpg,5.354,5.354[km],70.15,existing,2,5.354,parsed,
1269,453.8,panels/panel_0001269.jpg,5.359,5.359[km],65.13,existing,2,5.359,parsed,
1270,454.0,panels/panel_0001270.jpg,5.363,5 .363[km],71.74,existing,2,5.363,review,distance_digits_rebuilt
1271,454.20000000000005,panels/panel_0001271.jpg,5.367,5 .367[km],58.45,existing,2,5.367,review,distance_digits_rebuilt
1272,454.4,panels/panel_0001272.jpg,5.371,5.371[ km],74.86,existing,2,5.371,parsed,
1273,454.6,panels/panel_0001273.jpg,5.376,5.376[km],73.45,existing,2,5.376,parsed,
1274,454.8,panels/panel_0001274.jpg,5.38,5 .380[ km],25.51,existing,2,5.380,review,distance_digits_rebuilt
1275,455.0,panels/panel_0001275.jpg,5.384,5.384[km],75.64,existing,2,5.384,parsed,
1276,455.20000000000005,panels/panel_0001276.jpg,5.388,5.388[km],81.65,existing,2,5.388,parsed,
1277,455.4,panels/panel_0001277.jpg,5.392,— 5 .392[km],0.0,existing,1,5.392,review,distance_digits_rebuilt
1278,455.6,panels/panel_0001278.jpg,5.396,- o. 5S .396[km],0.0,existing,2,5.396|5.539,review,distance_digits_rebuilt
1279,455.8,panels/panel_0001279.jpg,5.4,5-400 [km].,0.0,existing,1,5.400,review,distance_digits_rebuilt
1280,456.0,panels/panel_0001280.jpg,5.404,"———-_ eS. 404, km]",3.74,existing,3,0.540|5.404,review,distance_digits_rebuilt
1281,456.2,panels/panel_0001281.jpg,5.408,"5, 408 [. km ]-",42.4,existing,3,1.540|5.408,review,distance_digits_rebuilt
1282,456.40000000000003,panels/panel_0001282.jpg,5.412,= S... 412.) -,5.13,existing,1,5.412,review,distance_digits_rebuilt
1283,456.6,panels/panel_0001283.jpg,5.416,— 5S .416[km]-,32.31,existing,3,5.416|5.541,review,distance_digits_rebuilt
1284,456.8,panels/panel_0001284.jpg,5.42,= ~ = 5.420[km]-,32.58,existing,2,5.420,review,distance_digits_rebuilt
1285,457.0,panels/panel_0001285.jpg,5.424,a 5. 424[km],12.34,existing,2,5.424,review,distance_digits_rebuilt
1286,457.2,panels/panel_0001286.jpg,5.428,5.428[km],67.42,existing,2,5.428,parsed,
1287,457.40000000000003,panels/panel_0001287.jpg,5.432,_5.432[km],64.6,existing,1,5.432,review,distance_digits_rebuilt
1288,457.6,panels/panel_0001288.jpg,5.437,wee 5 .437[km],0.0,existing,1,5.437,review,distance_digits_rebuilt
1289,457.8,panels/panel_0001289.jpg,5.441,| 5 .441[ km],45.12,existing,1,5.441,review,distance_digits_rebuilt
1290,458.0,panels/panel_0001290.jpg,5.445,5.445 [km],0.0,existing,2,5.445,parsed,
1291,458.2,panels/panel_0001291.jpg,5.449,5.449[km],75.64,existing,2,5.449,parsed,
1292,458.40000000000003,panels/panel_0001292.jpg,5.458,c_ _ 5.458 (eel,60.0,reocr_light_far,2,4.581|5.458,review,distance_reocr
1293,458.6,panels/panel_0001293.jpg,5.457,~_-5.457[km],0.0,existing,1,5.457,review,distance_digits_rebuilt;distance_decreased
1294,458.8,panels/panel_0001294.jpg,5.461,7 ——= 5. 461[ km],0.0,existing,3,5.461|7.546,review,distance_digits_rebuilt
1295,459.0,panels/panel_0001295.jpg,5.465,5.465 [km],20.7,existing,3,5.465|5.746|7.465,parsed,
1296,459.2,panels/panel_0001296.jpg,5.469,dS 469[ km],10.76,existing,3,5.469|7.546,review,distance_digits_rebuilt
1297,459.40000000000003,panels/panel_0001297.jpg,5.473,5.473 [km],0.0,existing,2,5.473,parsed,
1298,459.6,panels/panel_0001298.jpg,5.477,5 .477[km],66.61,existing,3,5.477|5.547,review,distance_digits_rebuilt
1299,459.8,panels/panel_0001299.jpg,5.481,5S .481[ km],37.41,existing,3,5.481|5.548|55.481,review,distance_digits_rebuilt
1300,460.0,panels/panel_0001300.jpg,5.484,a 5. 484[km],0.0,existing,2,5.484,review,distance_digits_rebuilt
1301,460.2,panels/panel_0001301.jpg,5.488,5.488[km],72.92,existing,2,5.488,parsed,
1302,460.40000000000003,panels/panel_0001302.jpg,5.492,| 5.492[km],47.16,existing,2,5.492,review,distance_digits_rebuilt
1303,460.6,panels/panel_0001303.jpg,5.495,ed S495)((km)],60.0,reocr_dark,2,5.495|8.549,review,distance_reocr
1304,460.8,panels/panel_0001304.jpg,5.499,5.499,,manual_panel_read,0,,parsed,
1305,461.0,panels/panel_0001305.jpg,5.503,5.503[km],58.8,existing,2,5.503,parsed,
1306,461.2,panels/panel_0001306.jpg,5.506,5.506,,manual_panel_read,1,0.506,parsed,
1307,461.40000000000003,panels/panel_0001307.jpg,5.51,5.510[km],15.04,existing,2,5.510,parsed,
1308,461.6,panels/panel_0001308.jpg,5.513,5.513 [ km],0.0,existing,2,5.513,parsed,
1309,461.8,panels/panel_0001309.jpg,5.516,5.516[km],70.82,existing,1,5.516,parsed,
1310,462.0,panels/panel_0001310.jpg,5.52,SAS 20 [km],60.0,reocr_light_loose,2,5.520|8.520,review,distance_reocr
1311,462.2,panels/panel_0001311.jpg,5.524,5.524[ km].,18.11,existing,1,5.524,review,distance_digits_rebuilt
1312,462.40000000000003,panels/panel_0001312.jpg,5.527,5.527[km],69.19,existing,3,5.527|7.552,parsed,
1313,462.6,panels/panel_0001313.jpg,5.531,5.531[ km],78.11,existing,2,5.531,parsed,
1314,462.8,panels/panel_0001314.jpg,5.535,5.535[km],66.82,existing,1,5.535,parsed,
1315,463.0,panels/panel_0001315.jpg,5.539,7 5.539[km],40.65,existing,2,5.539|7.553,review,distance_digits_rebuilt
1316,463.2,panels/panel_0001316.jpg,5.542,5.542[km],73.22,existing,1,5.542,parsed,
1317,463.40000000000003,panels/panel_0001317.jpg,5.546,7 5 .546[km],35.12,existing,4,5.546|5.554|7.554,review,distance_digits_rebuilt;distance_candidate_disagreement
1318,463.6,panels/panel_0001318.jpg,5.55,_— 5 -550[km]-,8.51,existing,1,5.550,review,distance_digits_rebuilt
1319,463.8,panels/panel_0001319.jpg,5.554,eS i554 km),60.0,reocr_light_tight,1,5.554,review,distance_reocr
1320,464.0,panels/panel_0001320.jpg,5.557,S.557[km],45.72,existing,2,5.557,parsed,
1321,464.2,panels/panel_0001321.jpg,5.561,5.561[ km],0.0,existing,2,5.561,parsed,
1322,464.40000000000003,panels/panel_0001322.jpg,5.565,5.565[km],65.65,existing,2,5.565,parsed,
1323,464.6,panels/panel_0001323.jpg,5.568,5.568[km],64.16,existing,2,5.568,parsed,
1324,464.8,panels/panel_0001324.jpg,5.572,S.572[km],77.77,existing,3,5.572|7.557,parsed,
1325,465.0,panels/panel_0001325.jpg,5.575,S.575[km],55.93,existing,1,5.575,parsed,
1326,465.2,panels/panel_0001326.jpg,5.579,5.579[km],21.26,existing,2,5.579|7.579,parsed,
1327,465.40000000000003,panels/panel_0001327.jpg,5.583,5.583[km],60.97,existing,4,5.583|5.830|8.558,parsed,
1328,465.6,panels/panel_0001328.jpg,5.586,S.586[km],12.83,existing,1,5.586,parsed,
1329,465.8,panels/panel_0001329.jpg,5.59,5.590[km],73.97,existing,2,5.590,parsed,
1330,466.0,panels/panel_0001330.jpg,5.593,5.593[km],63.46,existing,1,5.593,parsed,
1331,466.2,panels/panel_0001331.jpg,5.597,5.597[km],66.65,existing,2,5.597,parsed,
1332,466.40000000000003,panels/panel_0001332.jpg,5.601,5S .601[km],65.83,existing,2,5.560|5.601,review,distance_digits_rebuilt
1333,466.6,panels/panel_0001333.jpg,5.605,5.605[km],68.54,existing,1,5.605,parsed,
1334,466.8,panels/panel_0001334.jpg,5.609,5 G09 km],44.35,existing,2,5.609,review,distance_digits_rebuilt
1335,467.0,panels/panel_0001335.jpg,5.613,5.613[km],77.67,existing,4,5.613|7.561|7.756,parsed,
1336,467.2,panels/panel_0001336.jpg,5.617,5.617 [km],0.0,existing,2,5.617,parsed,
1337,467.40000000000003,panels/panel_0001337.jpg,5.62,5.620[km],75.41,existing,2,5.620,parsed,
1338,467.6,panels/panel_0001338.jpg,5.624,5 .624[km],59.65,existing,2,5.624,review,distance_digits_rebuilt
1339,467.8,panels/panel_0001339.jpg,5.628,5.628[km],66.8,existing,2,5.628,parsed,
1340,468.0,panels/panel_0001340.jpg,5.632,5.632[ km],75.54,existing,2,5.632,parsed,
1341,468.2,panels/panel_0001341.jpg,5.635,5.635[km],77.62,existing,2,5.635|8.535,parsed,
1342,468.40000000000003,panels/panel_0001342.jpg,5.639,5 .639[km],43.95,existing,1,5.639,review,distance_digits_rebuilt
1343,468.6,panels/panel_0001343.jpg,5.642,5 .642[km],46.32,existing,2,5.642|7.642,review,distance_digits_rebuilt
1344,468.8,panels/panel_0001344.jpg,5.646,- S.646[.km],0.0,existing,2,5.646,review,distance_digits_rebuilt
1345,469.0,panels/panel_0001345.jpg,5.649,5 .649[km],60.42,existing,2,5.649,review,distance_digits_rebuilt
1346,469.2,panels/panel_0001346.jpg,5.653,; 5 .653[km],0.0,existing,2,5.653,review,distance_digits_rebuilt
1347,469.40000000000003,panels/panel_0001347.jpg,5.657,5 .657[km],23.42,existing,1,5.657,review,distance_digits_rebuilt
1348,469.6,panels/panel_0001348.jpg,5.66,5 =660[ km],0.0,existing,2,5.660,review,distance_digits_rebuilt
1349,469.8,panels/panel_0001349.jpg,5.664,5. 664[km],9.55,existing,2,5.664|7.664,review,distance_digits_rebuilt
1350,470.0,panels/panel_0001350.jpg,5.668,S .668[km],27.6,existing,1,5.668,review,distance_digits_rebuilt
1351,470.2,panels/panel_0001351.jpg,5.672,5.672[km],71.16,existing,2,5.672,parsed,
1352,470.40000000000003,panels/panel_0001352.jpg,5.676,5S .676[km],65.16,existing,3,5.567|5.676,review,distance_digits_rebuilt
1353,470.6,panels/panel_0001353.jpg,5.68,—_5.680[km],50.18,existing,2,5.680,review,distance_digits_rebuilt
1354,470.8,panels/panel_0001354.jpg,5.684,_ 5 .684[km],51.08,existing,2,5.684,review,distance_digits_rebuilt
1355,471.0,panels/panel_0001355.jpg,5.688,5S .688[km],50.73,existing,4,5.568|5.688,review,distance_digits_rebuilt
1356,471.2,panels/panel_0001356.jpg,5.692,5 .692[km],52.72,existing,2,5.692,review,distance_digits_rebuilt
1357,471.40000000000003,panels/panel_0001357.jpg,5.697,5S .697[km],68.01,existing,4,5.569|5.697,review,distance_digits_rebuilt
1358,471.6,panels/panel_0001358.jpg,5.701,S.701[km],23.49,existing,2,5.701,parsed,
1359,471.8,panels/panel_0001359.jpg,5.705,S.705[km],31.55,existing,2,5.705,parsed,
1360,472.0,panels/panel_0001360.jpg,5.709,5.709[km],54.23,existing,2,5.709,parsed,
1361,472.2,panels/panel_0001361.jpg,5.713,5.713[km],75.07,existing,1,5.713,parsed,
1362,472.40000000000003,panels/panel_0001362.jpg,5.717,5.717[ km],75.14,existing,3,5.717|7.571,parsed,
1363,472.6,panels/panel_0001363.jpg,5.721,S.721[km],55.05,existing,2,5.721|55.721,parsed,
1364,472.8,panels/panel_0001364.jpg,5.725,5.725[km]-,77.78,existing,2,5.725,review,distance_digits_rebuilt
1365,473.0,panels/panel_0001365.jpg,5.729,5.729[km],46.85,existing,1,5.729,parsed,
1366,473.2,panels/panel_0001366.jpg,5.733,5.733[km],49.68,existing,2,5.733,parsed,
1367,473.40000000000003,panels/panel_0001367.jpg,5.737,5.737|[km],58.47,existing,1,5.737,review,distance_digits_rebuilt
1368,473.6,panels/panel_0001368.jpg,5.741,5.741[ km],53.2,existing,3,5.741|7.574,parsed,
1369,473.8,panels/panel_0001369.jpg,5.745,5.745[km],77.96,existing,2,5.745,parsed,
1370,474.0,panels/panel_0001370.jpg,5.749,5.749[km],60.18,existing,2,5.749,parsed,
1371,474.2,panels/panel_0001371.jpg,5.753,5.753[km],72.78,existing,2,5.753,parsed,
1372,474.40000000000003,panels/panel_0001372.jpg,5.757,5.757[km],81.1,existing,2,5.757,parsed,
1373,474.6,panels/panel_0001373.jpg,5.761,5.761[ km],76.63,existing,1,5.761,parsed,
1374,474.8,panels/panel_0001374.jpg,5.765,5.765[km],54.85,existing,1,5.765,parsed,
1375,475.0,panels/panel_0001375.jpg,5.769,5.769[km],72.83,existing,2,5.769,parsed,
1376,475.2,panels/panel_0001376.jpg,5.773,5.773[km],46.13,existing,2,5.773,parsed,
1377,475.40000000000003,panels/panel_0001377.jpg,5.777,5.777[km],56.91,existing,2,5.777,parsed,
1378,475.6,panels/panel_0001378.jpg,5.781,5.781[ km],83.29,existing,2,5.781,parsed,
1379,475.8,panels/panel_0001379.jpg,5.784,5 .784[km],36.67,existing,1,5.784,review,distance_digits_rebuilt
1380,476.0,panels/panel_0001380.jpg,5.788,: - . : 7 5. .788(k 8. Sti hk mi),0.0,existing,5,5.788|7.578|7.888|8.885,review,distance_digits_rebuilt
1381,476.2,panels/panel_0001381.jpg,5.792,5.792|[km],25.06,existing,1,5.792,review,distance_digits_rebuilt
1382,476.40000000000003,panels/panel_0001382.jpg,5.796,5.796[km],78.26,existing,2,5.796,parsed,
1383,476.6,panels/panel_0001383.jpg,5.8,5.800[km],71.81,existing,2,5.800,parsed,
1384,476.8,panels/panel_0001384.jpg,5.804,5.804[km],68.49,existing,2,5.804,parsed,
1385,477.0,panels/panel_0001385.jpg,5.807, 5.807[km],0.0,existing,2,5.807,parsed,
1386,477.2,panels/panel_0001386.jpg,5.811,5.811[ km],86.64,existing,1,5.811,parsed,
1387,477.40000000000003,panels/panel_0001387.jpg,5.815,5.815[km],86.14,existing,1,5.815,parsed,
1388,477.6,panels/panel_0001388.jpg,5.818,. 5.818[km],35.24,existing,1,5.818,review,distance_digits_rebuilt
1389,477.8,panels/panel_0001389.jpg,5.822,5.822[km],79.29,existing,2,5.822|8.822,parsed,
1390,478.0,panels/panel_0001390.jpg,5.826,5.826[km],72.4,existing,2,5.826,parsed,
1391,478.2,panels/panel_0001391.jpg,5.83,To a 5 830L Km),0.0,existing,2,5.830|8.301,review,distance_digits_rebuilt
1392,478.40000000000003,panels/panel_0001392.jpg,5.834,oe 5.834[km]3,10.05,existing,3,5.834|7.583,review,distance_digits_rebuilt
1393,478.6,panels/panel_0001393.jpg,5.838,— — —S5. 838 km],0.0,existing,3,5.583|5.838|5.883,review,distance_digits_rebuilt
1394,478.8,panels/panel_0001394.jpg,5.841,aii ee SCS 841[ km],8.38,existing,4,0.841|2.084|5.584|5.841,review,distance_digits_rebuilt
1395,479.0,panels/panel_0001395.jpg,5.845,"et ae 5, 845 [ km]",32.2,existing,1,5.845,review,distance_digits_rebuilt
1396,479.2,panels/panel_0001396.jpg,5.84,ee ee _ 5.84 Q\[ km]-,0.0,existing,1,5.840,review,distance_digits_rebuilt;distance_decreased
1397,479.40000000000003,panels/panel_0001397.jpg,5.853,5.853,,manual_panel_read,0,,parsed,
1398,479.6,panels/panel_0001398.jpg,5.857,: 5.857[km],0.0,existing,2,5.857,review,distance_digits_rebuilt
1399,479.8,panels/panel_0001399.jpg,5.86,5 ..860[ km],28.65,existing,2,5.860,review,distance_digits_rebuilt
1400,480.0,panels/panel_0001400.jpg,5.864,: ; ~—65. 864[km],0.0,existing,3,5.864|6.586,review,distance_digits_rebuilt
1401,480.2,panels/panel_0001401.jpg,5.868,—5...868 [km],74.42,existing,1,5.868,review,distance_digits_rebuilt
1402,480.40000000000003,panels/panel_0001402.jpg,5.872,5.872[ km],80.6,existing,1,5.872,parsed,
1403,480.6,panels/panel_0001403.jpg,5.876,5.876,,manual_panel_read,3,5.176|5.951|9.517,parsed,
1404,480.8,panels/panel_0001404.jpg,5.88,"S .880 [km],",0.0,existing,2,5.880,review,distance_digits_rebuilt
1405,481.0,panels/panel_0001405.jpg,5.884,5.884[km],60.66,existing,2,5.884,parsed,
1406,481.2,panels/panel_0001406.jpg,5.888,5.888[km],65.32,existing,2,5.888,parsed,
1407,481.40000000000003,panels/panel_0001407.jpg,5.891,5.891[km],82.62,existing,2,5.891,parsed,
1408,481.6,panels/panel_0001408.jpg,5.895,5.895[km],54.14,existing,2,5.895,parsed,
1409,481.8,panels/panel_0001409.jpg,5.899,5.899[km],77.79,existing,2,5.899,parsed,
1410,482.0,panels/panel_0001410.jpg,5.902,a 5 .902[km],27.57,existing,2,5.902,review,distance_digits_rebuilt
1411,482.2,panels/panel_0001411.jpg,5.906,oe 5.906[km],0.16,existing,2,5.906,review,distance_digits_rebuilt
1412,482.40000000000003,panels/panel_0001412.jpg,5.91,——_—_- ~——- S910 km),9.72,existing,1,5.910,review,distance_digits_rebuilt
1413,482.6,panels/panel_0001413.jpg,5.913,~ 2 == 5.913[ km],0.0,existing,3,2.591|5.913,review,distance_digits_rebuilt
1414,482.8,panels/panel_0001414.jpg,5.917,—— = C55. 917 [ km ]-,27.5,existing,3,5.591|5.917|9.717,review,distance_digits_rebuilt
1415,483.0,panels/panel_0001415.jpg,5.921,8 5921. km]=,0.0,existing,3,5.921|8.592,review,distance_digits_rebuilt
1416,483.2,panels/panel_0001416.jpg,5.925,"— ——=""5 .925[km]-",7.8,existing,1,5.925,review,distance_digits_rebuilt
1417,483.40000000000003,panels/panel_0001417.jpg,5.929,“5 .929[km],12.11,existing,1,5.929,review,distance_digits_rebuilt
1418,483.6,panels/panel_0001418.jpg,5.934,5 .934[km],43.43,existing,1,5.934,review,distance_digits_rebuilt
1419,483.8,panels/panel_0001419.jpg,5.938,--- -5.938[ km].,0.0,existing,2,5.938,review,distance_digits_rebuilt
1420,484.0,panels/panel_0001420.jpg,5.942,5 .942[km],48.74,existing,1,5.942,review,distance_digits_rebuilt
1421,484.2,panels/panel_0001421.jpg,5.946,5 .946[km],61.41,existing,1,5.946,review,distance_digits_rebuilt
1422,484.40000000000003,panels/panel_0001422.jpg,5.949,5 .949[km],57.15,existing,2,5.949,review,distance_digits_rebuilt
1423,484.6,panels/panel_0001423.jpg,5.953,5953 km],0.0,existing,27,0.000|0.199|0.957|1.111|1.112|1.122|1.225|1.990|2.019|2.257|2.570|3.511|5.111|5.351|5.709|5.720|5.953|7.095|7.201|9.000|9.535|9.572|9.900,review,distance_digits_rebuilt
1424,484.8,panels/panel_0001424.jpg,5.957,5.957[km],28.73,existing,2,5.957,parsed,
1425,485.0,panels/panel_0001425.jpg,5.961,5.961[ km],68.74,existing,2,5.961,parsed,
1426,485.2,panels/panel_0001426.jpg,5.965,5.965[km],75.61,existing,2,5.965,parsed,
1427,485.40000000000003,panels/panel_0001427.jpg,5.97,5.970[ km],71.04,existing,2,5.970,parsed,
1428,485.6,panels/panel_0001428.jpg,5.974,= = 5. 974[km],16.51,existing,1,5.974,review,distance_digits_rebuilt
1429,485.8,panels/panel_0001429.jpg,5.978,5.978,,manual_panel_read,3,3.579|5.797|7.973,parsed,
1430,486.0,panels/panel_0001430.jpg,5.982,5 .982[km],35.17,existing,3,5.798|5.982|7.982,review,distance_digits_rebuilt
1431,486.2,panels/panel_0001431.jpg,5.986,gg = 5...986[ km],0.0,existing,3,3.598|5.986,review,distance_digits_rebuilt
1432,486.40000000000003,panels/panel_0001432.jpg,5.99,= z= 5..990[km]=,0.0,existing,2,5.990,review,distance_digits_rebuilt
1433,486.6,panels/panel_0001433.jpg,5.994,"- 5-994, km]-",0.0,existing,2,5.994|7.994,review,distance_digits_rebuilt
1434,486.8,panels/panel_0001434.jpg,5.997,5 .997[km],65.56,existing,2,5.997,review,distance_digits_rebuilt
1435,487.0,panels/panel_0001435.jpg,6.001,6.001,,manual_panel_read,0,,parsed,
1436,487.2,panels/panel_0001436.jpg,6.005,6.005[km],82.75,existing,2,6.005,parsed,
1437,487.40000000000003,panels/panel_0001437.jpg,6.009,6.009[ km],79.27,existing,2,6.009,parsed,
1438,487.6,panels/panel_0001438.jpg,6.013,6.013[km],85.59,existing,2,6.013,parsed,
1439,487.8,panels/panel_0001439.jpg,6.017,6.017[km],81.35,existing,2,6.017,parsed,
1440,488.0,panels/panel_0001440.jpg,6.021,6.021[ km],87.39,existing,2,6.021,parsed,
1441,488.2,panels/panel_0001441.jpg,6.025,6.025[km],84.36,existing,2,6.025,parsed,
1442,488.40000000000003,panels/panel_0001442.jpg,6.029,6.029[km],71.1,existing,2,6.029,parsed,
1443,488.6,panels/panel_0001443.jpg,6.032,~— — 6§.032[km]™,0.0,existing,3,6.032|6.703|7.032,review,distance_digits_rebuilt
1444,488.8,panels/panel_0001444.jpg,6.036,m6 e036[\km],60.0,reocr_light_tight,1,6.036,review,distance_reocr
1445,489.0,panels/panel_0001445.jpg,6.04,6 ..040 [- km ]-,4.85,existing,2,6.040,review,distance_digits_rebuilt
1446,489.2,panels/panel_0001446.jpg,6.044,6 .044[km],48.49,existing,1,6.044,review,distance_digits_rebuilt
1447,489.40000000000003,panels/panel_0001447.jpg,6.048,6.048[km],76.4,existing,2,6.048,parsed,
1448,489.6,panels/panel_0001448.jpg,6.052,6.052[km],82.39,existing,2,6.052,parsed,
1449,489.8,panels/panel_0001449.jpg,6.055,6.055,,manual_panel_read,2,6.705|7.055,parsed,
1450,490.0,panels/panel_0001450.jpg,6.055,i 605 Sif km],60.0,reocr_light_loose,34,0.000|0.105|0.595|0.957|1.059|1.111|1.112|1.122|1.225|1.990|2.257|2.570|4.519|5.010|5.111|5.199|5.709|5.745|5.951|6.055|6.059|6.705|7.059|7.095|7.451|9.000|9.511|9.574|9.900,review,distance_reocr;distance_candidate_disagreement
1451,490.2,panels/panel_0001451.jpg,6.063,a 6.063[km],0.0,existing,2,6.063,review,distance_digits_rebuilt
1452,490.40000000000003,panels/panel_0001452.jpg,6.068,6.068,,manual_panel_read,0,,parsed,
1453,490.6,panels/panel_0001453.jpg,6.072,6 -072-km]-,42.01,existing,3,0.772|6.072|6.077,review,distance_digits_rebuilt;distance_candidate_disagreement
1454,490.8,panels/panel_0001454.jpg,6.076,6.076,,manual_panel_read,0,,parsed,
1455,491.0,panels/panel_0001455.jpg,6.08,a _ —SW« 6. O80 [ km],0.0,existing,3,5.080|5.608|6.080,review,distance_digits_rebuilt
1456,491.2,panels/panel_0001456.jpg,6.083,6.083,,manual_panel_read,8,1.111|3.111|5.311,parsed,
1457,491.40000000000003,panels/panel_0001457.jpg,6.087,6=087:tkm]|®,0.0,existing,4,0.871|6.087|6.708|7.087,review,distance_digits_rebuilt
1458,491.6,panels/panel_0001458.jpg,6.091,6.091,,manual_panel_read,4,0.109|1.091|7.109,parsed,
1459,491.8,panels/panel_0001459.jpg,6.095,6.095 [km]-,0.0,existing,3,6.095|6.709|7.095,review,distance_digits_rebuilt
1460,492.0,panels/panel_0001460.jpg,6.099,_ i6m099| km ]I,60.0,reocr_dark,1,6.099,review,distance_reocr
1461,492.2,panels/panel_0001461.jpg,6.102,6.102,,manual_panel_read,2,6.710|7.102,parsed,
1462,492.40000000000003,panels/panel_0001462.jpg,6.106,6.106,,manual_panel_read,0,,parsed,
1463,492.6,panels/panel_0001463.jpg,6.109,6.109,,manual_panel_read,3,5.109|5.651|6.510,parsed,
1464,492.8,panels/panel_0001464.jpg,6.113,ee 6.113[km],23.79,existing,5,1.171|1.713|6.113|6.117|7.611,review,distance_digits_rebuilt;distance_candidate_disagreement
1465,493.0,panels/panel_0001465.jpg,6.117,6.117,,manual_panel_read,0,,parsed,
1466,493.2,panels/panel_0001466.jpg,6.12,6.120[ km],73.62,existing,2,6.120,parsed,
1467,493.40000000000003,panels/panel_0001467.jpg,6.124,6.124[km],87.58,existing,2,6.124,parsed,
1468,493.6,panels/panel_0001468.jpg,6.127,6.127[ km],74.76,existing,2,6.127,parsed,
1469,493.8,panels/panel_0001469.jpg,6.131,6.131[ km],87.63,existing,2,6.131,parsed,
1470,494.0,panels/panel_0001470.jpg,6.135,6.135[km],86.75,existing,2,6.135,parsed,
1471,494.2,panels/panel_0001471.jpg,6.138,6.138[km],88.33,existing,2,6.138,parsed,
1472,494.40000000000003,panels/panel_0001472.jpg,6.142,6.142[km],85.68,existing,2,6.142,parsed,
1473,494.6,panels/panel_0001473.jpg,6.146,6. 146[ km],27.79,existing,2,6.146,review,distance_digits_rebuilt
1474,494.8,panels/panel_0001474.jpg,6.15,6.150[ km],87.49,existing,2,6.150,parsed,
1475,495.0,panels/panel_0001475.jpg,6.153,6.153[km],81.2,existing,2,6.153,parsed,
1476,495.2,panels/panel_0001476.jpg,6.157,6.157[km],84.78,existing,2,6.157,parsed,
1477,495.40000000000003,panels/panel_0001477.jpg,6.161,6.161[ km],90.44,existing,3,1.610|6.161,parsed,
1478,495.6,panels/panel_0001478.jpg,6.165,6.165[km],82.9,existing,2,6.165,parsed,
1479,495.8,panels/panel_0001479.jpg,6.169,6.169[km],79.19,existing,2,6.169,parsed,
1480,496.0,panels/panel_0001480.jpg,6.172,6.172[ km],69.83,existing,2,6.172,parsed,
1481,496.2,panels/panel_0001481.jpg,6.176,6.176[ km],87.61,existing,2,6.176,parsed,
1482,496.40000000000003,panels/panel_0001482.jpg,6.18,6.180[km],90.69,existing,2,6.180,parsed,
1483,496.6,panels/panel_0001483.jpg,6.184,6.184[km],83.78,existing,2,6.184,parsed,
1484,496.8,panels/panel_0001484.jpg,6.187,6.187[km],80.02,existing,2,6.187,parsed,
1485,497.0,panels/panel_0001485.jpg,6.191,6.191[ km],89.44,existing,2,6.191,parsed,
1486,497.2,panels/panel_0001486.jpg,6.195,6.195[km],81.39,existing,2,6.195,parsed,
1487,497.40000000000003,panels/panel_0001487.jpg,6.199,6.199[km],86.3,existing,2,6.199,parsed,
1488,497.6,panels/panel_0001488.jpg,6.203,6.203[km],85.9,existing,2,6.203,parsed,
1489,497.8,panels/panel_0001489.jpg,6.207,6.207[km],81.23,existing,2,6.207,parsed,
1490,498.0,panels/panel_0001490.jpg,6.211,6.211[km],87.52,existing,2,6.211,parsed,
1491,498.2,panels/panel_0001491.jpg,6.215,SS MG .215[km],0.0,existing,5,5.562|5.621|6.215,review,distance_digits_rebuilt
1492,498.40000000000003,panels/panel_0001492.jpg,6.219,6.219[km],88.09,existing,2,6.219,parsed,
1493,498.6,panels/panel_0001493.jpg,6.223,ei CG. 223[km],21.94,existing,2,6.223,review,distance_digits_rebuilt
1494,498.8,panels/panel_0001494.jpg,6.227,6.227[km],57.48,existing,2,6.227,parsed,
1495,499.0,panels/panel_0001495.jpg,6.231,62 3.1-[-km]-,0.92,existing,2,5.523|6.231,review,distance_digits_rebuilt
1496,499.2,panels/panel_0001496.jpg,6.234,6.234[km],78.03,existing,3,6.234|7.623,parsed,
1497,499.40000000000003,panels/panel_0001497.jpg,6.238,ww 6MZ38'[-km]F,60.0,reocr_light_tight,6,0.223|2.238|6.238|6.772|7.233|7.723,review,distance_reocr
1498,499.6,panels/panel_0001498.jpg,6.242,eee 66242 \[ikm)|,60.0,reocr_light,2,6.242|6.624,review,distance_reocr
1499,499.8,panels/panel_0001499.jpg,6.246,eG e246 (kin).,60.0,reocr_light_tight,73,0.000|0.002|0.005|0.024|0.051|0.246|0.494|0.511|0.573|0.704|0.722|1.000|1.070|1.111|1.113|1.114|1.115|1.131|1.141|1.148|1.151|1.245|1.307|1.311|1.405|1.412|1.453|1.481|1.516|1.679|2.246|2.288|2.451|2.465|2.610|2.661|2.880|3.072|3.114|3.266|3.592|4.057|4.124|4.514|4.535|4.651|4.813|4.941|5.111|5.145|5.167|5.359|5.556|5.565|5.651|5.732|5.926|6.100|6.107|6.224|6.246|6.511|6.610|6.791|7.049|7.228|7.326|7.914|8.000|8.130|8.800|9.140|9.261,review,distance_reocr
1500,500.0,panels/panel_0001500.jpg,6.25,6.250[ km],88.24,existing,2,6.250,parsed,
1501,500.2,panels/panel_0001501.jpg,6.253,<= = —— 6. 253[km],38.18,existing,2,6.253,review,distance_digits_rebuilt
1502,500.40000000000003,panels/panel_0001502.jpg,6.257,6Pr2 Sy7(tkini |,60.0,reocr_light_far,3,2.577|6.257|6.625,review,distance_reocr
1503,500.6,panels/panel_0001503.jpg,6.261,"ns 6.261 [km iy""",60.0,reocr_light,1,6.261,review,distance_reocr
1504,500.8,panels/panel_0001504.jpg,6.265,62 65\[ikim Jk,60.0,reocr_dark,3,2.265|5.265|6.265,review,distance_reocr
1505,501.0,panels/panel_0001505.jpg,6.269,6.269[ km],82.08,existing,2,6.269,parsed,
1506,501.2,panels/panel_0001506.jpg,6.273,6.273[km],61.89,existing,2,6.273,parsed,
1507,501.40000000000003,panels/panel_0001507.jpg,6.277,6.277[km],68.87,existing,2,6.277,parsed,
1508,501.6,panels/panel_0001508.jpg,6.282,6.282[km],80.67,existing,2,6.282,parsed,
1509,501.8,panels/panel_0001509.jpg,6.286,G2 86 [(km]§,24.85,existing,2,6.256|6.286,review,distance_digits_rebuilt
1510,502.0,panels/panel_0001510.jpg,6.29,6.29,,manual_panel_read,2,0.290|5.290,parsed,
1511,502.2,panels/panel_0001511.jpg,6.294,eG. 294 kmh,26.31,existing,2,6.294,review,distance_digits_rebuilt
1512,502.40000000000003,panels/panel_0001512.jpg,6.298,SG 298 (km),60.0,reocr_dark_tight,3,5.629|6.261|6.298,review,distance_reocr
1513,502.6,panels/panel_0001513.jpg,6.302,Sele 6302 (ikm]i,60.0,reocr_light_loose,6,0.693|1.630|5.163|6.302|6.930|9.302,review,distance_reocr
1514,502.8,panels/panel_0001514.jpg,6.306,BEG 3 06 (km)!,60.0,reocr_dark,7,5.061|5.506|6.306|6.730|7.306|8.630|9.673,review,distance_reocr
1515,503.0,panels/panel_0001515.jpg,6.311,6 ..311[ km],0.0,existing,3,5.631|6.311,review,distance_digits_rebuilt
1516,503.2,panels/panel_0001516.jpg,6.314,a. 6.314[km]},1.77,existing,2,6.314|6.374,review,distance_digits_rebuilt
1517,503.40000000000003,panels/panel_0001517.jpg,6.318,6.318,,manual_panel_read,3,6.931|7.693|9.318,parsed,
1518,503.6,panels/panel_0001518.jpg,6.322,6.322,,manual_panel_read,0,,parsed,
1519,503.8,panels/panel_0001519.jpg,6.326,6.326,,manual_panel_read,2,6.932|9.326,parsed,
1520,504.0,panels/panel_0001520.jpg,6.33,6.33,,manual_panel_read,7,0.330|5.033|5.330|5.576|5.765|6.533|7.653,parsed,
1521,504.2,panels/panel_0001521.jpg,6.334,= ~ =6.3 34 kin J E,60.0,reocr_dark_tight,3,4.833|6.334|8.334,review,distance_reocr
1522,504.40000000000003,panels/panel_0001522.jpg,6.338,6.338,,manual_panel_read,1,7.339,parsed,
1523,504.6,panels/panel_0001523.jpg,6.334,S63 341k]:,60.0,reocr_light,9,0.683|3.341|5.633|5.634|6.334|6.340|6.821|6.834|8.341,review,distance_reocr;distance_candidate_disagreement;distance_decreased
1524,504.8,panels/panel_0001524.jpg,6.345,6.345,,manual_panel_read,4,5.345|5.565|5.653|6.534,parsed,
1525,505.0,panels/panel_0001525.jpg,6.349,"ae, «66. 349 [kms",24.46,existing,5,0.634|5.063|6.349|6.634,review,distance_digits_rebuilt
1526,505.2,panels/panel_0001526.jpg,6.353,MG 353 (km):,60.0,reocr_dark_tight,1,6.353,review,distance_reocr
1527,505.40000000000003,panels/panel_0001527.jpg,6.357,6.357,,manual_panel_read,1,5.357,parsed,
1528,505.6,panels/panel_0001528.jpg,6.361,eG 361[ km,43.01,existing,1,6.361,review,distance_digits_rebuilt
1529,505.8,panels/panel_0001529.jpg,6.365,_ ~ G36 Skim],5.66,existing,1,6.365,review,distance_digits_rebuilt
1530,506.0,panels/panel_0001530.jpg,6.368,6.368[km],89.06,existing,2,6.368,parsed,
1531,506.2,panels/panel_0001531.jpg,6.372,— —_ 6.372[km],0.0,existing,2,6.372,review,distance_digits_rebuilt
1532,506.40000000000003,panels/panel_0001532.jpg,6.376,ae dG. 376 km],11.73,existing,1,6.376,review,distance_digits_rebuilt
1533,506.6,panels/panel_0001533.jpg,6.379,6.379,,manual_panel_read,3,5.379|5.537|7.553,parsed,
1534,506.8,panels/panel_0001534.jpg,6.383,—— NG 383 (km):,0.0,existing,1,6.383,review,distance_digits_rebuilt
1535,507.0,panels/panel_0001535.jpg,6.386,— 6386 (km).,0.0,existing,2,6.386|6.886,review,distance_digits_rebuilt
1536,507.20000000000005,panels/panel_0001536.jpg,6.389,aie j-§ 6.389[km]:,0.31,existing,4,5.563|5.638|6.389,review,distance_digits_rebuilt
1537,507.40000000000003,panels/panel_0001537.jpg,6.392,6.392,,manual_panel_read,3,5.392|5.653|6.539,parsed,
1538,507.6,panels/panel_0001538.jpg,6.395,ii 6M 395 km |),60.0,reocr_light,7,1.162|1.623|2.395|6.239|6.395,review,distance_reocr
1539,507.8,panels/panel_0001539.jpg,6.398,6.398,,manual_panel_read,3,0.939|3.981|9.398,parsed,
1540,508.0,panels/panel_0001540.jpg,6.401,6.401,,manual_panel_read,2,6.011|6.601,parsed,
1541,508.20000000000005,panels/panel_0001541.jpg,6.404,—_— = 6E404 [km],0.0,existing,1,6.404,review,distance_digits_rebuilt
1542,508.40000000000003,panels/panel_0001542.jpg,6.406,=. _ ~~ «6. 406'[{km]p,13.13,existing,3,5.501|5.550|6.406,review,distance_digits_rebuilt
1543,508.6,panels/panel_0001543.jpg,6.409,—. 6. 409 ['km]z,0.0,existing,2,6.409,review,distance_digits_rebuilt
1544,508.8,panels/panel_0001544.jpg,6.412,eG 412 [kim]:,60.0,reocr_light_loose,2,0.412|6.412,review,distance_reocr
1545,509.0,panels/panel_0001545.jpg,6.415,_— @ 6.415[km]:,7.9,existing,1,6.415,review,distance_digits_rebuilt
1546,509.20000000000005,panels/panel_0001546.jpg,6.418,6.418,,manual_panel_read,1,0.418,parsed,
1547,509.40000000000003,panels/panel_0001547.jpg,6.42,6.42,,manual_panel_read,1,5.420,parsed,
1548,509.6,panels/panel_0001548.jpg,6.423,yy 6.423 km]e,0.0,existing,2,6.423,review,distance_digits_rebuilt
1549,509.8,panels/panel_0001549.jpg,6.426,6.426,,manual_panel_read,2,6.842|8.426,parsed,
1550,510.0,panels/panel_0001550.jpg,6.429,cies 642 9)(km]é,60.0,reocr_dark_tight,9,0.429|1.542|5.042|5.290|5.429|5.529|5.615|6.154|6.429,review,distance_reocr
1551,510.20000000000005,panels/panel_0001551.jpg,6.431,ee 6 }..43 1 [ km],0.0,existing,2,6.431,review,distance_digits_rebuilt
1552,510.40000000000003,panels/panel_0001552.jpg,6.434,Ras 6 434('km)),60.0,reocr_light_loose,6,1.634|2.434|3.434|6.243|6.343|6.434,review,distance_reocr
1553,510.6,panels/panel_0001553.jpg,6.436,DE GF.436 [km],0.0,existing,3,0.643|6.436,review,distance_digits_rebuilt
1554,510.8,panels/panel_0001554.jpg,6.439,"MN 6 F439 km),",60.0,reocr_light,2,6.435|6.439,review,distance_reocr;distance_candidate_disagreement
1555,511.0,panels/panel_0001555.jpg,6.441,_ ir 6.441 [ km],25.14,existing,1,6.441,review,distance_digits_rebuilt
1556,511.20000000000005,panels/panel_0001556.jpg,6.444,iP = 6444(km)},60.0,reocr_dark_tight,4,1.666|6.444|6.661|6.666,review,distance_reocr
1557,511.40000000000003,panels/panel_0001557.jpg,6.446,"DE.AG . 446 [km]""",0.0,existing,4,0.644|5.644|6.446,review,distance_digits_rebuilt
1558,511.6,panels/panel_0001558.jpg,6.448,* 6 448k],60.0,reocr_light_tight,3,6.448|6.744|7.448,review,distance_reocr
1559,511.8,panels/panel_0001559.jpg,6.451,rs 6.451[(km]®,22.3,existing,4,5.664|6.451|6.645,review,distance_digits_rebuilt
1560,512.0,panels/panel_0001560.jpg,6.453,6.453,,manual_panel_read,1,0.453,parsed,
1561,512.2,panels/panel_0001561.jpg,6.454,= 6.454[km]h,0.0,existing,2,6.454,review,distance_digits_rebuilt
1562,512.4000000000001,panels/panel_0001562.jpg,6.456,a «6. 456km],32.61,existing,1,6.456,review,distance_digits_rebuilt
1563,512.6,panels/panel_0001563.jpg,6.458,6. 458[ km];,34.74,existing,1,6.458,review,distance_digits_rebuilt
1564,512.8,panels/panel_0001564.jpg,6.455,Pepe G45 5 (iki,60.0,reocr_light_tight,1,6.455,review,distance_reocr;distance_decreased
1565,513.0,panels/panel_0001565.jpg,6.461,6.461,,manual_panel_read,0,,parsed,
1566,513.2,panels/panel_0001566.jpg,6.462,6 462 km],10.75,existing,3,6.462|7.646,review,distance_digits_rebuilt
1567,513.4000000000001,panels/panel_0001567.jpg,6.464,6.464[km],85.37,existing,1,6.464,parsed,
1568,513.6,panels/panel_0001568.jpg,6.465,6.465[km],86.75,existing,1,6.465,parsed,
1569,513.8,panels/panel_0001569.jpg,6.467,6.467[km],90.26,existing,2,6.467,parsed,
1570,514.0,panels/panel_0001570.jpg,6.468,; 6.468[km],21.39,existing,1,6.468,review,distance_digits_rebuilt
1571,514.2,panels/panel_0001571.jpg,6.47,G4 7.0 (km):,60.0,reocr_dark,3,4.701|6.470|8.570,review,distance_reocr
1572,514.4000000000001,panels/panel_0001572.jpg,6.472,/ |  6.472[km],0.0,existing,1,6.472,review,distance_digits_rebuilt
1573,514.6,panels/panel_0001573.jpg,6.474,6.474[km],56.24,existing,2,6.474,parsed,
1574,514.8,panels/panel_0001574.jpg,6.475,6.475 [km],1.35,existing,2,6.475,parsed,
1575,515.0,panels/panel_0001575.jpg,6.477,6.477[km],75.67,existing,2,6.477,parsed,
1576,515.2,panels/panel_0001576.jpg,6.479,re 6 .479 [km],18.65,existing,2,6.479,review,distance_digits_rebuilt
1577,515.4000000000001,panels/panel_0001577.jpg,6.48,6 480[ km];,60.0,reocr_dark,29,0.274|0.511|1.111|1.115|1.152|1.272|1.528|2.480|2.622|2.681|2.726|2.744|2.870|4.452|4.526|4.805|5.111|5.268|5.287|6.227|6.248|6.480|6.812|7.027|7.262|7.445|8.051|8.127|8.702,review,distance_reocr
1578,515.6,panels/panel_0001578.jpg,6.482,: — 6.482[ km],0.0,existing,1,6.482,review,distance_digits_rebuilt
1579,515.8,panels/panel_0001579.jpg,6.483,a 6.483[km],2.07,existing,1,6.483,review,distance_digits_rebuilt
1580,516.0,panels/panel_0001580.jpg,6.485,oe. : ; 6R48 Si{(km],60.0,reocr_dark_tight,3,0.555|6.485|8.055,review,distance_reocr
1581,516.2,panels/panel_0001581.jpg,6.487,6.487[km],83.67,existing,2,6.487,parsed,
1582,516.4000000000001,panels/panel_0001582.jpg,6.488,6-488 LE km ]-,0.0,existing,2,4.881|6.488,review,distance_digits_rebuilt
1583,516.6,panels/panel_0001583.jpg,6.49,6.49,,manual_panel_read,4,5.490|6.549|6.749|7.490,parsed,
1584,516.8,panels/panel_0001584.jpg,6.492,6.492[km],60.99,existing,2,6.492,parsed,
1585,517.0,panels/panel_0001585.jpg,6.494,6.494[km],50.13,existing,2,6.494,parsed,
1586,517.2,panels/panel_0001586.jpg,6.495,6.495[km],77.33,existing,2,6.495,parsed,
1587,517.4000000000001,panels/panel_0001587.jpg,6.496,6.496[ km],84.86,existing,2,6.496,parsed,
1588,517.6,panels/panel_0001588.jpg,6.498,6.498[km],65.62,existing,2,6.498,parsed,
1589,517.8,panels/panel_0001589.jpg,6.499,6.499[km],85.26,existing,2,6.499,parsed,
1590,518.0,panels/panel_0001590.jpg,6.5,6.500[ km],88.67,existing,2,6.500,parsed,
1591,518.2,panels/panel_0001591.jpg,6.501,6.501[km],89.36,existing,2,6.501,parsed,
1592,518.4000000000001,panels/panel_0001592.jpg,6.501,6.501[ km],88.99,existing,2,6.501,parsed,
1593,518.6,panels/panel_0001593.jpg,6.502,6.502[km],86.43,existing,2,6.502,parsed,
1594,518.8,panels/panel_0001594.jpg,6.503,6.503[km],88.38,existing,2,6.503,parsed,
1595,519.0,panels/panel_0001595.jpg,6.503,6.503[km],87.14,existing,2,6.503,parsed,
1596,519.2,panels/panel_0001596.jpg,6.505,6.505[ km],89.24,existing,2,6.505,parsed,
1597,519.4000000000001,panels/panel_0001597.jpg,6.506,6.506[km],89.27,existing,2,6.506,parsed,
1598,519.6,panels/panel_0001598.jpg,6.507,6.507[km],85.96,existing,2,6.507,parsed,
1599,519.8,panels/panel_0001599.jpg,6.509,6.509[km],44.55,existing,2,6.509,parsed,
1600,520.0,panels/panel_0001600.jpg,6.51,6.510[km],87.18,existing,2,6.510,parsed,
1601,520.2,panels/panel_0001601.jpg,6.511,6.511[ km],88.62,existing,2,6.511,parsed,
1602,520.4000000000001,panels/panel_0001602.jpg,6.512,6.512[ km]-,5.76,existing,2,6.512,review,distance_digits_rebuilt
1603,520.6,panels/panel_0001603.jpg,6.513,6.513[km],86.39,existing,2,6.513,parsed,
1604,520.8,panels/panel_0001604.jpg,6.515,6.515[km],67.41,existing,2,6.515,parsed,
1605,521.0,panels/panel_0001605.jpg,6.516,6.516[km]-,77.71,existing,2,6.516,review,distance_digits_rebuilt
1606,521.2,panels/panel_0001606.jpg,6.517,6.517[-km]-,29.69,existing,2,6.517,review,distance_digits_rebuilt
1607,521.4000000000001,panels/panel_0001607.jpg,6.518,6.518[km],84.09,existing,2,6.518,parsed,
1608,521.6,panels/panel_0001608.jpg,6.52,6.520[ km],56.58,existing,2,6.520,parsed,
1609,521.8,panels/panel_0001609.jpg,6.521,6.521[ km],83.98,existing,2,6.521,parsed,
1610,522.0,panels/panel_0001610.jpg,6.522,6.522[km],83.91,existing,2,6.522,parsed,
1611,522.2,panels/panel_0001611.jpg,6.523,6.523[km],83.64,existing,2,6.523,parsed,
1612,522.4000000000001,panels/panel_0001612.jpg,6.525,6.525[km],79.94,existing,2,6.525,parsed,
1613,522.6,panels/panel_0001613.jpg,6.526,6.526[km],84.05,existing,2,6.526,parsed,
1614,522.8,panels/panel_0001614.jpg,6.527,6.527[km],86.91,existing,2,6.527,parsed,
1615,523.0,panels/panel_0001615.jpg,6.528,6.528[km],78.96,existing,2,6.528,parsed,
1616,523.2,panels/panel_0001616.jpg,6.529,6.529[ km],82.01,existing,2,6.529,parsed,
1617,523.4000000000001,panels/panel_0001617.jpg,6.53,6.530[km],84.29,existing,2,6.530,parsed,
1618,523.6,panels/panel_0001618.jpg,6.531,6.531[km],88.22,existing,2,6.531,parsed,
1619,523.8,panels/panel_0001619.jpg,6.532,6.532[km],81.71,existing,2,6.532,parsed,
1620,524.0,panels/panel_0001620.jpg,6.532,6.532[km],82.04,existing,2,6.532,parsed,
1621,524.2,panels/panel_0001621.jpg,6.533,6.533[km],85.56,existing,2,6.533,parsed,
1622,524.4000000000001,panels/panel_0001622.jpg,6.534,6.534[km],89.39,existing,2,6.534,parsed,
1623,524.6,panels/panel_0001623.jpg,6.535,6.535[km],83.54,existing,2,6.535,parsed,
1624,524.8,panels/panel_0001624.jpg,6.536,6.536[km],86.19,existing,2,6.536,parsed,
1625,525.0,panels/panel_0001625.jpg,6.537,6.537[km],85.15,existing,2,6.537,parsed,
1626,525.2,panels/panel_0001626.jpg,6.538,6.538[km],88.16,existing,2,6.538,parsed,
1627,525.4000000000001,panels/panel_0001627.jpg,6.539,6.539[km],88.38,existing,2,6.539,parsed,
1628,525.6,panels/panel_0001628.jpg,6.54,6.540[ km],87.21,existing,2,6.540,parsed,
1629,525.8,panels/panel_0001629.jpg,6.541,6.541[ km],89.89,existing,2,6.541,parsed,
1630,526.0,panels/panel_0001630.jpg,6.542,6.542[km],81.54,existing,2,6.542,parsed,
1631,526.2,panels/panel_0001631.jpg,6.543,6.543[km],85.51,existing,2,6.543,parsed,
1632,526.4000000000001,panels/panel_0001632.jpg,6.545,6.545[km],86.75,existing,2,6.545,parsed,
1633,526.6,panels/panel_0001633.jpg,6.546,6.546[ km],85.01,existing,2,6.546,parsed,
1634,526.8,panels/panel_0001634.jpg,6.547,6.547[km],86.79,existing,2,6.547,parsed,
1635,527.0,panels/panel_0001635.jpg,6.548,6.548[ km],83.59,existing,2,6.548,parsed,
1636,527.2,panels/panel_0001636.jpg,6.55,6.550[ km],89.31,existing,2,6.550,parsed,
1637,527.4000000000001,panels/panel_0001637.jpg,6.551,6.551[ km],89.16,existing,2,6.551,parsed,
1638,527.6,panels/panel_0001638.jpg,6.552,6.552[km],88.95,existing,2,6.552,parsed,
1639,527.8,panels/panel_0001639.jpg,6.554,6.554[km],87.95,existing,2,6.554,parsed,
1640,528.0,panels/panel_0001640.jpg,6.555,6.555[km],85.73,existing,2,6.555,parsed,
1641,528.2,panels/panel_0001641.jpg,6.556,6.556[ km],88.93,existing,2,6.556,parsed,
1642,528.4000000000001,panels/panel_0001642.jpg,6.557,6.557[km],89.59,existing,2,6.557,parsed,
1643,528.6,panels/panel_0001643.jpg,6.559,6.559[ km],90.26,existing,2,6.559,parsed,
1644,528.8,panels/panel_0001644.jpg,6.56,6.560[km],89.1,existing,2,6.560,parsed,
1645,529.0,panels/panel_0001645.jpg,6.561,6.561[km],84.86,existing,2,6.561,parsed,
1646,529.2,panels/panel_0001646.jpg,6.562,6.562[ km],67.64,existing,2,6.562,parsed,
1647,529.4000000000001,panels/panel_0001647.jpg,6.562,6.562[km],82.59,existing,2,6.562,parsed,
1648,529.6,panels/panel_0001648.jpg,6.563,6.563[km],87.71,existing,2,6.563,parsed,
1649,529.8,panels/panel_0001649.jpg,6.563,6.563[km],88.35,existing,2,6.563,parsed,
1650,530.0,panels/panel_0001650.jpg,6.564,6.564[ km],88.31,existing,2,6.564,parsed,
1651,530.2,panels/panel_0001651.jpg,6.564,6.564[ km],88.67,existing,2,6.564,parsed,
1652,530.4000000000001,panels/panel_0001652.jpg,6.565,6.565[km],87.3,existing,2,6.565,parsed,
1653,530.6,panels/panel_0001653.jpg,6.565,6.565[km],88.38,existing,2,6.565,parsed,
1654,530.8,panels/panel_0001654.jpg,6.566,6.566[ km],86.83,existing,2,6.566,parsed,
1655,531.0,panels/panel_0001655.jpg,6.566,6.566[ km],86.83,existing,2,6.566,parsed,
1656,531.2,panels/panel_0001656.jpg,6.567,6.567[km],89.73,existing,2,6.567,parsed,
1657,531.4000000000001,panels/panel_0001657.jpg,6.568,6.568[km],86.41,existing,2,6.568,parsed,
1658,531.6,panels/panel_0001658.jpg,6.568,6.568[ km],85.94,existing,2,6.568,parsed,
1659,531.8,panels/panel_0001659.jpg,6.569,6.569[ km],88.58,existing,2,6.569,parsed,
1660,532.0,panels/panel_0001660.jpg,6.569,6.569[ km],89.95,existing,2,6.569,parsed,
1661,532.2,panels/panel_0001661.jpg,6.57,6.570[ km],88.91,existing,2,6.570,parsed,
1662,532.4000000000001,panels/panel_0001662.jpg,6.57,6.570[ km],86.45,existing,2,6.570,parsed,
1663,532.6,panels/panel_0001663.jpg,6.571,6.571[ km],88.42,existing,2,6.571,parsed,
1664,532.8,panels/panel_0001664.jpg,6.571,6.571[ km],88.29,existing,2,6.571,parsed,
1665,533.0,panels/panel_0001665.jpg,6.572,6.572[km],77.72,existing,2,6.572,parsed,
1666,533.2,panels/panel_0001666.jpg,6.573,6.573[km],79.7,existing,2,6.573,parsed,
1667,533.4000000000001,panels/panel_0001667.jpg,6.573,6.573[km],73.7,existing,2,6.573,parsed,
1668,533.6,panels/panel_0001668.jpg,6.574,6.574[km],77.9,existing,2,6.574,parsed,
1669,533.8,panels/panel_0001669.jpg,6.574,6.574[km],68.88,existing,2,6.574,parsed,
1670,534.0,panels/panel_0001670.jpg,6.575,6.575[km],67.78,existing,2,6.575,parsed,
1671,534.2,panels/panel_0001671.jpg,6.575,6.575[km],71.61,existing,2,6.575,parsed,
1672,534.4000000000001,panels/panel_0001672.jpg,6.576,6.576[km],85.7,existing,2,6.576,parsed,
1673,534.6,panels/panel_0001673.jpg,6.576,6.576[km],86.95,existing,2,6.576,parsed,
1674,534.8,panels/panel_0001674.jpg,6.577,6.577[km],74.35,existing,2,6.577,parsed,
1675,535.0,panels/panel_0001675.jpg,6.577,6.577[km],77.92,existing,2,6.577,parsed,
1676,535.2,panels/panel_0001676.jpg,6.578,6.578[km],81.21,existing,2,6.578,parsed,
1677,535.4000000000001,panels/panel_0001677.jpg,6.579,6.579[km],78.34,existing,2,6.579,parsed,
1678,535.6,panels/panel_0001678.jpg,6.58,6.580[km],88.69,existing,2,6.580,parsed,
1679,535.8,panels/panel_0001679.jpg,6.581,6.581[ km],90.46,existing,2,6.581,parsed,
1680,536.0,panels/panel_0001680.jpg,6.582,6.582[km],78.66,existing,2,6.582,parsed,
1681,536.2,panels/panel_0001681.jpg,6.583,6.583 [km],0.0,existing,2,6.583,parsed,
1682,536.4000000000001,panels/panel_0001682.jpg,6.584,6.584[km],88.75,existing,2,6.584,parsed,
1683,536.6,panels/panel_0001683.jpg,6.584,6.584[ km],89.55,existing,2,6.584,parsed,
1684,536.8,panels/panel_0001684.jpg,6.585,6.585[km],79.52,existing,2,6.585,parsed,
1685,537.0,panels/panel_0001685.jpg,6.586,6.586[ km],90.04,existing,2,6.586,parsed,
1686,537.2,panels/panel_0001686.jpg,6.587,6.587[km],86.69,existing,2,6.587,parsed,
1687,537.4000000000001,panels/panel_0001687.jpg,6.588,6.588[km],86.5,existing,2,6.588,parsed,
1688,537.6,panels/panel_0001688.jpg,6.588,6.588[km],88.57,existing,2,6.588,parsed,
1689,537.8,panels/panel_0001689.jpg,6.589,6.589[ km],87.88,existing,2,6.589,parsed,
1690,538.0,panels/panel_0001690.jpg,6.59,6.590[km],88.84,existing,2,6.590,parsed,
1691,538.2,panels/panel_0001691.jpg,6.591,6.591[km],89.27,existing,2,6.591,parsed,
1692,538.4000000000001,panels/panel_0001692.jpg,6.592,6.592[km],83.44,existing,2,6.592,parsed,
1693,538.6,panels/panel_0001693.jpg,6.592,6.592[km],83.22,existing,2,6.592,parsed,
1694,538.8,panels/panel_0001694.jpg,6.593,6.593[km],85.78,existing,2,6.593,parsed,
1695,539.0,panels/panel_0001695.jpg,6.594,6.594[ km],84.85,existing,2,6.594,parsed,
1696,539.2,panels/panel_0001696.jpg,6.594,6.594[ km],86.79,existing,2,6.594,parsed,
1697,539.4000000000001,panels/panel_0001697.jpg,6.595,6.595[km],88.64,existing,2,6.595,parsed,
1698,539.6,panels/panel_0001698.jpg,6.596,6.596[ km],88.76,existing,2,6.596,parsed,
1699,539.8,panels/panel_0001699.jpg,6.596,6.596[ km],89.24,existing,2,6.596,parsed,
