sample_index,video_time_s,panel_file,speed_kmh,speed_raw,speed_confidence,speed_method,speed_candidate_count,speed_candidates,status,review_reasons
0,200,panels/panel_0000000.jpg,2.334,2.334,0,existing,2,2.334=2.334|27334=27.334,parsed,--
1,200.2,panels/panel_0000001.jpg,2.693,2.693,0,existing,2,2.693=2.693|27693=27.693,parsed,--
2,200.4,panels/panel_0000002.jpg,3.053,3.053,0,existing,2,3.053=3.053|37053=37.053,parsed,--
3,200.6,panels/panel_0000003.jpg,3.442,3.442,0,existing,2,3.442=3.442|37442=37.442,parsed,--
4,200.8,panels/panel_0000004.jpg,3.771,3.771,0,existing,1,3.771=3.771,parsed,--
5,201,panels/panel_0000005.jpg,4.077,4.077,0,existing,1,4.077=4.077,parsed,--
6,201.2,panels/panel_0000006.jpg,4.306,4.306,0,existing,2,147306=147.306|4.306=4.306,parsed,--
7,201.4,panels/panel_0000007.jpg,4.536,4.536,0,existing,2,4.536=4.536|47536=47.536,parsed,--
8,201.6,panels/panel_0000008.jpg,4.766,4.766,0,existing,2,4.766=4.766|4766=4.766,parsed,--
9,201.8,panels/panel_0000009.jpg,4.995,4.995,0,existing,2,4.995=4.995|47995=47.995,parsed,--
10,202,panels/panel_0000010.jpg,4.945,4.945,0,existing,2,147945=147.945|4.945=4.945,parsed,--
11,202.2,panels/panel_0000011.jpg,4.501,4.501,0,existing,2,147504=147.504|4.501=4.501,parsed,--
12,202.4,panels/panel_0000012.jpg,4.056,4.056,0,existing,2,4.056=4.056|4056=4.056,parsed,--
13,202.6,panels/panel_0000013.jpg,3.642,3.642,0,existing,2,3.642=3.642|37642=37.642,parsed,--
14,202.8,panels/panel_0000014.jpg,3.167,3.167,0,existing,2,3.167=3.167|3167=3.167,parsed,--
15,203,panels/panel_0000015.jpg,2.666,2.666,0,existing,2,2.666=2.666|2666=2.666,parsed,--
16,203.2,panels/panel_0000016.jpg,2.084,2.084,0,existing,2,2.084=2.084|27084=27.084,parsed,--
17,203.4,panels/panel_0000017.jpg,1.503,1.503,0,existing,2,1.503=1.503|41503=41.503,parsed,--
18,203.6,panels/panel_0000018.jpg,0.921,0.921,0,existing,2,0.921=0.921|97924=97.924,parsed,--
19,203.8,panels/panel_0000019.jpg,0.34,0.34,0,existing,2,0.340=0.34|97340=97.34,parsed,--
20,204,panels/panel_0000020.jpg,0.132,0.132,0,existing,2,0.132=0.132|97432=97.432,parsed,--
21,204.2,panels/panel_0000021.jpg,0.45,0.45,0,existing,2,0.450=0.45|9450=9.45,parsed,--
22,204.4,panels/panel_0000022.jpg,0.769,0.769,13.27,existing,2,0.769=0.769|97769=97.769,parsed,--
23,204.6,panels/panel_0000023.jpg,1.087,1.087,0,existing,2,1.087=1.087|1087=1.087,parsed,--
24,204.8,panels/panel_0000024.jpg,1.406,1.406,0,existing,2,1.406=1.406|4406=4.406,parsed,--
25,205,panels/panel_0000025.jpg,1.46,1.46,0,existing,2,1.460=1.46|4460=4.46,parsed,--
26,205.2,panels/panel_0000026.jpg,1.141,21.141,0,existing,1,21.141=21.141,review,speed_leading_digit_dropped
27,205.4,panels/panel_0000027.jpg,0.823,0.823,0,existing,2,0.823=0.823|97823=97.823,parsed,--
28,205.6,panels/panel_0000028.jpg,0.504,0.504,0,existing,1,0.504=0.504,parsed,--
29,205.8,panels/panel_0000029.jpg,0.186,0.186,0,existing,2,0.186=0.186|97186=97.186,parsed,--
30,206,panels/panel_0000030.jpg,0,0,0,existing,2,0.000=0.0|79900=79.9,parsed,--
31,206.2,panels/panel_0000031.jpg,0,0,0,existing,2,0.000=0.0|79000=79.0,parsed,--
32,206.4,panels/panel_0000032.jpg,0,0,0,existing,2,0.000=0.0|79000=79.0,parsed,--
33,206.6,panels/panel_0000033.jpg,0,0,0,existing,2,0.000=0.0|79000=79.0,parsed,--
34,206.8,panels/panel_0000034.jpg,0,0,0,existing,2,0.000=0.0|79000=79.0,parsed,--
35,207,panels/panel_0000035.jpg,0.144,0.144,0,existing,2,0.144=0.144|97144=97.144,parsed,--
36,207.2,panels/panel_0000036.jpg,0.492,0.492,0,existing,2,0.492=0.492|97492=97.492,parsed,--
37,207.4,panels/panel_0000037.jpg,0.84,0.84,0,existing,2,0.840=0.84|19840=19.84,parsed,--
38,207.6,panels/panel_0000038.jpg,1.189,1.189,0,existing,2,1.189=1.189|4189=4.189,parsed,--
39,207.8,panels/panel_0000039.jpg,1.537,1.537,0,existing,1,1.537=1.537,parsed,--
40,208,panels/panel_0000040.jpg,1.773,1.773,0,existing,1,1.773=1.773,parsed,--
41,208.2,panels/panel_0000041.jpg,1.85,1.85,7.62,existing,2,1.850=1.85|4850=4.85,parsed,--
42,208.4,panels/panel_0000042.jpg,1.928,1.928,0,existing,2,1.928=1.928|4928=4.928,parsed,--
43,208.6,panels/panel_0000043.jpg,2.006,2.006,0,existing,2,2.006=2.006|2006=2.006,parsed,--
44,208.8,panels/panel_0000044.jpg,2.084,2.084,0,existing,2,2.084=2.084|27084=27.084,parsed,--
45,209,panels/panel_0000045.jpg,2.351,22.351,0,existing,2,22.351=22.351|27354=27.354,review,speed_leading_digit_dropped
46,209.2,panels/panel_0000046.jpg,2.884,2.884,0,existing,2,2.884=2.884|27884=27.884,parsed,--
47,209.4,panels/panel_0000047.jpg,3.417,3.417,1.5,existing,1,3.417=3.417,parsed,--
48,209.6,panels/panel_0000048.jpg,3.951,3.951,0,existing,2,3.951=3.951|37954=37.954,parsed,--
49,209.8,panels/panel_0000049.jpg,4.484,4.484,0,existing,2,147484=147.484|4.484=4.484,parsed,--
50,210,panels/panel_0000050.jpg,5.039,5.039,0,existing,2,37039=37.039|5.039=5.039,parsed,--
51,210.2,panels/panel_0000051.jpg,5.624,5.624,0,existing,2,37624=37.624|5.624=5.624,parsed,--
52,210.4,panels/panel_0000052.jpg,6.21,6.21,0,existing,2,4210=4.21|6.210=6.21,parsed,--
53,210.6,panels/panel_0000053.jpg,6.795,6.795,0,existing,2,5795=5.795|6.795=6.795,parsed,--
54,210.8,panels/panel_0000054.jpg,7.38,7.38,0,existing,2,7.380=7.38|7380=7.38,parsed,--
55,211,panels/panel_0000055.jpg,7.562,7562,0,existing,2,27.562=27.562|7562=7.562,review,speed_leading_digit_suspect;speed_decimal_reinserted
56,211.2,panels/panel_0000056.jpg,7.177,27.177,10.53,existing,1,27.177=27.177,review,speed_leading_digit_dropped
57,211.4,panels/panel_0000057.jpg,6.792,6.792,0,existing,2,5792=5.792|6.792=6.792,parsed,--
58,211.6,panels/panel_0000058.jpg,6.407,6.407,0,existing,1,6.407=6.407,parsed,--
59,211.8,panels/panel_0000059.jpg,6.022,6.022,0,existing,1,6.022=6.022,parsed,--
60,212,panels/panel_0000060.jpg,6.018,6.018,0,existing,1,6.018=6.018,parsed,--
61,212.2,panels/panel_0000061.jpg,6.551,6.551,0,existing,2,6.551=6.551|6554=6.554,parsed,--
62,212.4,panels/panel_0000062.jpg,7.084,7.084,0,existing,1,7.084=7.084,parsed,--
63,212.6,panels/panel_0000063.jpg,7.618,.7.618,0,existing,1,.7.618=7.618,review,speed_repaired_fallback;speed_edge_dot
64,212.8,panels/panel_0000064.jpg,8.151,8.151,0,existing,2,8.151=8.151|87154=87.154,parsed,--
65,213,panels/panel_0000065.jpg,8.408,8.408,0,existing,2,78408=78.408|8.408=8.408,parsed,--
66,213.2,panels/panel_0000066.jpg,8.274,8.274,2.45,existing,2,8.274=8.274|87274=87.274,parsed,--
67,213.4,panels/panel_0000067.jpg,8.141,8.141,0,existing,2,8.141=8.141|87144=87.144,parsed,--
68,213.6,panels/panel_0000068.jpg,8.008,8.008,35.3,existing,2,78908=78.908|8.008=8.008,parsed,--
69,213.8,panels/panel_0000069.jpg,7.874,7.874,0,existing,1,7.874=7.874,parsed,--
70,214,panels/panel_0000070.jpg,8.09,8.09,9.5,existing,2,78090=78.09|8.090=8.09,parsed,--
71,214.2,panels/panel_0000071.jpg,8.797,8.797,0,existing,2,8.797=8.797|8797=8.797,parsed,--
72,214.4,panels/panel_0000072.jpg,9.505,9.505,0,existing,1,9.505=9.505,parsed,--
73,214.6,panels/panel_0000073.jpg,10.212,10.212,0,existing,1,10.212=10.212,parsed,--
74,214.8,panels/panel_0000074.jpg,10.92,10.92,71.15,existing,1,10.920=10.92,parsed,--
75,215,panels/panel_0000075.jpg,11.572,11.572,0,existing,2,11.572=11.572|14572=14.572,parsed,--
76,215.2,panels/panel_0000076.jpg,12.146,12.146,0,existing,1,12.146=12.146,parsed,--
77,215.4,panels/panel_0000077.jpg,12.72,12.72,0,existing,1,12.720=12.72,parsed,--
78,215.6,panels/panel_0000078.jpg,13.294,13.294,18.18,existing,1,13.294=13.294,parsed,--
79,215.8,panels/panel_0000079.jpg,13.868,13.868,0,existing,2,13.868=13.868|13868=13.868,parsed,--
80,216,panels/panel_0000080.jpg,14.692,14.692,0,existing,2,14.692=14.692|14692=14.692,parsed,--
81,216.2,panels/panel_0000081.jpg,15.866,15.866,0,existing,2,15.866=15.866|15866=15.866,parsed,--
82,216.4,panels/panel_0000082.jpg,17.04,17.04,0,existing,2,17.040=17.04|47040=47.04,parsed,--
83,216.6,panels/panel_0000083.jpg,18.214,18.214,7.12,existing,1,18.214=18.214,parsed,--
84,216.8,panels/panel_0000084.jpg,19.388,19.388,0,existing,2,19.388=19.388|19388=19.388,parsed,--
85,217,panels/panel_0000085.jpg,20.481,20.481,0,existing,2,20.481=20.481|204814=204.814,parsed,--
86,217.2,panels/panel_0000086.jpg,21.459,21.459,23.75,existing,2,21.459=21.459|24459=24.459,parsed,--
87,217.4,panels/panel_0000087.jpg,22.437,22.437,0,existing,2,22.437=22.437|227437=227.437,parsed,--
88,217.6,panels/panel_0000088.jpg,23.415,23.415,0,existing,2,23.415=23.415|237415=237.415,parsed,--
89,217.8,panels/panel_0000089.jpg,24.392,24.392,0,existing,2,24.392=24.392|247392=247.392,parsed,--
90,218,panels/panel_0000090.jpg,25.383,25.383,0,existing,2,25.383=25.383|257383=257.383,parsed,--
91,218.2,panels/panel_0000091.jpg,26.39,26.39,0,existing,2,26.390=26.39|26390=26.39,parsed,--
92,218.4,panels/panel_0000092.jpg,27.398,27.398,0,existing,2,27.398=27.398|277398=277.398,parsed,--
93,218.6,panels/panel_0000093.jpg,28.405,28.405,0,existing,2,28.405=28.405|287405=287.405,parsed,--
94,218.8,panels/panel_0000094.jpg,29.413,29.413,0,existing,2,29.413=29.413|29413=29.413,parsed,--
95,219,panels/panel_0000095.jpg,30.538,30.538,0,existing,2,30.538=30.538|307538=307.538,parsed,--
96,219.2,panels/panel_0000096.jpg,31.831,31.831,0.52,existing,2,31.831=31.831|34831=34.831,parsed,--
97,219.4,panels/panel_0000097.jpg,33.124,33.124,0,existing,2,33.124=33.124|33124=33.124,parsed,--
98,219.6,panels/panel_0000098.jpg,34.416,34.416,0,existing,2,34.416=34.416|34416=34.416,parsed,--
99,219.8,panels/panel_0000099.jpg,35.709,35.709,53.33,existing,2,35.709=35.709|35709=35.709,parsed,--
100,220,panels/panel_0000100.jpg,36.631,36.631,0,existing,2,36.631=36.631|367631=367.631,parsed,--
101,220.2,panels/panel_0000101.jpg,37.031,37.031,0,existing,2,37.031=37.031|37034=37.034,parsed,--
102,220.4,panels/panel_0000102.jpg,37.431,37.431,0,existing,2,37.431=37.431|377434=377.434,parsed,--
103,220.6,panels/panel_0000103.jpg,37.831,37.831,0,existing,2,37.831=37.831|377831=377.831,parsed,--
104,220.8,panels/panel_0000104.jpg,38.232,38.232,0,existing,2,38.232=38.232|385232=385.232,parsed,--
105,221,panels/panel_0000105.jpg,38.902,38.902,0,existing,2,38.902=38.902|387902=387.902,parsed,--
106,221.2,panels/panel_0000106.jpg,39.954,39.954,1.21,existing,2,39.954=39.954|395954=395.954,parsed,--
107,221.4,panels/panel_0000107.jpg,41.006,41.006,0,existing,2,41.006=41.006|44006=44.006,parsed,--
108,221.6,panels/panel_0000108.jpg,42.058,42.058,0,existing,2,42.058=42.058|42058=42.058,parsed,--
109,221.8,panels/panel_0000109.jpg,43.11,43.11,0,existing,2,43.110=43.11|43110=43.11,parsed,--
110,222,panels/panel_0000110.jpg,44.168,44.168,0,existing,2,44.168=44.168|44168=44.168,parsed,--
111,222.2,panels/panel_0000111.jpg,45.235,45.235,0,existing,1,45.235=45.235,parsed,--
112,222.4,panels/panel_0000112.jpg,46.301,46.301,0,existing,2,46.301=46.301|46301=46.301,parsed,--
113,222.6,panels/panel_0000113.jpg,47.368,47.368,0,existing,1,47.368=47.368,parsed,--
114,222.8,panels/panel_0000114.jpg,48.435,48.435,0,existing,1,48.435=48.435,parsed,--
115,223,panels/panel_0000115.jpg,49.68,49.68,0,existing,2,49.680=49.68|49680=49.68,parsed,--
116,223.2,panels/panel_0000116.jpg,51.176,51.176,0,existing,2,51.176=51.176|54176=54.176,parsed,--
117,223.4,panels/panel_0000117.jpg,52.673,52.673,0,existing,2,25673=25.673|52.673=52.673,parsed,--
118,223.6,panels/panel_0000118.jpg,54.169,54.169,64.08,existing,2,54.169=54.169,parsed,--
119,223.8,panels/panel_0000119.jpg,55.666,55.666,0,existing,2,55.666=55.666|5666=5.666,parsed,--
120,224,panels/panel_0000120.jpg,56.635,56.635,0,existing,2,56.635=56.635|67635=67.635,parsed,--
121,224.2,panels/panel_0000121.jpg,56.861,56.861,0,existing,2,56.861=56.861|56861=56.861,parsed,--
122,224.4,panels/panel_0000122.jpg,57.087,57.087,0,existing,2,57.087=57.087|7087=7.087,parsed,--
123,224.6,panels/panel_0000123.jpg,57.313,57.313,0,existing,2,57.313=57.313|77313=77.313,parsed,--
124,224.8,panels/panel_0000124.jpg,57.539,57.539,0,existing,2,57.539=57.539|7539=7.539,parsed,--
125,225,panels/panel_0000125.jpg,57.761,57.761,0,existing,2,57.761=57.761|57764=57.764,parsed,--
126,225.2,panels/panel_0000126.jpg,57.98,57.98,44.86,existing,2,57.980=57.98|77980=77.98,parsed,--
127,225.4,panels/panel_0000127.jpg,58.199,58.199,56.2,existing,1,58.199=58.199,parsed,--
128,225.6,panels/panel_0000128.jpg,58.417,58.417,0,existing,2,58.417=58.417|58.447=58.447,review,speed_candidate_disagreement
129,225.8,panels/panel_0000129.jpg,58.636,58.636,0,existing,2,58.636=58.636|87636=87.636,parsed,--
130,226,panels/panel_0000130.jpg,58.813,58.813,0,existing,2,58.813=58.813|87813=87.813,parsed,--
131,226.2,panels/panel_0000131.jpg,58.931,58.931,0,existing,1,58.931=58.931,parsed,--
132,226.4,panels/panel_0000132.jpg,59.05,59.05,18.74,existing,2,59.050=59.05|9050=9.05,parsed,--
133,226.6,panels/panel_0000133.jpg,59.168,59.168,0.11,existing,2,59.168=59.168|95168=95.168,parsed,--
134,226.8,panels/panel_0000134.jpg,59.287,59.287,0,existing,2,59.287=59.287|9287=9.287,parsed,--
135,227,panels/panel_0000135.jpg,59.359,59.359,52.67,existing,2,59.359=59.359|9359=9.359,parsed,--
136,227.2,panels/panel_0000136.jpg,59.367,59.367,0,existing,2,59.367=59.367|9367=9.367,parsed,--
137,227.4,panels/panel_0000137.jpg,59.374,59.374,33.85,existing,2,59.374=59.374|95374=95.374,parsed,--
138,227.6,panels/panel_0000138.jpg,59.381,59.381,0,existing,2,59.381=59.381|9381=9.381,parsed,--
139,227.8,panels/panel_0000139.jpg,59.389,59.389,39.56,existing,1,59.389=59.389,parsed,--
140,228,panels/panel_0000140.jpg,59.496,59.496,0,existing,2,59.496=59.496|9496=9.496,parsed,--
141,228.2,panels/panel_0000141.jpg,59.744,59.744,27.27,existing,2,59.744=59.744|9.744=9.744,review,speed_candidate_disagreement
142,228.4,panels/panel_0000142.jpg,59.992,59.992,0,existing,2,59.992=59.992|97992=97.992,parsed,--
143,228.6,panels/panel_0000143.jpg,60.241,60.241,0,existing,1,60.241=60.241,parsed,--
144,228.8,panels/panel_0000144.jpg,60.489,60.489,43.46,existing,2,60.489=60.489|60489=60.489,parsed,--
145,229,panels/panel_0000145.jpg,60.636,60.636,0,existing,2,60.636=60.636|60636=60.636,parsed,--
146,229.2,panels/panel_0000146.jpg,60.639,60.639,0,existing,2,60.639=60.639|60639=60.639,parsed,--
147,229.4,panels/panel_0000147.jpg,60.643,60.643,0,existing,1,60.643=60.643,parsed,--
148,229.6,panels/panel_0000148.jpg,60.647,60.647,0,existing,1,60.647=60.647,parsed,--
149,229.8,panels/panel_0000149.jpg,60.65,60.65,30.2,existing,2,60.650=60.65|60650=60.65,parsed,--
150,230,panels/panel_0000150.jpg,60.477,60.477,0,existing,2,60.477=60.477|60477=60.477,parsed,--
151,230.2,panels/panel_0000151.jpg,60.055,60.055,23.69,existing,2,60.055=60.055|69055=69.055,parsed,--
152,230.4,panels/panel_0000152.jpg,59.633,59.633,0,existing,2,59.633=59.633|9633=9.633,parsed,--
153,230.6,panels/panel_0000153.jpg,59.21,59.21,0,existing,2,59.210=59.21|9210=9.21,parsed,--
154,230.8,panels/panel_0000154.jpg,58.788,58.788,10.98,existing,2,58.788=58.788|8.788=8.788,review,speed_candidate_disagreement
155,231,panels/panel_0000155.jpg,58.584,58.584,0,existing,1,58.584=58.584,parsed,--
156,231.2,panels/panel_0000156.jpg,58.688,58.688,23.2,existing,2,58.688=58.688|8688=8.688,parsed,--
157,231.4,panels/panel_0000157.jpg,58.792,58.792,0,existing,2,58.792=58.792|85792=85.792,parsed,--
158,231.6,panels/panel_0000158.jpg,58.895,58.895,0,existing,1,58.895=58.895,parsed,--
159,231.8,panels/panel_0000159.jpg,58.999,58.999,46.98,existing,2,58.999=58.999|8999=8.999,parsed,--
160,232,panels/panel_0000160.jpg,59.118,59.118,0,existing,2,59.118=59.118|95118=95.118,parsed,--
161,232.2,panels/panel_0000161.jpg,59.259,59.259,46.8,existing,2,59.259=59.259|95259=95.259,parsed,--
162,232.4,panels/panel_0000162.jpg,59.4,59.4,0,existing,2,59.400=59.4|9400=9.4,parsed,--
163,232.6,panels/panel_0000163.jpg,59.54,59.54,0,existing,2,59.540=59.54|9540=9.54,parsed,--
164,232.8,panels/panel_0000164.jpg,59.681,59.681,0,existing,2,59.681=59.681|9681=9.681,parsed,--
165,233,panels/panel_0000165.jpg,59.535,59.535,0,existing,1,59.535=59.535,parsed,--
166,233.2,panels/panel_0000166.jpg,58.983,58.983,56.46,existing,2,58.983=58.983|87983=87.983,parsed,--
167,233.4,panels/panel_0000167.jpg,58.431,58.431,0,existing,1,58.431=58.431,parsed,--
168,233.6,panels/panel_0000168.jpg,57.879,57.879,34.1,existing,2,57.879=57.879|7879=7.879,parsed,--
169,233.8,panels/panel_0000169.jpg,57.327,57.327,0,existing,2,57.327=57.327|77327=77.327,parsed,--
170,234,panels/panel_0000170.jpg,57.124,57.124,25.95,existing,2,57.124=57.124|7124=7.124,parsed,--
171,234.2,panels/panel_0000171.jpg,57.413,57.413,0,existing,2,57.413=57.413|77413=77.413,parsed,--
172,234.4,panels/panel_0000172.jpg,57.702,57.702,0,existing,2,57.702=57.702|75702=75.702,parsed,--
173,234.6,panels/panel_0000173.jpg,57.991,57.991,0,existing,2,57.991=57.991|7991=7.991,parsed,--
174,234.8,panels/panel_0000174.jpg,58.28,58.28,0,existing,2,58.280=58.28|87280=87.28,parsed,--
175,235,panels/panel_0000175.jpg,58.333,58...333,0,existing,1,58...333=58.333,review,speed_repaired_fallback;speed_duplicate_dot
176,235.2,panels/panel_0000176.jpg,58.056,58.056,21.25,existing,2,58.056=58.056|58056=58.056,parsed,--
177,235.4,panels/panel_0000177.jpg,57.778,57.778,15.69,existing,2,57.778=57.778|7778=7.778,parsed,--
178,235.6,panels/panel_0000178.jpg,57.5,57.5,0,existing,2,57.500=57.5|57500=57.5,parsed,--
179,235.8,panels/panel_0000179.jpg,57.222,57.222,0,existing,2,57.222=57.222|77222=77.222,parsed,--
180,236,panels/panel_0000180.jpg,56.898,56.898,0,existing,2,56.898=56.898|56898=56.898,parsed,--
181,236.2,panels/panel_0000181.jpg,56.509,56.509,0,existing,1,56.509=56.509,parsed,--
182,236.4,panels/panel_0000182.jpg,56.12,56.12,0,existing,2,56.120=56.12|56120=56.12,parsed,--
183,236.6,panels/panel_0000183.jpg,55.731,55.731,0,existing,1,55.731=55.731,parsed,--
184,236.8,panels/panel_0000184.jpg,55.343,55.343,0,existing,1,55.343=55.343,parsed,--
185,237,panels/panel_0000185.jpg,55.184,55.184,0,existing,1,55.184=55.184,parsed,--
186,237.2,panels/panel_0000186.jpg,55.351,55.351,0,existing,1,55.351=55.351,parsed,--
187,237.4,panels/panel_0000187.jpg,55.518,55.518,0,existing,2,55.518=55.518|5518=5.518,parsed,--
188,237.6,panels/panel_0000188.jpg,55.684,55.684,6.32,existing,1,55.684=55.684,parsed,--
189,237.8,panels/panel_0000189.jpg,55.851,55.851,0,existing,1,55.851=55.851,parsed,--
190,238,panels/panel_0000190.jpg,55.85,55.85,0,existing,2,55.850=55.85|57850=57.85,parsed,--
191,238.2,panels/panel_0000191.jpg,55.613,55.613,0,existing,2,55.613=55.613|57613=57.613,parsed,--
192,238.4,panels/panel_0000192.jpg,55.376,55.376,0,existing,1,55.376=55.376,parsed,--
193,238.6,panels/panel_0000193.jpg,55.139,55.139,62.13,existing,2,5139=5.139|55.139=55.139,parsed,--
194,238.8,panels/panel_0000194.jpg,54.902,54.902,0,existing,2,54.902=54.902|54902=54.902,parsed,--
195,239,panels/panel_0000195.jpg,54.735,54.735,0,existing,1,54.735=54.735,parsed,--
196,239.2,panels/panel_0000196.jpg,54.669,54.669,0,existing,2,54.669=54.669|54669=54.669,parsed,--
197,239.4,panels/panel_0000197.jpg,54.602,54.602,0,existing,2,54.602=54.602|54602=54.602,parsed,--
198,239.6,panels/panel_0000198.jpg,54.535,54.535,0,existing,2,54.535=54.535|54535=54.535,parsed,--
199,239.8,panels/panel_0000199.jpg,54.469,54.469,74.12,existing,2,4469=4.469|54.469=54.469,parsed,--
200,240,panels/panel_0000200.jpg,54.207,54207,0,existing,2,54..207=54.207|54207=54.207,review,speed_repaired_fallback;speed_decimal_reinserted;speed_duplicate_dot
201,240.2,panels/panel_0000201.jpg,53.67,53.67,0,existing,2,53.670=53.67|53670=53.67,parsed,--
202,240.4,panels/panel_0000202.jpg,53.133,53.133,0,existing,1,53.133=53.133,parsed,--
203,240.6,panels/panel_0000203.jpg,52.596,52.596,0,existing,2,27596=27.596|52.596=52.596,parsed,--
204,240.8,panels/panel_0000204.jpg,52.059,52.059,0,existing,2,27059=27.059|52.059=52.059,parsed,--
205,241,panels/panel_0000205.jpg,51.754,51.754,12.74,existing,1,51.754=51.754,parsed,--
206,241.2,panels/panel_0000206.jpg,51.776,51.776,0,existing,1,51.776=51.776,parsed,--
207,241.4,panels/panel_0000207.jpg,51.798,51.798,19.76,existing,1,51.798=51.798,parsed,--
208,241.6,panels/panel_0000208.jpg,51.82,51.82,0,existing,2,4820=4.82|51.820=51.82,parsed,--
209,241.8,panels/panel_0000209.jpg,51.843,51.843,0,existing,2,4843=4.843|51.843=51.843,parsed,--
210,242,panels/panel_0000210.jpg,51.849,51.849,0,existing,2,4849=4.849|51.849=51.849,parsed,--
211,242.2,panels/panel_0000211.jpg,51.835,51.835,0,existing,2,45835=45.835|51.835=51.835,parsed,--
212,242.4,panels/panel_0000212.jpg,51.82,51.82,0,existing,2,4820=4.82|51.820=51.82,parsed,--
213,242.6,panels/panel_0000213.jpg,51.805,51.805,0,existing,2,4805=4.805|51.805=51.805,parsed,--
214,242.8,panels/panel_0000214.jpg,51.79,51.79,0,existing,2,45790=45.79|51.790=51.79,parsed,--
215,243,panels/panel_0000215.jpg,51.774,51.774,37.91,existing,1,51.774=51.774,parsed,--
216,243.2,panels/panel_0000216.jpg,51.755,51.755.,68.04,existing,1,51.755.=51.755,review,speed_repaired_fallback;speed_edge_dot
217,243.4,panels/panel_0000217.jpg,51.737,51.737,0,existing,2,51.737=51.737|5473=5.473,parsed,--
218,243.6,panels/panel_0000218.jpg,51.718,51.718,0,existing,2,45718=45.718|51.718=51.718,parsed,--
219,243.8,panels/panel_0000219.jpg,51.7,51.7,0,existing,2,4700=4.7|51.700=51.7,parsed,--
220,244,panels/panel_0000220.jpg,51.964,51.964,12.25,existing,2,4964=4.964|51.964=51.964,parsed,--
221,244.2,panels/panel_0000221.jpg,52.627,52.627,0,existing,2,25627=25.627|52.627=52.627,parsed,--
222,244.4,panels/panel_0000222.jpg,53.29,53.29,0,existing,2,37290=37.29|53.290=53.29,parsed,--
223,244.6,panels/panel_0000223.jpg,53.953,53.953,0,existing,2,37953=37.953|53.953=53.953,parsed,--
224,244.8,panels/panel_0000224.jpg,54.616,54.616,0,existing,2,54.616=54.616|54616=54.616,parsed,--
225,245,panels/panel_0000225.jpg,55.135,55.135,0,existing,2,55.135=55.135|57135=57.135,parsed,--
226,245.2,panels/panel_0000226.jpg,55.449,55.449,0,existing,2,55.449=55.449|57449=57.449,parsed,--
227,245.4,panels/panel_0000227.jpg,55.764,55.764,0,existing,1,55.764=55.764,parsed,--
228,245.6,panels/panel_0000228.jpg,56.079,56.079,46.53,existing,2,56.079=56.079|65079=65.079,parsed,--
229,245.8,panels/panel_0000229.jpg,56.394,56.394,20.85,existing,1,56.394=56.394,parsed,--
230,246,panels/panel_0000230.jpg,56.503,56.503,0,existing,2,56.503=56.503|56503=56.503,parsed,--
231,246.2,panels/panel_0000231.jpg,56.321,56.321,0,existing,1,56.321=56.321,parsed,--
232,246.4,panels/panel_0000232.jpg,56.14,56.14,0,existing,2,56.140=56.14|56140=56.14,parsed,--
233,246.6,panels/panel_0000233.jpg,59.956,99.956,0,recover_s7_t190_c11,1,99.956=99.956,review,speed_leading_digit_substituted;speed_candidate_disagreement
234,246.8,panels/panel_0000234.jpg,55.777,55.777,0,existing,1,55.777=55.777,parsed,--
235,247,panels/panel_0000235.jpg,55.531,55.531,0,existing,1,55.531=55.531,parsed,--
236,247.2,panels/panel_0000236.jpg,55.194,55.194,0,existing,1,55.194=55.194,parsed,--
237,247.4,panels/panel_0000237.jpg,54.857,54.857,0,existing,2,54.857=54.857|54857=54.857,parsed,--
238,247.6,panels/panel_0000238.jpg,54.52,54.52,0,existing,2,4520=4.52|54.520=54.52,parsed,--
239,247.8,panels/panel_0000239.jpg,54.182,54.182,0,existing,2,54.182=54.182|54182=54.182,parsed,--
240,248,panels/panel_0000240.jpg,54.227,54.227,0,existing,2,4227=4.227|54.227=54.227,parsed,--
241,248.2,panels/panel_0000241.jpg,54.808,54.808,0,existing,2,54.808=54.808|54808=54.808,parsed,--
242,248.4,panels/panel_0000242.jpg,55.39,55.39,0,existing,2,55.390=55.39|57390=57.39,parsed,--
243,248.6,panels/panel_0000243.jpg,55.971,55.971,0,existing,1,55.971=55.971,parsed,--
244,248.8,panels/panel_0000244.jpg,56.553,56.553,0,existing,1,56.553=56.553,parsed,--
245,249,panels/panel_0000245.jpg,56.953,56.953,0,existing,2,56.953=56.953|67953=67.953,parsed,--
246,249.2,panels/panel_0000246.jpg,57.097,57.097,0,existing,2,57.097=57.097|7097=7.097,parsed,--
247,249.4,panels/panel_0000247.jpg,57.242,57.242,0,existing,2,57.242=57.242|57242=57.242,parsed,--
248,249.6,panels/panel_0000248.jpg,57.386,57.386,,--,0,--,review,speed_missing
249,249.8,panels/panel_0000249.jpg,57.531,57.531,0,existing,2,57.531=57.531|77531=77.531,parsed,--
250,250,panels/panel_0000250.jpg,57.569,57.569,0,existing,2,57.569=57.569|7569=7.569,parsed,--
251,250.2,panels/panel_0000251.jpg,57.458,57.458,0,existing,2,57.458=57.458|7458=7.458,parsed,--
252,250.4,panels/panel_0000252.jpg,57.347,57.347,0,existing,1,57.347=57.347,parsed,--
253,250.6,panels/panel_0000253.jpg,57.236,57.236,0,existing,2,57..236=57.236|75236=75.236,review,speed_repaired_fallback;speed_candidate_disagreement;speed_duplicate_dot
254,250.8,panels/panel_0000254.jpg,57.125,57.125,0,existing,2,57.125=57.125|57125=57.125,parsed,--
255,251,panels/panel_0000255.jpg,57.09,57.090.,18.12,existing,2,57.090.=57.09|7090=7.09,review,speed_repaired_fallback;speed_candidate_disagreement;speed_edge_dot
256,251.2,panels/panel_0000256.jpg,57.164,57.164,36.65,existing,2,57.164=57.164|7164=7.164,parsed,--
257,251.4,panels/panel_0000257.jpg,57.239,57.239,40.96,existing,2,57.239=57.239|75239=75.239,parsed,--
258,251.6,panels/panel_0000258.jpg,57.313,57.313,0,existing,2,57.313=57.313|77313=77.313,parsed,--
259,251.8,panels/panel_0000259.jpg,57.387,57.387,0,existing,2,57.387=57.387|77387=77.387,parsed,--
260,252,panels/panel_0000260.jpg,57.365,57.365,0,existing,2,57.365=57.365|77365=77.365,parsed,--
261,252.2,panels/panel_0000261.jpg,57.21,57.21,0,existing,1,57.210=57.21,parsed,--
262,252.4,panels/panel_0000262.jpg,57.054,57.054,20.34,existing,2,57.054=57.054|7054=7.054,parsed,--
263,252.6,panels/panel_0000263.jpg,56.899,56.899,0,existing,1,56.899=56.899,parsed,--
264,252.8,panels/panel_0000264.jpg,56.743,56.743,0,existing,1,56.743=56.743,parsed,--
265,253,panels/panel_0000265.jpg,56.591,56.591,0,existing,2,56.591=56.591|56591=56.591,parsed,--
266,253.2,panels/panel_0000266.jpg,56.443,56.443,0,existing,2,56.443=56.443|6443=6.443,parsed,--
267,253.4,panels/panel_0000267.jpg,56.294,56.294,59.07,existing,1,56.294=56.294,parsed,--
268,253.6,panels/panel_0000268.jpg,56.146,56.146,0,existing,1,56.146=56.146,parsed,--
269,253.8,panels/panel_0000269.jpg,55.998,55.998,0,existing,2,55.998=55.998|57998=57.998,parsed,--
270,254,panels/panel_0000270.jpg,56.13,56.13,0,existing,2,56.130=56.13|6130=6.13,parsed,--
271,254.2,panels/panel_0000271.jpg,56.656,56.656,0,existing,1,56.656=56.656,parsed,--
272,254.4,panels/panel_0000272.jpg,57.182,57.182,0,existing,1,57.182=57.182,parsed,--
273,254.6,panels/panel_0000273.jpg,57.708,57.708,5.27,existing,1,57.708=57.708,parsed,--
274,254.8,panels/panel_0000274.jpg,58.234,58.234,33.09,existing,1,58.234=58.234,parsed,--
275,255,panels/panel_0000275.jpg,58.549,58.549,54.03,existing,1,58.549=58.549,parsed,--
276,255.2,panels/panel_0000276.jpg,58.567,58.567,0,existing,2,58.567=58.567|58567=58.567,parsed,--
277,255.4,panels/panel_0000277.jpg,58.586,58.586,0,existing,2,58.586=58.586|58586=58.586,parsed,--
278,255.6,panels/panel_0000278.jpg,58.604,58.604,8.4,existing,2,58.604=58.604|58604=58.604,parsed,--
279,255.8,panels/panel_0000279.jpg,58.623,58.623,12.05,existing,1,58.623=58.623,parsed,--
280,256,panels/panel_0000280.jpg,58.634,58.634,0,existing,1,58.634=58.634,parsed,--
281,256.2,panels/panel_0000281.jpg,58.634,58.634,15.81,existing,2,58.634=58.634|85634=85.634,parsed,--
282,256.4,panels/panel_0000282.jpg,58.634,58.634,0,existing,2,58.634=58.634|58634=58.634,parsed,--
283,256.6,panels/panel_0000283.jpg,58.634,58.634,0,existing,1,58.634=58.634,parsed,--
284,256.8,panels/panel_0000284.jpg,58.634,58.634,3.07,existing,1,58.634=58.634,parsed,--
285,257,panels/panel_0000285.jpg,58.459,58.459,0,existing,1,58.459=58.459,parsed,--
286,257.2,panels/panel_0000286.jpg,58.036,58.036,0,existing,2,58.036=58.036|58036=58.036,parsed,--
287,257.4,panels/panel_0000287.jpg,57.614,57.614,2.78,existing,1,57.614=57.614,parsed,--
288,257.6,panels/panel_0000288.jpg,57.192,57.192,0,existing,2,57.192=57.192|75192=75.192,parsed,--
289,257.8,panels/panel_0000289.jpg,56.77,56.77,0,existing,1,56.770=56.77,parsed,--
290,258,panels/panel_0000290.jpg,56.463,56.463,0,existing,2,56.463=56.463|56463=56.463,parsed,--
291,258.2,panels/panel_0000291.jpg,56.318,56..318,0,existing,1,56..318=56.318,review,speed_repaired_fallback;speed_duplicate_dot
292,258.4,panels/panel_0000292.jpg,56.174,56.174,38.04,existing,1,56.174=56.174,parsed,--
293,258.6,panels/panel_0000293.jpg,56.029,56.029,50.42,existing,2,56.029=56.029|56029=56.029,parsed,--
294,258.8,panels/panel_0000294.jpg,55.885,55.885,0,existing,2,55.885=55.885|57885=57.885,parsed,--
295,259,panels/panel_0000295.jpg,55.805,55.805,0,existing,2,55.805=55.805|57805=57.805,parsed,--
296,259.2,panels/panel_0000296.jpg,55.816,55.816,0,existing,2,55.816=55.816|57816=57.816,parsed,--
297,259.4,panels/panel_0000297.jpg,55.827,55.827,0,existing,1,55.827=55.827,parsed,--
298,259.6,panels/panel_0000298.jpg,55.838,55.838,0,existing,1,55.838=55.838,parsed,--
299,259.8,panels/panel_0000299.jpg,55.849,55.849,3.84,existing,2,55.849=55.849|5849=5.849,parsed,--
300,260,panels/panel_0000300.jpg,56.073,56.073,0,existing,2,56.073=56.073|6073=6.073,parsed,--
301,260.2,panels/panel_0000301.jpg,56.595,56.595,0,existing,2,56.595=56.595|67595=67.595,parsed,--
302,260.4,panels/panel_0000302.jpg,57.117,57.117,7.25,existing,2,57.117=57.117|5711=5.711,parsed,--
303,260.6,panels/panel_0000303.jpg,57.639,57.639,35.13,existing,2,57.639=57.639|7639=7.639,parsed,--
304,260.8,panels/panel_0000304.jpg,58.162,58.162,0,existing,2,58.162=58.162|8162=8.162,parsed,--
305,261,panels/panel_0000305.jpg,58.535,58.535,0,existing,2,58.535=58.535|87535=87.535,parsed,--
306,261.2,panels/panel_0000306.jpg,58.698,58.698,6.65,existing,2,58.698=58.698|85698=85.698,parsed,--
307,261.4,panels/panel_0000307.jpg,58.861,58.861,0,existing,2,58.861=58.861|87861=87.861,parsed,--
308,261.6,panels/panel_0000308.jpg,59.024,59.024,79.56,existing,2,59.024=59.024|9024=9.024,parsed,--
309,261.8,panels/panel_0000309.jpg,59.187,59.187,0,existing,2,59.187=59.187|95187=95.187,parsed,--
310,262,panels/panel_0000310.jpg,59.411,59.411,0,existing,2,59.411=59.411|97444=97.444,parsed,--
311,262.2,panels/panel_0000311.jpg,59.722,59.722,0,existing,2,59.722=59.722|95722=95.722,parsed,--
312,262.4,panels/panel_0000312.jpg,60.033,60.033,0,existing,2,60.033=60.033|69033=69.033,parsed,--
313,262.6,panels/panel_0000313.jpg,60.345,60.345,0,existing,1,60.345=60.345,parsed,--
314,262.8,panels/panel_0000314.jpg,60.656,60.656,0,existing,2,60.656=60.656|60656=60.656,parsed,--
315,263,panels/panel_0000315.jpg,61.043,61.043,0,existing,2,61.043=61.043|64013=64.013,parsed,--
316,263.2,panels/panel_0000316.jpg,61.435,61.435,0,existing,1,61.435=61.435,parsed,--
317,263.4,panels/panel_0000317.jpg,61.857,61.857,0,existing,2,61.857=61.857|64857=64.857,parsed,--
318,263.6,panels/panel_0000318.jpg,62.28,62.28,0,existing,1,62.280=62.28,parsed,--
319,263.8,panels/panel_0000319.jpg,62.702,62.702,0,existing,1,62.702=62.702,parsed,--
320,264,panels/panel_0000320.jpg,62.866,62.866,0,existing,1,62.866=62.866,parsed,--
321,264.2,panels/panel_0000321.jpg,62.666,62.666,0,existing,2,62.666=62.666|62666=62.666,parsed,--
322,264.4,panels/panel_0000322.jpg,62.466,62.466,0,existing,1,62.466=62.466,parsed,--
323,264.6,panels/panel_0000323.jpg,62.266,62.266,16.4,existing,1,62.266=62.266,parsed,--
324,264.8,panels/panel_0000324.jpg,62.066,62.066,0,existing,1,62.066=62.066,parsed,--
325,265,panels/panel_0000325.jpg,62.438,62.438,28.34,existing,1,62.438=62.438,parsed,--
326,265.2,panels/panel_0000326.jpg,63.616,63.616,0,existing,2,63.616=63.616|63646=63.646,parsed,--
327,265.4,panels/panel_0000327.jpg,64.793,64.793,0,existing,1,64.793=64.793,parsed,--
328,265.6,panels/panel_0000328.jpg,65.971,65.971,0,existing,1,65.971=65.971,parsed,--
329,265.8,panels/panel_0000329.jpg,67.149,67.149,56.74,existing,2,67.149=67.149|67149=67.149,parsed,--
330,266,panels/panel_0000330.jpg,67.926,67.926,0,existing,2,67.926=67.926|67926=67.926,parsed,--
331,266.2,panels/panel_0000331.jpg,68.137,68.137,0,existing,1,68.137=68.137,parsed,--
332,266.4,panels/panel_0000332.jpg,68.348,68.348,0,existing,1,68.348=68.348,parsed,--
333,266.6,panels/panel_0000333.jpg,68.559,68.559,0,existing,1,68.559=68.559,parsed,--
334,266.8,panels/panel_0000334.jpg,68.77,68.77,0,existing,1,68.770=68.77,parsed,--
335,267,panels/panel_0000335.jpg,68.74,68.74,6.68,existing,1,68.740=68.74,parsed,--
336,267.2,panels/panel_0000336.jpg,68.37,68.37,0,existing,2,68.370=68.37|68370=68.37,parsed,--
337,267.4,panels/panel_0000337.jpg,67.999,67.999,42.37,existing,1,67.999=67.999,parsed,--
338,267.6,panels/panel_0000338.jpg,67.629,67.629,15.01,existing,2,67.629=67.629|67629=67.629,parsed,--
339,267.8,panels/panel_0000339.jpg,67.259,67.259,26.49,existing,2,67.259=67.259|67259=67.259,parsed,--
340,268,panels/panel_0000340.jpg,67.191,67.191,0,existing,1,67.191=67.191,parsed,--
341,268.2,panels/panel_0000341.jpg,67.55,67.55,0,existing,2,67.550=67.55|67550=67.55,parsed,--
342,268.4,panels/panel_0000342.jpg,67.91,67.91,0,existing,1,67.910=67.91,parsed,--
343,268.6,panels/panel_0000343.jpg,68.269,68.269,29.11,existing,1,68.269=68.269,parsed,--
344,268.8,panels/panel_0000344.jpg,68.628,68.628,0,existing,2,68.628=68.628|68628=68.628,parsed,--
345,269,panels/panel_0000345.jpg,69.084,69.084,52.26,existing,2,69.084=69.084|69084=69.084,parsed,--
346,269.2,panels/panel_0000346.jpg,69.677,69.677,0,existing,1,69.677=69.677,parsed,--
347,269.4,panels/panel_0000347.jpg,70.27,70.27,19.63,existing,2,05270=5.27|70.270=70.27,parsed,--
348,269.6,panels/panel_0000348.jpg,70.862,70.862,0,existing,2,0862=0.862|70.862=70.862,parsed,--
349,269.8,panels/panel_0000349.jpg,71.455,71.455,0,existing,2,44455=44.455|71.455=71.455,parsed,--
350,270,panels/panel_0000350.jpg,71.869,71.869,8.28,existing,2,4869=4.869|71.869=71.869,parsed,--
351,270.2,panels/panel_0000351.jpg,72.032,72.032,0,existing,2,27032=27.032|72.032=72.032,parsed,--
352,270.4,panels/panel_0000352.jpg,72.195,72.195,0,existing,1,72.195=72.195,parsed,--
353,270.6,panels/panel_0000353.jpg,72.358,72.358,0,existing,1,72.358=72.358,parsed,--
354,270.8,panels/panel_0000354.jpg,72.521,72.521,0,existing,2,27524=27.524|72.521=72.521,parsed,--
355,271,panels/panel_0000355.jpg,72.433,72.433,0,existing,2,27433=27.433|72.433=72.433,parsed,--
356,271.2,panels/panel_0000356.jpg,71.993,71.993,0,existing,1,71.993=71.993,parsed,--
357,271.4,panels/panel_0000357.jpg,71.552,71.552,0,existing,2,47552=47.552|71.552=71.552,parsed,--
358,271.6,panels/panel_0000358.jpg,71.181,71.181,34.4,existing,1,71.181=71.181,parsed,--
359,271.8,panels/panel_0000359.jpg,70.67,70.67,0,existing,2,05670=5.67|70.670=70.67,parsed,--
360,272,panels/panel_0000360.jpg,70.817,70.817,0,existing,2,058147=58.147|70.817=70.817,parsed,--
361,272.2,panels/panel_0000361.jpg,71.791,71.791,0,existing,2,4794=4.794|71.791=71.791,parsed,--
362,272.4,panels/panel_0000362.jpg,72.765,72.765,0,existing,2,25765=25.765|72.765=72.765,parsed,--
363,272.6,panels/panel_0000363.jpg,73.739,73.739,0,existing,2,35739=35.739|73.739=73.739,parsed,--
364,272.8,panels/panel_0000364.jpg,74.713,74.713,0,existing,2,45713=45.713|74.713=74.713,parsed,--
365,273,panels/panel_0000365.jpg,75.18,75.18,0,existing,2,5180=5.18|75.180=75.18,parsed,--
366,273.2,panels/panel_0000366.jpg,74.932,74.932,0,existing,2,4932=4.932|74.932=74.932,parsed,--
367,273.4,panels/panel_0000367.jpg,74.684,74.684,21.98,existing,2,4684=4.684|74.684=74.684,parsed,--
368,273.6,panels/panel_0000368.jpg,74.436,74.436,0,existing,2,4436=4.436|74.436=74.436,parsed,--
369,273.8,panels/panel_0000369.jpg,74.188,74.188,0,existing,2,4188=4.188|74.188=74.188,parsed,--
370,274,panels/panel_0000370.jpg,74.001,74.001,0,existing,2,4001=4.001|74.001=74.001,parsed,--
371,274.2,panels/panel_0000371.jpg,73.901,73.901,0,existing,2,37901=37.901|73.901=73.901,parsed,--
372,274.4,panels/panel_0000372.jpg,73.801,73.801,0,existing,2,3804=3.804|73.801=73.801,parsed,--
373,274.6,panels/panel_0000373.jpg,73.701,73.701,0,existing,2,35704=35.704|73.701=73.701,parsed,--
374,274.8,panels/panel_0000374.jpg,73.601,73.601,0,existing,2,3601=3.601|73.601=73.601,parsed,--
375,275,panels/panel_0000375.jpg,73.867,73.867,0,existing,2,37867=37.867|73.867=73.867,parsed,--
376,275.2,panels/panel_0000376.jpg,74.648,74.648,0,existing,2,4648=4.648|74.648=74.648,parsed,--
377,275.4,panels/panel_0000377.jpg,75.43,75.43,0,existing,2,15430=15.43|75.430=75.43,parsed,--
378,275.6,panels/panel_0000378.jpg,76.201,76.201,51.24,existing,2,65244=65.244|76.201=76.201,parsed,--
379,275.8,panels/panel_0000379.jpg,76.993,76.993,6.73,existing,2,65993=65.993|76.993=76.993,parsed,--
380,276,panels/panel_0000380.jpg,77.369,17.369,0,existing,2,17.369=17.369|7369=7.369,review,speed_leading_digit_substituted
381,276.2,panels/panel_0000381.jpg,77.172,77.172,14.18,existing,1,77.172=77.172,parsed,--
382,276.4,panels/panel_0000382.jpg,76.976,76.976,0,existing,2,65976=65.976|76.976=76.976,parsed,--
383,276.6,panels/panel_0000383.jpg,76.78,76.78,2.74,existing,2,65780=65.78|76.780=76.78,parsed,--
384,276.8,panels/panel_0000384.jpg,76.583,76.583,0,existing,2,67583=67.583|76.583=76.583,parsed,--
385,277,panels/panel_0000385.jpg,76.475,76.475,0,existing,2,16.475=16.475|67475=67.475,review,speed_leading_digit_substituted
386,277.2,panels/panel_0000386.jpg,76.49,76.49,43.49,existing,2,6490=6.49|76.490=76.49,parsed,--
387,277.4,panels/panel_0000387.jpg,76.504,76.504,12.44,existing,2,67504=67.504|76.504=76.504,parsed,--
388,277.6,panels/panel_0000388.jpg,76.519,76.519,59.8,existing,2,67019=67.019|76.519=76.519,parsed,--
389,277.8,panels/panel_0000389.jpg,76.534,76.534,,--,1,167534=167.534,review,speed_unreliable_repair
390,278,panels/panel_0000390.jpg,76.549,76.549,,--,0,--,review,speed_missing
391,278.2,panels/panel_0000391.jpg,76.564,76564,0,existing,2,67564=67.564|76564=76.564,review,speed_repaired_fallback;speed_candidate_disagreement;speed_decimal_reinserted
392,278.4,panels/panel_0000392.jpg,76.578,16.578,0,existing,1,16.578=16.578,review,speed_leading_digit_substituted
393,278.6,panels/panel_0000393.jpg,76.593,76.593,0,existing,1,76.593=76.593,parsed,--
394,278.8,panels/panel_0000394.jpg,76.608,76.608,0.58,existing,1,76.608=76.608,parsed,--
395,279,panels/panel_0000395.jpg,76.623,76.623.,0.48,existing,2,76.623.=76.623|77623=77.623,review,speed_repaired_fallback;speed_candidate_disagreement;speed_edge_dot
396,279.2,panels/panel_0000396.jpg,76.638,16.638.,38.1,existing,2,16.638.=16.638|67638=67.638,review,speed_repaired_fallback;speed_leading_digit_substituted;speed_candidate_disagreement;speed_edge_dot
397,279.4,panels/panel_0000397.jpg,76.653,76.653,0,existing,2,6653=6.653|76.653=76.653,parsed,--
398,279.6,panels/panel_0000398.jpg,76.667,16.667,0,existing,2,16.667=16.667|65667=65.667,review,speed_leading_digit_substituted
399,279.8,panels/panel_0000399.jpg,76.682,76.682,0,existing,2,65682=65.682|76.682=76.682,parsed,--
400,280,panels/panel_0000400.jpg,76.845,76.845,0,existing,2,65845=65.845|76.845=76.845,parsed,--
401,280.2,panels/panel_0000401.jpg,77.215,77.215,0,existing,2,77.215=77.215|77215=77.215,parsed,--
402,280.4,panels/panel_0000402.jpg,77.585,77.585,0,existing,2,7585=7.585|77.585=77.585,parsed,--
403,280.6,panels/panel_0000403.jpg,77.956,77956,0,existing,2,17.956=17.956|77956=77.956,review,speed_leading_digit_suspect;speed_decimal_reinserted
404,280.8,panels/panel_0000404.jpg,78.326,78.326,0,existing,2,78.326=78.326|87326=87.326,parsed,--
405,281,panels/panel_0000405.jpg,78.547,78.547,0,existing,2,78.547=78.547|87547=87.547,parsed,--
406,281.2,panels/panel_0000406.jpg,78.559,78.559,48.67,existing,2,78.559=78.559|87559=87.559,parsed,--
407,281.4,panels/panel_0000407.jpg,78.57,78.57,0,existing,2,78.570=78.57|85570=85.57,parsed,--
408,281.6,panels/panel_0000408.jpg,78.581,78.581,0,existing,2,78.581=78.581|87584=87.584,parsed,--
409,281.8,panels/panel_0000409.jpg,78.592,78.592,0,existing,2,78.592=78.592|87592=87.592,parsed,--
410,282,panels/panel_0000410.jpg,78.498,78.498,0,existing,2,78.498=78.498|8498=8.498,parsed,--
411,282.2,panels/panel_0000411.jpg,78.258,78.258,0,existing,2,78.258=78.258|78258=78.258,parsed,--
412,282.4,panels/panel_0000412.jpg,78.017,78.017,0,existing,1,78.017=78.017,parsed,--
413,282.6,panels/panel_0000413.jpg,77.776,77.776,0,existing,1,77.776=77.776,parsed,--
414,282.8,panels/panel_0000414.jpg,77.535,77535,0,existing,2,17.535=17.535|77535=77.535,review,speed_leading_digit_suspect;speed_decimal_reinserted
415,283,panels/panel_0000415.jpg,77.27,17.27,0,existing,2,17.270=17.27|7270=7.27,review,speed_leading_digit_substituted
416,283.2,panels/panel_0000416.jpg,76.97,76.97,0,existing,2,65970=65.97|76.970=76.97,parsed,--
417,283.4,panels/panel_0000417.jpg,76.67,76.67,0,existing,2,65670=65.67|76.670=76.67,parsed,--
418,283.6,panels/panel_0000418.jpg,76.37,76.37,0,existing,2,6370=6.37|76.370=76.37,parsed,--
419,283.8,panels/panel_0000419.jpg,76.07,76.07,6.77,existing,2,6070=6.07|76.070=76.07,parsed,--
420,284,panels/panel_0000420.jpg,75.859,75.859,44.88,existing,2,15859=15.859|75.859=75.859,parsed,--
421,284.2,panels/panel_0000421.jpg,75.774,15.774,14.89,existing,1,15.774=15.774,review,speed_leading_digit_substituted
422,284.4,panels/panel_0000422.jpg,75.689,75.689,0,existing,2,157689=157.689|75.689=75.689,parsed,--
423,284.6,panels/panel_0000423.jpg,75.604,75.604,0,existing,2,5604=5.604|75.604=75.604,parsed,--
424,284.8,panels/panel_0000424.jpg,75.518,75.518,0,existing,2,157518=157.518|75.518=75.518,parsed,--
425,285,panels/panel_0000425.jpg,75.624,75.624,59.07,existing,2,157624=157.624|75.624=75.624,parsed,--
426,285.2,panels/panel_0000426.jpg,75.998,75.998,0,existing,2,157998=157.998|75.998=75.998,parsed,--
427,285.4,panels/panel_0000427.jpg,76.372,16.372,1.92,existing,2,16.372=16.372|65372=65.372,review,speed_leading_digit_substituted
428,285.6,panels/panel_0000428.jpg,76.746,16.746,0,existing,2,16.746=16.746|65746=65.746,review,speed_leading_digit_substituted
429,285.8,panels/panel_0000429.jpg,77.12,77.12,0,existing,2,77.120=77.12|77120=77.12,parsed,--
430,286,panels/panel_0000430.jpg,77.198,77.198,0.67,existing,2,7198=7.198|77.198=77.198,parsed,--
431,286.2,panels/panel_0000431.jpg,76.857,76.857,0,existing,2,65857=65.857|76.857=76.857,parsed,--
432,286.4,panels/panel_0000432.jpg,76.516,76.516,0,existing,2,65516=65.516|76.516=76.516,parsed,--
433,286.6,panels/panel_0000433.jpg,76.175,76.175,0,existing,2,65475=65.475|76.175=76.175,parsed,--
434,286.8,panels/panel_0000434.jpg,75.835,75.835,0,existing,2,157835=157.835|75.835=75.835,parsed,--
435,287,panels/panel_0000435.jpg,75.843,75.843,0,existing,2,15843=15.843|75.843=75.843,parsed,--
436,287.2,panels/panel_0000436.jpg,76.343,76.343,0,existing,2,67343=67.343|76.343=76.343,parsed,--
437,287.4,panels/panel_0000437.jpg,76.843,76.843,0,existing,2,65843=65.843|76.843=76.843,parsed,--
438,287.6,panels/panel_0000438.jpg,77.343,77343,0,existing,2,17.343=17.343|77343=77.343,review,speed_leading_digit_suspect;speed_decimal_reinserted
439,287.8,panels/panel_0000439.jpg,77.843,77.843,0,existing,2,77.843=77.843|7843=7.843,parsed,--
440,288,panels/panel_0000440.jpg,78.098,78.098,14.39,existing,2,78.098=78.098|78098=78.098,parsed,--
441,288.2,panels/panel_0000441.jpg,78.01,78.01,0,existing,2,78.010=78.01|78010=78.01,parsed,--
442,288.4,panels/panel_0000442.jpg,77.921,77.921,0,existing,2,77.921=77.921|7921=7.921,parsed,--
443,288.6,panels/panel_0000443.jpg,77.832,77.832,0,existing,2,77.832=77.832|77832=77.832,parsed,--
444,288.8,panels/panel_0000444.jpg,77.743,17.743,0,existing,1,17.743=17.743,review,speed_leading_digit_substituted
445,289,panels/panel_0000445.jpg,77.822,77.822,0,existing,2,77.822=77.822|77822=77.822,parsed,--
446,289.2,panels/panel_0000446.jpg,78.136,78.136,0,existing,1,78.136=78.136,parsed,--
447,289.4,panels/panel_0000447.jpg,78.451,78.451,0,existing,2,78.451=78.451|87454=87.454,parsed,--
448,289.6,panels/panel_0000448.jpg,78.766,78.766,13.92,existing,2,78.766=78.766|85766=85.766,parsed,--
449,289.8,panels/panel_0000449.jpg,79.081,79.081,0,existing,2,79.081=79.081|9081=9.081,parsed,--
450,290,panels/panel_0000450.jpg,79.07,79.07,0,existing,2,79.070=79.07|9070=9.07,parsed,--
451,290.2,panels/panel_0000451.jpg,78.599,78.599,45.42,existing,2,78.599=78.599|85599=85.599,parsed,--
452,290.4,panels/panel_0000452.jpg,78.129,78.129,71.31,existing,1,78.129=78.129,parsed,--
453,290.6,panels/panel_0000453.jpg,77.659,17.659.,46.53,existing,1,17.659.=17.659,review,speed_repaired_fallback;speed_leading_digit_substituted;speed_edge_dot
454,290.8,panels/panel_0000454.jpg,77.188,77.188,7.59,existing,2,7188=7.188|77.188=77.188,parsed,--
455,291,panels/panel_0000455.jpg,77.042,17.042,0,existing,2,17.042=17.042|7042=7.042,review,speed_leading_digit_substituted
456,291.2,panels/panel_0000456.jpg,77.353,77.353,0,existing,2,77.353=77.353|77353=77.353,parsed,--
457,291.4,panels/panel_0000457.jpg,77.664,17.664,14.43,existing,2,17.664=17.664|7664=7.664,review,speed_leading_digit_substituted
458,291.6,panels/panel_0000458.jpg,77.976,17.976,29.64,existing,2,17.976=17.976|7976=7.976,review,speed_leading_digit_substituted
459,291.8,panels/panel_0000459.jpg,78.287,18..287,0,existing,1,18..287=18.287,review,speed_repaired_fallback;speed_leading_digit_substituted;speed_duplicate_dot
460,292,panels/panel_0000460.jpg,78.383,78.383,0,existing,2,78.383=78.383|87383=87.383,parsed,--
461,292.2,panels/panel_0000461.jpg,78.175,78.175,0,existing,2,78.175=78.175|85475=85.475,parsed,--
462,292.4,panels/panel_0000462.jpg,77.968,77.968,0,existing,2,45968=45.968|77.968=77.968,parsed,--
463,292.6,panels/panel_0000463.jpg,77.76,17.76,0,existing,1,17.760=17.76,review,speed_leading_digit_substituted
464,292.8,panels/panel_0000464.jpg,77.553,17.553,0,existing,1,17.553=17.553,review,speed_leading_digit_substituted
465,293,panels/panel_0000465.jpg,77.2,77.2,0,existing,2,7200=7.2|77.200=77.2,parsed,--
466,293.2,panels/panel_0000466.jpg,76.64,76.64,0,existing,2,6640=6.64|76.640=76.64,parsed,--
467,293.4,panels/panel_0000467.jpg,76.081,76.081,0,existing,2,65081=65.081|76.081=76.081,parsed,--
468,293.6,panels/panel_0000468.jpg,75.522,75.522,0,existing,2,157522=157.522|75.522=75.522,parsed,--
469,293.8,panels/panel_0000469.jpg,74.962,74.962,0,existing,2,4962=4.962|74.962=74.962,parsed,--
470,294,panels/panel_0000470.jpg,74.677,14.677,0,existing,2,14.677=14.677|4677=4.677,review,speed_leading_digit_substituted
471,294.2,panels/panel_0000471.jpg,74.777,14.777,0,existing,1,14.777=14.777,review,speed_leading_digit_substituted
472,294.4,panels/panel_0000472.jpg,74.877,74.877,0,existing,2,4877=4.877|74.877=74.877,parsed,--
473,294.6,panels/panel_0000473.jpg,74.977,14.977,0,existing,2,14.977=14.977|4977=4.977,review,speed_leading_digit_substituted
474,294.8,panels/panel_0000474.jpg,75.077,75.077,0,existing,2,57077=57.077|75.077=75.077,parsed,--
475,295,panels/panel_0000475.jpg,75.293,75.293,0,existing,2,157293=157.293|75.293=75.293,parsed,--
476,295.2,panels/panel_0000476.jpg,75.675,75.675,0,existing,2,157675=157.675|75.675=75.675,parsed,--
477,295.4,panels/panel_0000477.jpg,76.056,76.056,0,existing,2,65056=65.056|76.056=76.056,parsed,--
478,295.6,panels/panel_0000478.jpg,76.438,76.438,0,existing,2,6438=6.438|76.438=76.438,parsed,--
479,295.8,panels/panel_0000479.jpg,76.82,76.82,21.74,existing,2,6820=6.82|76.820=76.82,parsed,--
480,296,panels/panel_0000480.jpg,76.966,76.966,0,existing,2,65966=65.966|76.966=76.966,parsed,--
481,296.2,panels/panel_0000481.jpg,76.781,76.781,0,existing,2,65781=65.781|76.781=76.781,parsed,--
482,296.4,panels/panel_0000482.jpg,76.595,76.595,0,existing,2,65595=65.595|76.595=76.595,parsed,--
483,296.6,panels/panel_0000483.jpg,76.41,76.41,0,existing,2,6440=6.44|76.410=76.41,parsed,--
484,296.8,panels/panel_0000484.jpg,76.225,76.225,38.82,existing,2,65225=65.225|76.225=76.225,parsed,--
485,297,panels/panel_0000485.jpg,76.203,76.203,53.08,existing,2,65203=65.203|76.203=76.203,parsed,--
486,297.2,panels/panel_0000486.jpg,76.41,76.41,0,existing,2,6440=6.44|76.410=76.41,parsed,--
487,297.4,panels/panel_0000487.jpg,76.618,76.618,49.1,existing,2,65618=65.618|76.618=76.618,parsed,--
488,297.6,panels/panel_0000488.jpg,76.825,76.825,25.53,existing,2,6825=6.825|76.825=76.825,parsed,--
489,297.8,panels/panel_0000489.jpg,77.032,77.032,0,existing,2,7032=7.032|77.032=77.032,parsed,--
490,298,panels/panel_0000490.jpg,77.091,77.091,0,existing,2,7091=7.091|77.091=77.091,parsed,--
491,298.2,panels/panel_0000491.jpg,76.939,76.939,38.21,existing,2,65939=65.939|76.939=76.939,parsed,--
492,298.4,panels/panel_0000492.jpg,76.787,16.787,0,existing,2,16.787=16.787|65787=65.787,review,speed_leading_digit_substituted
493,298.6,panels/panel_0000493.jpg,76.635,76.635,0,existing,2,65635=65.635|76.635=76.635,parsed,--
494,298.8,panels/panel_0000494.jpg,76.483,76.483,0,existing,2,67483=67.483|76.483=76.483,parsed,--
495,299,panels/panel_0000495.jpg,76.181,76.181,0,existing,2,65184=65.184|76.181=76.181,parsed,--
496,299.2,panels/panel_0000496.jpg,75.666,75.666,23.16,existing,2,15666=15.666|75.666=75.666,parsed,--
497,299.4,panels/panel_0000497.jpg,75.151,75.151,0,existing,1,75.151=75.151,parsed,--
498,299.6,panels/panel_0000498.jpg,74.636,74.636,0,existing,2,4636=4.636|74.636=74.636,parsed,--
499,299.8,panels/panel_0000499.jpg,74.121,74.121,0,existing,1,74.121=74.121,parsed,--
500,300,panels/panel_0000500.jpg,73.979,73.979,0,existing,2,35979=35.979|73.979=73.979,parsed,--
501,300.2,panels/panel_0000501.jpg,74.36,74.36,0,existing,2,4360=4.36|74.360=74.36,parsed,--
502,300.4,panels/panel_0000502.jpg,74.742,74.742,7.58,existing,2,45742=45.742|74.742=74.742,parsed,--
503,300.6,panels/panel_0000503.jpg,75.123,75.123,0,existing,2,57123=57.123|75.123=75.123,parsed,--
504,300.8,panels/panel_0000504.jpg,75.505,75.505,0,existing,2,157505=157.505|75.505=75.505,parsed,--
505,301,panels/panel_0000505.jpg,75.802,75.802,0,existing,2,57802=57.802|75.802=75.802,parsed,--
506,301.2,panels/panel_0000506.jpg,75.979,75.979,51.55,existing,2,57979=57.979|75.979=75.979,parsed,--
507,301.4,panels/panel_0000507.jpg,76.157,76.157,0,existing,2,65157=65.157|76.157=76.157,parsed,--
508,301.6,panels/panel_0000508.jpg,76.335,76.335,0,existing,2,67335=67.335|76.335=76.335,parsed,--
509,301.8,panels/panel_0000509.jpg,76.513,76.513,0,existing,2,67513=67.513|76.513=76.513,parsed,--
510,302,panels/panel_0000510.jpg,76.591,76.591,0,existing,2,65594=65.594|76.591=76.591,parsed,--
511,302.2,panels/panel_0000511.jpg,76.528,76.528,16.09,existing,2,65528=65.528|76.528=76.528,parsed,--
512,302.4,panels/panel_0000512.jpg,76.465,76.465,0,existing,2,6465=6.465|76.465=76.465,parsed,--
513,302.6,panels/panel_0000513.jpg,76.402,76.402,0,existing,2,6402=6.402|76.402=76.402,parsed,--
514,302.8,panels/panel_0000514.jpg,76.339,76.339,0.98,existing,2,65339=65.339|76.339=76.339,parsed,--
515,303,panels/panel_0000515.jpg,76.334,76.334,0,existing,2,67334=67.334|76.334=76.334,parsed,--
516,303.2,panels/panel_0000516.jpg,76.412,76.412,0,existing,2,67412=67.412|76.412=76.412,parsed,--
517,303.4,panels/panel_0000517.jpg,76.49,76.49,0,existing,2,6490=6.49|76.490=76.49,parsed,--
518,303.6,panels/panel_0000518.jpg,76.568,76.568,0,existing,2,6568=6.568|76.568=76.568,parsed,--
519,303.8,panels/panel_0000519.jpg,76.645,16.645,0,existing,2,16.645=16.645|6645=6.645,review,speed_leading_digit_substituted
520,304,panels/panel_0000520.jpg,76.825,76.825,0,existing,2,6825=6.825|76.825=76.825,parsed,--
521,304.2,panels/panel_0000521.jpg,77.147,77.147,0,existing,1,77.147=77.147,parsed,--
522,304.4,panels/panel_0000522.jpg,77.469,17.469,0,existing,2,17.469=17.469|7469=7.469,review,speed_leading_digit_substituted
523,304.6,panels/panel_0000523.jpg,77.791,77.791,0,existing,1,77.791=77.791,parsed,--
524,304.8,panels/panel_0000524.jpg,78.114,78.114,30.45,existing,1,78.114=78.114,parsed,--
525,305,panels/panel_0000525.jpg,78.141,78.141,0,existing,2,78.141=78.141|8144=8.144,parsed,--
526,305.2,panels/panel_0000526.jpg,77.752,17.752,43.49,existing,1,17.752=17.752,review,speed_leading_digit_substituted
527,305.4,panels/panel_0000527.jpg,77.363,77363,0,existing,2,17.363=17.363|77363=77.363,review,speed_leading_digit_suspect;speed_decimal_reinserted
528,305.6,panels/panel_0000528.jpg,76.974,16.974,65.96,existing,2,16.974=16.974|67974=67.974,review,speed_leading_digit_substituted
529,305.8,panels/panel_0000529.jpg,76.585,76.585,0,existing,1,76.585=76.585,parsed,--
530,306,panels/panel_0000530.jpg,76.21,76.21,0,existing,2,65210=65.21|76.210=76.21,parsed,--
531,306.2,panels/panel_0000531.jpg,75.854,75.854,0,existing,2,157854=157.854|75.854=75.854,parsed,--
532,306.4,panels/panel_0000532.jpg,75.499,75.499,68.23,existing,2,157499=157.499|75.499=75.499,parsed,--
533,306.6,panels/panel_0000533.jpg,75.143,75.143,0,existing,2,57143=57.143|75.143=75.143,parsed,--
534,306.8,panels/panel_0000534.jpg,74.788,74.788,0,existing,2,45788=45.788|74.788=74.788,parsed,--
535,307,panels/panel_0000535.jpg,74.386,74.386,0,existing,2,4386=4.386|74.386=74.386,parsed,--
536,307.2,panels/panel_0000536.jpg,73.919,73.919,11.06,existing,2,37919=37.919|73.919=73.919,parsed,--
537,307.4,panels/panel_0000537.jpg,73.452,73.452,0,existing,2,137452=137.452|73.452=73.452,parsed,--
538,307.6,panels/panel_0000538.jpg,72.986,72.986,0,existing,2,27986=27.986|72.986=72.986,parsed,--
539,307.8,panels/panel_0000539.jpg,72.519,72.519,0,existing,1,72.519=72.519,parsed,--
540,308,panels/panel_0000540.jpg,72.547,72.547,0,existing,1,72.547=72.547,parsed,--
541,308.2,panels/panel_0000541.jpg,73.273,73.273,0,existing,2,37273=37.273|73.273=73.273,parsed,--
542,308.4,panels/panel_0000542.jpg,73.999,73.999,0,existing,2,37999=37.999|73.999=73.999,parsed,--
543,308.6,panels/panel_0000543.jpg,74.725,74.725,0,existing,2,45725=45.725|74.725=74.725,parsed,--
544,308.8,panels/panel_0000544.jpg,75.451,75.451,0,existing,2,157454=157.454|75.451=75.451,parsed,--
545,309,panels/panel_0000545.jpg,75.948,75.948,0,existing,2,157948=157.948|75.948=75.948,parsed,--
546,309.2,panels/panel_0000546.jpg,76.122,76.122,0,existing,1,76.122=76.122,parsed,--
547,309.4,panels/panel_0000547.jpg,76.296,76.296,14.4,existing,2,65296=65.296|76.296=76.296,parsed,--
548,309.6,panels/panel_0000548.jpg,76.47,76.47,0,existing,2,67470=67.47|76.470=76.47,parsed,--
549,309.8,panels/panel_0000549.jpg,76.645,76.645,0,existing,2,65645=65.645|76.645=76.645,parsed,--
550,310,panels/panel_0000550.jpg,76.713,76.713,0,existing,2,65713=65.713|76.713=76.713,parsed,--
551,310.2,panels/panel_0000551.jpg,76.631,76.631,0,existing,2,65634=65.634|76.631=76.631,parsed,--
552,310.4,panels/panel_0000552.jpg,76.55,76.55,0,existing,2,6550=6.55|76.550=76.55,parsed,--
553,310.6,panels/panel_0000553.jpg,76.468,76.468,0,existing,2,6468=6.468|76.468=76.468,parsed,--
554,310.8,panels/panel_0000554.jpg,76.387,76.387,0,existing,2,67387=67.387|76.387=76.387,parsed,--
555,311,panels/panel_0000555.jpg,76.225,76.225,18.51,existing,2,65225=65.225|76.225=76.225,parsed,--
556,311.2,panels/panel_0000556.jpg,75.951,75.951,0,existing,2,57954=57.954|75.951=75.951,parsed,--
557,311.4,panels/panel_0000557.jpg,75.677,75.677,0,existing,2,57677=57.677|75.677=75.677,parsed,--
558,311.6,panels/panel_0000558.jpg,75.403,75.403,0,existing,2,15403=15.403|75.403=75.403,parsed,--
559,311.8,panels/panel_0000559.jpg,75.129,75.129,0,existing,2,57129=57.129|75.129=75.129,parsed,--
560,312,panels/panel_0000560.jpg,75.111,75.111,,--,1,9.797=9.797,review,speed_unreliable_repair
561,312.2,panels/panel_0000561.jpg,75.456,75.456,0,existing,2,157456=157.456|75.456=75.456,parsed,--
562,312.4,panels/panel_0000562.jpg,75.8,75.8,0,existing,2,5800=5.8|75.800=75.8,parsed,--
563,312.6,panels/panel_0000563.jpg,76.145,76.145,0,existing,2,65145=65.145|76.145=76.145,parsed,--
564,312.8,panels/panel_0000564.jpg,76.489,76.489,51.61,existing,2,6489=6.489|76.489=76.489,parsed,--
565,313,panels/panel_0000565.jpg,76.817,76.817,12.08,existing,1,76.817=76.817,parsed,--
566,313.2,panels/panel_0000566.jpg,77.121,77.121,31.07,existing,1,77.121=77.121,parsed,--
567,313.4,panels/panel_0000567.jpg,77.424,17.424,23.54,existing,2,17.424=17.424|7424=7.424,review,speed_leading_digit_substituted
568,313.6,panels/panel_0000568.jpg,77.728,77.728,1.11,existing,1,77.728=77.728,parsed,--
569,313.8,panels/panel_0000569.jpg,78.032,78.032,0,existing,2,78.032=78.032|8032=8.032,parsed,--
570,314,panels/panel_0000570.jpg,78.208,78.208,61.84,existing,2,78.208=78.208|78208=78.208,parsed,--
571,314.2,panels/panel_0000571.jpg,78.204,78.204,25.74,existing,2,78.204=78.204|78204=78.204,parsed,--
572,314.4,panels/panel_0000572.jpg,78.201,78.201,0,existing,1,78.201=78.201,parsed,--
573,314.6,panels/panel_0000573.jpg,78.197,78.197,0,existing,1,78.197=78.197,parsed,--
574,314.8,panels/panel_0000574.jpg,78.193,78.193,0,existing,1,78.193=78.193,parsed,--
575,315,panels/panel_0000575.jpg,78.186,78.186,31.87,existing,2,78.186=78.186|78186=78.186,parsed,--
576,315.2,panels/panel_0000576.jpg,78.175,78.175,0,existing,2,78.175=78.175|85475=85.475,parsed,--
577,315.4,panels/panel_0000577.jpg,78.164,78.164,18.74,existing,1,78.164=78.164,parsed,--
578,315.6,panels/panel_0000578.jpg,78.153,78.153,0,existing,1,78.153=78.153,parsed,--
579,315.8,panels/panel_0000579.jpg,78.142,78.142,0,existing,1,78.142=78.142,parsed,--
580,316,panels/panel_0000580.jpg,77.797,17.797,0,existing,1,17.797=17.797,review,speed_leading_digit_substituted
581,316.2,panels/panel_0000581.jpg,76.982,76.982,0,existing,2,67982=67.982|76.982=76.982,parsed,--
582,316.4,panels/panel_0000582.jpg,76.167,76.167,0,existing,2,65167=65.167|76.167=76.167,parsed,--
583,316.6,panels/panel_0000583.jpg,75.353,75.353,0,existing,2,57353=57.353|75.353=75.353,parsed,--
584,316.8,panels/panel_0000584.jpg,74.538,74.538,0,existing,2,4538=4.538|74.538=74.538,parsed,--
585,317,panels/panel_0000585.jpg,74.173,74.173,0,existing,2,45173=45.173|74.173=74.173,parsed,--
586,317.2,panels/panel_0000586.jpg,74.444,74.444,0,existing,2,14444=14.444|74.444=74.444,parsed,--
587,317.4,panels/panel_0000587.jpg,74.714,74.714,25.63,existing,2,4714=4.714|74.714=74.714,parsed,--
588,317.6,panels/panel_0000588.jpg,74.984,74.984,73.74,existing,2,4984=4.984|74.984=74.984,parsed,--
589,317.8,panels/panel_0000589.jpg,75.255,75.255,0,existing,2,157255=157.255|75.255=75.255,parsed,--
590,318,panels/panel_0000590.jpg,75.608,75.608,0,existing,2,157608=157.608|75.608=75.608,parsed,--
591,318.2,panels/panel_0000591.jpg,76.079,76.079,55.66,existing,2,65079=65.079|76.079=76.079,parsed,--
592,318.4,panels/panel_0000592.jpg,76.549,76.549,0,existing,2,65549=65.549|76.549=76.549,parsed,--
593,318.6,panels/panel_0000593.jpg,77.019,77.019,4.06,existing,2,7019=7.019|77.019=77.019,parsed,--
594,318.8,panels/panel_0000594.jpg,77.49,77.49,0,existing,2,7490=7.49|77.490=77.49,parsed,--
595,319,panels/panel_0000595.jpg,77.794,17.794,44.95,existing,1,17.794=17.794,review,speed_leading_digit_substituted
596,319.2,panels/panel_0000596.jpg,77.865,77.865,0,existing,2,77.865=77.865|7865=7.865,parsed,--
597,319.4,panels/panel_0000597.jpg,77.935,77935,0,existing,2,17.935=17.935|77935=77.935,review,speed_leading_digit_suspect;speed_decimal_reinserted
598,319.6,panels/panel_0000598.jpg,78.005,78.005,0,existing,2,78.005=78.005|78005=78.005,parsed,--
599,319.8,panels/panel_0000599.jpg,78.076,78.076,0,existing,2,78.076=78.076|8076=8.076,parsed,--
600,320,panels/panel_0000600.jpg,78.223,78.223,56.55,existing,2,78.223=78.223|78223=78.223,parsed,--
601,320.2,panels/panel_0000601.jpg,78.478,78.478,4.08,existing,2,78.478=78.478|87478=87.478,parsed,--
602,320.4,panels/panel_0000602.jpg,78.734,78.734,37.29,existing,2,78.734=78.734|85734=85.734,parsed,--
603,320.6,panels/panel_0000603.jpg,78.99,78.99,37.71,existing,1,78.990=78.99,parsed,--
604,320.8,panels/panel_0000604.jpg,79.245,79.245,0,existing,1,79.245=79.245,parsed,--
605,321,panels/panel_0000605.jpg,79.235,79.235,0,existing,1,79.235=79.235,parsed,--
606,321.2,panels/panel_0000606.jpg,78.85,78.85,0,existing,2,78.850=78.85|8850=8.85,parsed,--
607,321.4,panels/panel_0000607.jpg,78.464,78.464,9.33,existing,2,18464=18.464|78.464=78.464,parsed,--
608,321.6,panels/panel_0000608.jpg,78.079,78.079,65.88,existing,2,78.079=78.079|8079=8.079,parsed,--
609,321.8,panels/panel_0000609.jpg,77.694,17.694,43.99,existing,2,17.694=17.694|7694=7.694,review,speed_leading_digit_substituted
610,322,panels/panel_0000610.jpg,75.736,75736,0,existing,2,17.736=17.736|75736=75.736,review,speed_leading_digit_suspect;speed_decimal_reinserted
611,322.2,panels/panel_0000611.jpg,78.381,78.381,0,existing,1,78.381=78.381,parsed,--
612,322.4,panels/panel_0000612.jpg,79.025,79.025,0,existing,2,49025=49.025|79.025=79.025,parsed,--
613,322.6,panels/panel_0000613.jpg,79.67,79.67,0,existing,2,79.670=79.67|95670=95.67,parsed,--
614,322.8,panels/panel_0000614.jpg,80.314,80.314,61.56,existing,1,80.314=80.314,parsed,--
615,323,panels/panel_0000615.jpg,80.557,80.557,0,existing,1,80.557=80.557,parsed,--
616,323.2,panels/panel_0000616.jpg,80.235,80.235,0,existing,1,80.235=80.235,parsed,--
617,323.4,panels/panel_0000617.jpg,79.913,79.913,0,existing,1,79.913=79.913,parsed,--
618,323.6,panels/panel_0000618.jpg,79.591,79.591,0,existing,1,79.591=79.591,parsed,--
619,323.8,panels/panel_0000619.jpg,79.268,79.268,7.24,existing,1,79.268=79.268,parsed,--
620,324,panels/panel_0000620.jpg,79.217,79.217,0,existing,1,79.217=79.217,parsed,--
621,324.2,panels/panel_0000621.jpg,79.546,79.546,0,existing,2,197546=197.546|79.546=79.546,parsed,--
622,324.4,panels/panel_0000622.jpg,79.876,79.876,16.49,existing,2,79.876=79.876|9876=9.876,parsed,--
623,324.6,panels/panel_0000623.jpg,80.206,80.206,0,existing,2,80.206=80.206|80206=80.206,parsed,--
624,324.8,panels/panel_0000624.jpg,80.535,80.535,0,existing,1,80.535=80.535,parsed,--
625,325,panels/panel_0000625.jpg,80.674,80.674,29.56,existing,2,80.674=80.674,parsed,--
626,325.2,panels/panel_0000626.jpg,80.545,80.545,0,existing,1,80.545=80.545,parsed,--
627,325.4,panels/panel_0000627.jpg,80.415,80.415,0,existing,1,80.415=80.415,parsed,--
628,325.6,panels/panel_0000628.jpg,80.285,80.285,0,existing,1,80.285=80.285,parsed,--
629,325.8,panels/panel_0000629.jpg,80.156,80.156,0,existing,2,80.156=80.156|80156=80.156,parsed,--
630,326,panels/panel_0000630.jpg,80.078,80.078,0,existing,2,80.078=80.078|89.078=89.078,review,speed_candidate_disagreement
631,326.2,panels/panel_0000631.jpg,80.075,80.075,0,existing,2,80.075=80.075|89.075=89.075,review,speed_candidate_disagreement
632,326.4,panels/panel_0000632.jpg,80.071,80.071,0,existing,2,80.071=80.071|89.071=89.071,review,speed_candidate_disagreement
633,326.6,panels/panel_0000633.jpg,80.067,80.067,0,existing,1,80.067=80.067,parsed,--
634,326.8,panels/panel_0000634.jpg,80.064,80.064,0,existing,2,80.064=80.064|80064=80.064,parsed,--
635,327,panels/panel_0000635.jpg,79.849,79.849,0,existing,2,79.849=79.849|9849=9.849,parsed,--
636,327.2,panels/panel_0000636.jpg,79.338,79.338,0,existing,2,79.338=79.338|9338=9.338,parsed,--
637,327.4,panels/panel_0000637.jpg,78.827,78.827,0,existing,2,78.827=78.827|8827=8.827,parsed,--
638,327.6,panels/panel_0000638.jpg,78.316,78.316,0,existing,2,78.316=78.316|87316=87.316,parsed,--
639,327.8,panels/panel_0000639.jpg,77.805,77.805,0,existing,2,77.805=77.805|7805=7.805,parsed,--
640,328,panels/panel_0000640.jpg,77.326,77326,0,existing,2,17.326=17.326|77326=77.326,review,speed_leading_digit_suspect;speed_decimal_reinserted
641,328.2,panels/panel_0000641.jpg,76.892,76.892,0,existing,2,6892=6.892|76.892=76.892,parsed,--
642,328.4,panels/panel_0000642.jpg,76.459,76.459,45.26,existing,2,6459=6.459|76.459=76.459,parsed,--
643,328.6,panels/panel_0000643.jpg,76.026,76.026,0,existing,2,6026=6.026|76.026=76.026,parsed,--
644,328.8,panels/panel_0000644.jpg,75.592,75.592,0,existing,2,157592=157.592|75.592=75.592,parsed,--
645,329,panels/panel_0000645.jpg,75.906,75.906,0,existing,2,157906=157.906|75.906=75.906,parsed,--
646,329.2,panels/panel_0000646.jpg,77.273,17.273,0,existing,1,17.273=17.273,review,speed_leading_digit_substituted
647,329.4,panels/panel_0000647.jpg,78.64,78.64,0,existing,2,78.640=78.64|78640=78.64,parsed,--
648,329.6,panels/panel_0000648.jpg,80.006,80.006,0,existing,2,80.006=80.006|89006=89.006,parsed,--
649,329.8,panels/panel_0000649.jpg,81.373,81.373,0,existing,1,81.373=81.373,parsed,--
650,330,panels/panel_0000650.jpg,81.898,81.898,0,existing,2,81.898=81.898|84898=84.898,parsed,--
651,330.2,panels/panel_0000651.jpg,81.235,81.235,0,existing,1,81.235=81.235,parsed,--
652,330.4,panels/panel_0000652.jpg,80.572,80.572,0,existing,1,80.572=80.572,parsed,--
653,330.6,panels/panel_0000653.jpg,79.909,79.909,52.8,existing,2,79.909=79.909|79909=79.909,parsed,--
654,330.8,panels/panel_0000654.jpg,79.246,79.246,0,existing,2,79.246=79.246|79246=79.246,parsed,--
655,331,panels/panel_0000655.jpg,78.955,78.955,0,existing,1,78.955=78.955,parsed,--
656,331.2,panels/panel_0000656.jpg,79.188,79.188,0,existing,2,79.188=79.188|79188=79.188,parsed,--
657,331.4,panels/panel_0000657.jpg,79.421,79.421,0,existing,2,19424=19.424|79.421=79.421,parsed,--
658,331.6,panels/panel_0000658.jpg,79.655,79.655,0,existing,2,19655=19.655|79.655=79.655,parsed,--
659,331.8,panels/panel_0000659.jpg,79.888,79.888,0,existing,2,79.888=79.888|9888=9.888,parsed,--
660,332,panels/panel_0000660.jpg,79.868,79.868,0,existing,2,79.868=79.868|9868=9.868,parsed,--
661,332.2,panels/panel_0000661.jpg,79.49,79.49,0,existing,2,79.490=79.49|9490=9.49,parsed,--
662,332.4,panels/panel_0000662.jpg,79.112,79.112,,--,1,9.772=9.772,review,speed_unreliable_repair
663,332.6,panels/panel_0000663.jpg,78.734,78.734,19.74,existing,2,78.734=78.734|85734=85.734,parsed,--
664,332.8,panels/panel_0000664.jpg,78.356,78.356,0,existing,2,78.356=78.356|87356=87.356,parsed,--
665,333,panels/panel_0000665.jpg,77.952,77952,0,existing,2,17.952=17.952|77952=77.952,review,speed_leading_digit_suspect;speed_decimal_reinserted
666,333.2,panels/panel_0000666.jpg,77.542,77.542,0,existing,2,7512=7.512|77.542=77.542,parsed,--
667,333.4,panels/panel_0000667.jpg,77.071,77.071,0,existing,1,77.071=77.071,parsed,--
668,333.6,panels/panel_0000668.jpg,76.63,76.63,0,existing,2,6630=6.63|76.630=76.63,parsed,--
669,333.8,panels/panel_0000669.jpg,76.189,76.189,56.65,existing,2,65189=65.189|76.189=76.189,parsed,--
670,334,panels/panel_0000670.jpg,76.237,16.237,0,existing,2,16.237=16.237|65237=65.237,review,speed_leading_digit_substituted
671,334.2,panels/panel_0000671.jpg,76.974,76.974,30.29,existing,2,65974=65.974|76.974=76.974,parsed,--
672,334.4,panels/panel_0000672.jpg,77.742,17.742,0,existing,1,17.742=17.742,review,speed_leading_digit_substituted
673,334.6,panels/panel_0000673.jpg,78.449,78.449,51.44,existing,2,18449=18.449|78.449=78.449,parsed,--
674,334.8,panels/panel_0000674.jpg,79.186,79.186,0,existing,1,79.186=79.186,parsed,--
675,335,panels/panel_0000675.jpg,79.577,79.577,0,existing,2,79.577=79.577|95577=95.577,parsed,--
676,335.2,panels/panel_0000676.jpg,79.481,79.481,0,existing,2,79.481=79.481|9484=9.484,parsed,--
677,335.4,panels/panel_0000677.jpg,79.384,79.384,0.49,existing,2,79.384=79.384|79384=79.384,parsed,--
678,335.6,panels/panel_0000678.jpg,79.288,79.288,2.4,existing,2,79.288=79.288|79288=79.288,parsed,--
679,335.8,panels/panel_0000679.jpg,79.192,79.192,0,existing,1,79.192=79.192,parsed,--
680,336,panels/panel_0000680.jpg,79.337,79.337,0,existing,2,79.337=79.337|97337=97.337,parsed,--
681,336.2,panels/panel_0000681.jpg,79.822,79.822,0,existing,2,79.822=79.822|9822=9.822,parsed,--
682,336.4,panels/panel_0000682.jpg,80.307,80.307,0,existing,1,80.307=80.307,parsed,--
683,336.6,panels/panel_0000683.jpg,80.792,80.792,0,existing,1,80.792=80.792,parsed,--
684,336.8,panels/panel_0000684.jpg,81.278,81.278,0.33,existing,2,81.278=81.278|84.278=84.278,review,speed_candidate_disagreement
685,337,panels/panel_0000685.jpg,81.642,81.642,0,existing,2,81.642=81.642|84642=84.642,parsed,--
686,337.2,panels/panel_0000686.jpg,81.834,81.834,0,existing,2,81.834=81.834|84834=84.834,parsed,--
687,337.4,panels/panel_0000687.jpg,82.027,82.027,0,existing,1,82.027=82.027,parsed,--
688,337.6,panels/panel_0000688.jpg,82.219,82.219,30.09,existing,2,25219=25.219|82.219=82.219,parsed,--
689,337.8,panels/panel_0000689.jpg,82.412,82.412,0,existing,2,27442=27.442|82.412=82.412,parsed,--
690,338,panels/panel_0000690.jpg,82.781,82.781,0,existing,2,82.781=82.781|82.784=82.784,review,speed_candidate_disagreement
691,338.2,panels/panel_0000691.jpg,83.4,83.4,0,existing,2,83.400=83.4|83400=83.4,parsed,--
692,338.4,panels/panel_0000692.jpg,84.018,84.018,23.03,existing,2,84.018=84.018,parsed,--
693,338.6,panels/panel_0000693.jpg,84.637,84.637,0,existing,2,84.637=84.637,parsed,--
694,338.8,panels/panel_0000694.jpg,85.256,85.256,0,existing,1,85.256=85.256,parsed,--
695,339,panels/panel_0000695.jpg,85.751,85.751,0,existing,1,85.751=85.751,parsed,--
696,339.2,panels/panel_0000696.jpg,86.073,86.073,0,existing,2,86.073=86.073|86073=86.073,parsed,--
697,339.4,panels/panel_0000697.jpg,86.396,86.396,0,existing,1,86.396=86.396,parsed,--
698,339.6,panels/panel_0000698.jpg,86.718,86.718,0,existing,1,86.718=86.718,parsed,--
699,339.8,panels/panel_0000699.jpg,87.04,87.04,27.39,existing,2,87.040=87.04|87040=87.04,parsed,--
700,340,panels/panel_0000700.jpg,87.335,87.335,0,existing,1,87.335=87.335,parsed,--
701,340.2,panels/panel_0000701.jpg,87.59,87.59,48.73,existing,1,87.590=87.59,parsed,--
702,340.4,panels/panel_0000702.jpg,87.846,87.846,0,existing,2,87.846=87.846|87846=87.846,parsed,--
703,340.6,panels/panel_0000703.jpg,88.101,88.101,0,existing,2,88.101=88.101|88101=88.101,parsed,--
704,340.8,panels/panel_0000704.jpg,88.357,88.357,0,existing,1,88.357=88.357,parsed,--
705,341,panels/panel_0000705.jpg,88.431,88.431,0,existing,1,88.431=88.431,parsed,--
706,341.2,panels/panel_0000706.jpg,88.25,88.25,0,existing,1,88.250=88.25,parsed,--
707,341.4,panels/panel_0000707.jpg,88.068,88.068,0,existing,2,88.068=88.068|88068=88.068,parsed,--
708,341.6,panels/panel_0000708.jpg,87.887,87.887,0,existing,2,87.887=87.887|87887=87.887,parsed,--
709,341.8,panels/panel_0000709.jpg,87.705,87.705,0,existing,2,87.705=87.705|87705=87.705,parsed,--
710,342,panels/panel_0000710.jpg,87.648,87.648,0,existing,1,87.648=87.648,parsed,--
711,342.2,panels/panel_0000711.jpg,87.767,87.767,0,existing,2,87.767=87.767,parsed,--
712,342.4,panels/panel_0000712.jpg,87.885,87.885,0,existing,1,87.885=87.885,parsed,--
713,342.6,panels/panel_0000713.jpg,88.004,88.004,0,existing,2,8.004=8.004|88.004=88.004,review,speed_candidate_disagreement
714,342.8,panels/panel_0000714.jpg,88.122,88.122,0,existing,1,88.122=88.122,parsed,--
715,343,panels/panel_0000715.jpg,88.516,88.516,0,existing,1,88.516=88.516,parsed,--
716,343.2,panels/panel_0000716.jpg,89.298,89.298,0,existing,2,89.298=89.298|89298=89.298,parsed,--
717,343.4,panels/panel_0000717.jpg,90.079,90.079,0,existing,2,90.079=90.079|90079=90.079,parsed,--
718,343.6,panels/panel_0000718.jpg,90.861,90.861,0,existing,2,90.861=90.861|90864=90.864,parsed,--
719,343.8,panels/panel_0000719.jpg,91.642,91.642,0,existing,2,91.642=91.642|91642=91.642,parsed,--
720,344,panels/panel_0000720.jpg,92.262,92.262,0,existing,1,92.262=92.262,parsed,--
721,344.2,panels/panel_0000721.jpg,92.655,92.655,0,existing,1,92.655=92.655,parsed,--
722,344.4,panels/panel_0000722.jpg,93.048,93.048,0,existing,1,93.048=93.048,parsed,--
723,344.6,panels/panel_0000723.jpg,93.44,93.44,0,existing,2,93.440=93.44|93440=93.44,parsed,--
724,344.8,panels/panel_0000724.jpg,93.833,93.833,0,existing,1,93.833=93.833,parsed,--
725,345,panels/panel_0000725.jpg,94.186,94.186,0,existing,2,94.186=94.186|94186=94.186,parsed,--
726,345.2,panels/panel_0000726.jpg,94.482,94.482,0,existing,2,94.482=94.482|94482=94.482,parsed,--
727,345.4,panels/panel_0000727.jpg,94.778,94.778,0,existing,1,94.778=94.778,parsed,--
728,345.6,panels/panel_0000728.jpg,95.075,95.075,0,existing,2,95.075=95.075|95075=95.075,parsed,--
729,345.8,panels/panel_0000729.jpg,95.371,95.371,0,existing,1,95.371=95.371,parsed,--
730,346,panels/panel_0000730.jpg,95.569,95.569,0,existing,1,95.569=95.569,parsed,--
731,346.2,panels/panel_0000731.jpg,95.628,95.628,0,existing,1,95.628=95.628,parsed,--
732,346.4,panels/panel_0000732.jpg,95.687,95.687,0,existing,1,95.687=95.687,parsed,--
733,346.6,panels/panel_0000733.jpg,95.747,95.747,0,existing,1,95.747=95.747,parsed,--
734,346.8,panels/panel_0000734.jpg,95.806,95.806,0,existing,1,95.806=95.806,parsed,--
735,347,panels/panel_0000735.jpg,95.945,95.945,0,existing,1,95.945=95.945,parsed,--
736,347.2,panels/panel_0000736.jpg,96.197,96.197,0,recover_s7_t190_c11,2,96.197=96.197|9719=9.719,parsed,--
737,347.4,panels/panel_0000737.jpg,96.449,96.449,0,existing,2,96.449=96.449|96449=96.449,parsed,--
738,347.6,panels/panel_0000738.jpg,96.701,96.701,0,existing,1,96.701=96.701,parsed,--
739,347.8,panels/panel_0000739.jpg,96.953,96.953,0,existing,1,96.953=96.953,parsed,--
740,348,panels/panel_0000740.jpg,97.146,97.146,0,existing,2,97.146=97.146|97146=97.146,parsed,--
741,348.2,panels/panel_0000741.jpg,97.257,97.257,0,existing,1,97.257=97.257,parsed,--
742,348.4,panels/panel_0000742.jpg,97.368,97.368,13.85,existing,2,97.368=97.368|97368=97.368,parsed,--
743,348.6,panels/panel_0000743.jpg,97.479,97.479,58.59,existing,2,97.479=97.479|97479=97.479,parsed,--
744,348.8,panels/panel_0000744.jpg,97.59,97.59,0,existing,2,97.590=97.59|97590=97.59,parsed,--
745,349,panels/panel_0000745.jpg,97.686,97.686,0,existing,2,97.686=97.686|97686=97.686,parsed,--
746,349.2,panels/panel_0000746.jpg,97.76,97.76,34.85,existing,1,97.760=97.76,parsed,--
747,349.4,panels/panel_0000747.jpg,97.834,97.834,4.89,existing,1,97.834=97.834,parsed,--
748,349.6,panels/panel_0000748.jpg,97.908,97.908,24.52,existing,2,97.908=97.908|97908=97.908,parsed,--
749,349.8,panels/panel_0000749.jpg,97.983,97.983,0,existing,1,97.983=97.983,parsed,--
750,350,panels/panel_0000750.jpg,97.983,97.983,0,existing,1,97.983=97.983,parsed,--
751,350.2,panels/panel_0000751.jpg,97.879,97.879,27.82,existing,2,97.879=97.879|97879=97.879,parsed,--
752,350.4,panels/panel_0000752.jpg,97.775,97.775,0,existing,1,97.775=97.775,parsed,--
753,350.6,panels/panel_0000753.jpg,97.672,97.672,0,existing,1,97.672=97.672,parsed,--
754,350.8,panels/panel_0000754.jpg,97.568,97.568,0,existing,2,97.568=97.568|97568=97.568,parsed,--
755,351,panels/panel_0000755.jpg,97.569,97.569,17.68,existing,2,97.569=97.569|97569=97.569,parsed,--
756,351.2,panels/panel_0000756.jpg,97.717,97.717,20.22,existing,1,97.717=97.717,parsed,--
757,351.4,panels/panel_0000757.jpg,97.865,97.865,0,existing,2,97.865=97.865|97865=97.865,parsed,--
758,351.6,panels/panel_0000758.jpg,98.013,98.013,0,existing,1,98.013=98.013,parsed,--
759,351.8,panels/panel_0000759.jpg,98.161,98.161,0,existing,1,98.161=98.161,parsed,--
760,352,panels/panel_0000760.jpg,98.096,98.096,0,existing,2,98.096=98.096|98096=98.096,parsed,--
761,352.2,panels/panel_0000761.jpg,97.729,97.729,65.73,existing,1,97.729=97.729,parsed,--
762,352.4,panels/panel_0000762.jpg,97.363,97.363,0,existing,1,97.363=97.363,parsed,--
763,352.6,panels/panel_0000763.jpg,96.996,96.996,0,existing,2,96.996=96.996|96996=96.996,parsed,--
764,352.8,panels/panel_0000764.jpg,96.629,96.629,34.21,existing,2,96.629=96.629|96629=96.629,parsed,--
765,353,panels/panel_0000765.jpg,96.418,96.418,0,existing,2,96.418=96.418|96448=96.448,parsed,--
766,353.2,panels/panel_0000766.jpg,96.425,96.425,0,existing,2,96.425=96.425|96425=96.425,parsed,--
767,353.4,panels/panel_0000767.jpg,96.433,96.433,0,existing,2,96.433=96.433|96433=96.433,parsed,--
768,353.6,panels/panel_0000768.jpg,96.44,96.44,0,existing,2,96.440=96.44|96440=96.44,parsed,--
769,353.8,panels/panel_0000769.jpg,96.447,96.447,0,existing,2,96.447=96.447|96447=96.447,parsed,--
770,354,panels/panel_0000770.jpg,96.507,96.507,0,existing,2,96.507=96.507|96507=96.507,parsed,--
771,354.2,panels/panel_0000771.jpg,96.64,96.64,0,existing,2,96.640=96.64|96640=96.64,parsed,--
772,354.4,panels/panel_0000772.jpg,96.774,96.774,20.27,existing,1,96.774=96.774,parsed,--
773,354.6,panels/panel_0000773.jpg,96.907,96.907,0,existing,2,96.907=96.907|96907=96.907,parsed,--
774,354.8,panels/panel_0000774.jpg,97.04,97.04,40.01,existing,2,97.040=97.04|97040=97.04,parsed,--
775,355,panels/panel_0000775.jpg,97.171,97.171,0,existing,1,97.171=97.171,parsed,--
776,355.2,panels/panel_0000776.jpg,97.297,97.297,0,existing,1,97.297=97.297,parsed,--
777,355.4,panels/panel_0000777.jpg,97.423,97.423,0,existing,1,97.423=97.423,parsed,--
778,355.6,panels/panel_0000778.jpg,97.548,97.548,0,existing,1,97.548=97.548,parsed,--
779,355.8,panels/panel_0000779.jpg,97.674,97.674,24.7,existing,2,97.674=97.674,parsed,--
780,356,panels/panel_0000780.jpg,97.67,97.67,0,existing,2,97.670=97.67|97670=97.67,parsed,--
781,356.2,panels/panel_0000781.jpg,97.481,97.481,0,existing,2,97.481=97.481|97481=97.481,parsed,--
782,356.4,panels/panel_0000782.jpg,97.292,97.292,6.5,existing,1,97.292=97.292,parsed,--
783,356.6,panels/panel_0000783.jpg,97.103,97.103.,70.98,existing,1,97.103.=97.103,review,speed_repaired_fallback;speed_edge_dot
784,356.8,panels/panel_0000784.jpg,96.914,96.914,14.72,existing,1,96.914=96.914,parsed,--
785,357,panels/panel_0000785.jpg,96.696,96.696,0,existing,2,96.696=96.696|96696=96.696,parsed,--
786,357.2,panels/panel_0000786.jpg,96.437,96..437,0,existing,1,96..437=96.437,review,speed_repaired_fallback;speed_duplicate_dot
787,357.4,panels/panel_0000787.jpg,96.177,96.177,0,existing,1,96.177=96.177,parsed,--
788,357.6,panels/panel_0000788.jpg,95.918,95.918,0,existing,1,95.918=95.918,parsed,--
789,357.8,panels/panel_0000789.jpg,95.659,95..659,0,existing,1,95..659=95.659,review,speed_repaired_fallback;speed_duplicate_dot
790,358,panels/panel_0000790.jpg,95.739,95.739,7.7,existing,1,95.739=95.739,parsed,--
791,358.2,panels/panel_0000791.jpg,96.299,96.299,62.17,existing,2,96.299=96.299|96299=96.299,parsed,--
792,358.4,panels/panel_0000792.jpg,96.858,96.858,4.84,existing,1,96.858=96.858,parsed,--
793,358.6,panels/panel_0000793.jpg,97.417,97417,0,existing,1,97417=97.417,review,speed_repaired_fallback;speed_decimal_reinserted
794,358.8,panels/panel_0000794.jpg,97.976,97.976,0,existing,2,97.976=97.976|97976=97.976,parsed,--
795,359,panels/panel_0000795.jpg,98.299,98.299,19.04,existing,1,98.299=98.299,parsed,--
796,359.2,panels/panel_0000796.jpg,98.288,98.288,1.69,existing,1,98.288=98.288,parsed,--
797,359.4,panels/panel_0000797.jpg,98.277,98.277,0,existing,1,98.277=98.277,parsed,--
798,359.6,panels/panel_0000798.jpg,98.266,98.266,0,existing,1,98.266=98.266,parsed,--
799,359.8,panels/panel_0000799.jpg,98.255,98.255,21.67,existing,1,98.255=98.255,parsed,--
800,360,panels/panel_0000800.jpg,98.25,98.25,0,existing,1,98.250=98.25,parsed,--
801,360.2,panels/panel_0000801.jpg,98.253,98.253,0,existing,1,98.253=98.253,parsed,--
802,360.4,panels/panel_0000802.jpg,98.257,98.257,0,existing,1,98.257=98.257,parsed,--
803,360.6,panels/panel_0000803.jpg,98.261,98.261,2.37,existing,1,98.261=98.261,parsed,--
804,360.8,panels/panel_0000804.jpg,98.264,98.264,0,existing,1,98.264=98.264,parsed,--
805,361,panels/panel_0000805.jpg,98.231,98.231,,--,0,--,review,speed_missing
806,361.2,panels/panel_0000806.jpg,98.146,98.146,0,existing,1,98.146=98.146,parsed,--
807,361.4,panels/panel_0000807.jpg,98.061,98.061,79.48,existing,2,98.061=98.061|98067=98.067,parsed,--
808,361.6,panels/panel_0000808.jpg,97.976,97.976,0,existing,2,97.976=97.976|9976=9.976,parsed,--
809,361.8,panels/panel_0000809.jpg,97.897,97.897,0,recover_s7_t190_c11,3,97.891=97.891|97.897=97.897|97891=97.891,review,speed_candidate_disagreement
810,362,panels/panel_0000810.jpg,97.489,97.489,54.65,existing,1,97.489=97.489,parsed,--
811,362.2,panels/panel_0000811.jpg,96.64,96.64,0,existing,1,96.640=96.64,parsed,--
812,362.4,panels/panel_0000812.jpg,95.792,95.792,0,existing,1,95.792=95.792,parsed,--
813,362.6,panels/panel_0000813.jpg,94.944,94.944,67.56,existing,1,94.944=94.944,parsed,--
814,362.8,panels/panel_0000814.jpg,94.096,94.096,0,existing,2,94..096=94.096|94.096=94.096,parsed,--
815,363,panels/panel_0000815.jpg,93.718,93.718,0,existing,1,93.718=93.718,parsed,--
816,363.2,panels/panel_0000816.jpg,94.003,94.003,0,existing,1,94.003=94.003,parsed,--
817,363.4,panels/panel_0000817.jpg,94.288,94.288,30.64,existing,2,94.288=94.288|94288=94.288,parsed,--
818,363.6,panels/panel_0000818.jpg,94.574,94.574,0,existing,1,94.574=94.574,parsed,--
819,363.8,panels/panel_0000819.jpg,94.859,94..859,0,existing,1,94..859=94.859,review,speed_repaired_fallback;speed_duplicate_dot
820,364,panels/panel_0000820.jpg,95.101,95.101,0,existing,2,95.101=95.101|95101=95.101,parsed,--
821,364.2,panels/panel_0000821.jpg,95.282,95.282,0,existing,1,95.282=95.282,parsed,--
822,364.4,panels/panel_0000822.jpg,95.464,95.464,0,existing,1,95.464=95.464,parsed,--
823,364.6,panels/panel_0000823.jpg,95.645,95..645,0,existing,1,95..645=95.645,review,speed_repaired_fallback;speed_duplicate_dot
824,364.8,panels/panel_0000824.jpg,95.782,95782,0,existing,2,95.827.=95.827|95782=95.782,review,speed_repaired_fallback;speed_candidate_disagreement;speed_decimal_reinserted
825,365,panels/panel_0000825.jpg,95.924,95.924,78.72,existing,1,95.924=95.924,parsed,--
826,365.2,panels/panel_0000826.jpg,95.902,95..902,0,existing,1,95..902=95.902,review,speed_repaired_fallback;speed_duplicate_dot
827,365.4,panels/panel_0000827.jpg,95.879,95.879,0,existing,2,95.879=95.879|95879=95.879,parsed,--
828,365.6,panels/panel_0000828.jpg,95.857,95.857,0,existing,1,95.857=95.857,parsed,--
829,365.8,panels/panel_0000829.jpg,95.835,95.835,0,existing,1,95.835=95.835,parsed,--
830,366,panels/panel_0000830.jpg,95.773,95.773,0,existing,1,95.773=95.773,parsed,--
831,366.2,panels/panel_0000831.jpg,95.654,95.654,0,existing,2,95.654=95.654|95654=95.654,parsed,--
832,366.4,panels/panel_0000832.jpg,95.536,95.536,0,existing,2,95.536=95.536|95536=95.536,parsed,--
833,366.6,panels/panel_0000833.jpg,95.417,95.417,0,existing,2,95.417=95.417|95744=95.744,parsed,--
834,366.8,panels/panel_0000834.jpg,95.299,95.299,54.35,existing,1,95.299=95.299,parsed,--
835,367,panels/panel_0000835.jpg,95.18,95.18,60.82,existing,2,95.180=95.18|95180=95.18,parsed,--
836,367.2,panels/panel_0000836.jpg,95.062,95.062,0,existing,2,95.062=95.062|95062=95.062,parsed,--
837,367.4,panels/panel_0000837.jpg,94.943,94.943,0,recover_s7_t190_c11,2,94.943=94.943,parsed,--
838,367.6,panels/panel_0000838.jpg,94.825,94.825,0,existing,1,94.825=94.825,parsed,--
839,367.8,panels/panel_0000839.jpg,94.706,94.706,0,existing,2,94.706=94.706,parsed,--
840,368,panels/panel_0000840.jpg,94.703,94.703,0,existing,2,94.703=94.703,parsed,--
841,368.2,panels/panel_0000841.jpg,94.862,94.862,0,existing,2,94.862=94.862|94862=94.862,parsed,--
842,368.4,panels/panel_0000842.jpg,95.027,95.027,0,existing,2,95.027=95.027|9502=9.502,parsed,--
843,368.6,panels/panel_0000843.jpg,95.181,95.181,0,recover_s7_t190_c11,3,95.181=95.181|9518=9.518|9918=9.918,parsed,--
844,368.8,panels/panel_0000844.jpg,95.34,95340,0,existing,1,95340=95.34,review,speed_repaired_fallback;speed_decimal_reinserted
845,369,panels/panel_0000845.jpg,95.355,95.355,0,existing,1,95.355=95.355,parsed,--
846,369.2,panels/panel_0000846.jpg,95.166,95.166,0,existing,1,95.166=95.166,parsed,--
847,369.4,panels/panel_0000847.jpg,94.977,94977,0,existing,1,94977=94.977,review,speed_repaired_fallback;speed_decimal_reinserted
848,369.6,panels/panel_0000848.jpg,94.788,94.788,0,recover_s7_t190_c11,1,94.788=94.788,parsed,--
849,369.8,panels/panel_0000849.jpg,94.599,94.599,39.34,existing,1,94.599=94.599,parsed,--
850,370,panels/panel_0000850.jpg,94.681,94.681,0,existing,2,94.681=94.681|94.687=94.687,review,speed_candidate_disagreement
851,370.2,panels/panel_0000851.jpg,95.144,95.144,23.46,existing,1,95.144=95.144,parsed,--
852,370.4,panels/panel_0000852.jpg,95.607,95607,0,existing,1,95607=95.607,review,speed_repaired_fallback;speed_decimal_reinserted
853,370.6,panels/panel_0000853.jpg,96.07,96.07,0,existing,1,96.070=96.07,parsed,--
854,370.8,panels/panel_0000854.jpg,96.533,96.533,0,existing,1,96.533=96.533,parsed,--
855,371,panels/panel_0000855.jpg,96.908,96.908,0,existing,1,96.908=96.908,parsed,--
856,371.2,panels/panel_0000856.jpg,97.16,97.16,0,existing,1,97.160=97.16,parsed,--
857,371.4,panels/panel_0000857.jpg,97.412,97.412,12.14,existing,2,97.412=97.412|9742=9.742,parsed,--
858,371.6,panels/panel_0000858.jpg,97.664,97.664,4.64,existing,1,97.664=97.664,parsed,--
859,371.8,panels/panel_0000859.jpg,97.916,97916,0,existing,2,97916=97.916,review,speed_repaired_fallback;speed_decimal_reinserted
860,372,panels/panel_0000860.jpg,97.84,97.84,7.76,existing,1,97.840=97.84,parsed,--
861,372.2,panels/panel_0000861.jpg,97.303,97..303,0,existing,2,9303=9.303|97..303=97.303,review,speed_repaired_fallback;speed_candidate_disagreement;speed_duplicate_dot
862,372.4,panels/panel_0000862.jpg,96.166,96.166,0,recover_s7_t190_c11,1,96.166=96.166,parsed,--
863,372.6,panels/panel_0000863.jpg,96.229,96.229,0,existing,1,96.229=96.229,parsed,--
864,372.8,panels/panel_0000864.jpg,95.692,95..692,0,existing,1,95..692=95.692,review,speed_repaired_fallback;speed_duplicate_dot
865,373,panels/panel_0000865.jpg,95.502,95.502.,26.84,existing,1,95.502.=95.502,review,speed_repaired_fallback;speed_edge_dot
866,373.2,panels/panel_0000866.jpg,95.802,95802,0,existing,2,95..802=95.802|95802=95.802,review,speed_repaired_fallback;speed_decimal_reinserted;speed_duplicate_dot
867,373.4,panels/panel_0000867.jpg,96.102,96.102,0,existing,1,96.102=96.102,parsed,--
868,373.6,panels/panel_0000868.jpg,96.402,96.402,0,existing,2,96.402=96.402|96402=96.402,parsed,--
869,373.8,panels/panel_0000869.jpg,96.702,96.702,0,existing,1,96.702=96.702,parsed,--
870,374,panels/panel_0000870.jpg,96.867,96.867,0,existing,2,96.867=96.867|96867=96.867,parsed,--
871,374.2,panels/panel_0000871.jpg,96.841,96.841,0,existing,2,96.841=96.841|96841=96.841,parsed,--
872,374.4,panels/panel_0000872.jpg,96.815,96.815,0,existing,2,96.815=96.815|96815=96.815,parsed,--
873,374.6,panels/panel_0000873.jpg,96.789,96.789,47.76,existing,1,96.789=96.789,parsed,--
874,374.8,panels/panel_0000874.jpg,96.763,96763,0,existing,1,96763=96.763,review,speed_repaired_fallback;speed_decimal_reinserted
875,375,panels/panel_0000875.jpg,96.627,96.627,38.67,existing,1,96.627=96.627,parsed,--
876,375.2,panels/panel_0000876.jpg,96.334,96.334,0,recover_s7_t190_c11,1,96.334=96.334,parsed,--
877,375.4,panels/panel_0000877.jpg,96.041,96.041,0,existing,2,96.041=96.041|96041=96.041,parsed,--
878,375.6,panels/panel_0000878.jpg,95.749,95.749,1.03,existing,1,95.749=95.749,parsed,--
879,375.8,panels/panel_0000879.jpg,95.456,95.456,0,existing,2,95.456=95.456|95456=95.456,parsed,--
880,376,panels/panel_0000880.jpg,95.245,95.245,0,existing,2,95.245=95.245|95245=95.245,parsed,--
881,376.2,panels/panel_0000881.jpg,95.149,95.149,24.3,existing,2,95.149=95.149|95149=95.149,parsed,--
882,376.4,panels/panel_0000882.jpg,95.052,95.052,0,existing,2,95.052=95.052|95052=95.052,parsed,--
883,376.6,panels/panel_0000883.jpg,94.956,94.956,0,existing,1,94.956=94.956,parsed,--
884,376.8,panels/panel_0000884.jpg,94.86,94.86,0,existing,2,94.860=94.86|94860=94.86,parsed,--
885,377,panels/panel_0000885.jpg,94.893,94.893,0,existing,1,94.893=94.893,parsed,--
886,377.2,panels/panel_0000886.jpg,95.107,95.107,0,existing,2,95.107=95.107|95107=95.107,parsed,--
887,377.4,panels/panel_0000887.jpg,95.322,95.322,0,existing,2,95.322=95.322|95322=95.322,parsed,--
888,377.6,panels/panel_0000888.jpg,95.537,95.537,0,existing,1,95.537=95.537,parsed,--
889,377.8,panels/panel_0000889.jpg,95.752,95.752,0,existing,1,95.752=95.752,parsed,--
890,378,panels/panel_0000890.jpg,95.758,95.758,0,existing,1,95.758=95.758,parsed,--
891,378.2,panels/panel_0000891.jpg,95.469,95.469,0,existing,2,95.469=95.469|95469=95.469,parsed,--
892,378.4,panels/panel_0000892.jpg,95.18,95.18,0,existing,2,95.180=95.18|95180=95.18,parsed,--
893,378.6,panels/panel_0000893.jpg,94.891,94.891,0,existing,1,94.891=94.891,parsed,--
894,378.8,panels/panel_0000894.jpg,94.602,94.602,0,existing,2,94.602=94.602|94602=94.602,parsed,--
895,379,panels/panel_0000895.jpg,94.574,94.574,21.41,existing,1,94.574=94.574,parsed,--
896,379.2,panels/panel_0000896.jpg,94.915,94.915,0,existing,1,94.915=94.915,parsed,--
897,379.4,panels/panel_0000897.jpg,95.256,95.256,0,existing,1,95.256=95.256,parsed,--
898,379.6,panels/panel_0000898.jpg,95.597,95.597,0,existing,1,95.597=95.597,parsed,--
899,379.8,panels/panel_0000899.jpg,95.937,95.937,0,existing,1,95.937=95.937,parsed,--
900,380,panels/panel_0000900.jpg,96.078,96.078,0,existing,2,96.078=96.078|96078=96.078,parsed,--
901,380.2,panels/panel_0000901.jpg,95.938,95.938,0,existing,1,95.938=95.938,parsed,--
902,380.4,panels/panel_0000902.jpg,95.797,95.797,0,existing,1,95.797=95.797,parsed,--
903,380.6,panels/panel_0000903.jpg,95.656,95656,0,existing,2,95.656.=95.656|95656=95.656,review,speed_repaired_fallback;speed_decimal_reinserted;speed_edge_dot
904,380.8,panels/panel_0000904.jpg,95.515,95.515,0,existing,2,95.515=95.515|95515=95.515,parsed,--
905,381,panels/panel_0000905.jpg,95.707,95.707,0,existing,1,95.707=95.707,parsed,--
906,381.2,panels/panel_0000906.jpg,96.366,96.366,0,existing,1,96.366=96.366,parsed,--
907,381.4,panels/panel_0000907.jpg,97.025,97.025,0,existing,2,97.025=97.025|97025=97.025,parsed,--
908,381.6,panels/panel_0000908.jpg,97.685,97.685.,0,recover_s7_t190_c11,1,97.685.=97.685,review,speed_repaired_fallback;speed_edge_dot
909,381.8,panels/panel_0000909.jpg,98.344,98.344,0,existing,1,98.344=98.344,parsed,--
910,382,panels/panel_0000910.jpg,98.636,98.636,0,existing,2,98.636=98.636|98636=98.636,parsed,--
911,382.2,panels/panel_0000911.jpg,98.41,98.41,75.22,existing,1,98.410=98.41,parsed,--
912,382.4,panels/panel_0000912.jpg,98.184,98.184,16.51,existing,1,98.184=98.184,parsed,--
913,382.6,panels/panel_0000913.jpg,97.958,97.958,0,existing,1,97.958=97.958,parsed,--
914,382.8,panels/panel_0000914.jpg,97.732,97732,0,existing,1,97732=97.732,review,speed_repaired_fallback;speed_decimal_reinserted
915,383,panels/panel_0000915.jpg,97.603,97.603.,0,existing,1,97.603.=97.603,review,speed_repaired_fallback;speed_edge_dot
916,383.2,panels/panel_0000916.jpg,97.61,97..610,0,existing,1,97..610=97.61,review,speed_repaired_fallback;speed_duplicate_dot
917,383.4,panels/panel_0000917.jpg,97.618,97.618,0,existing,2,97.618=97.618|97618=97.618,parsed,--
918,383.6,panels/panel_0000918.jpg,97.625,97625,0,existing,2,97..625=97.625|97625=97.625,review,speed_repaired_fallback;speed_decimal_reinserted;speed_duplicate_dot
919,383.8,panels/panel_0000919.jpg,97.633,97633,0,existing,1,97633=97.633,review,speed_repaired_fallback;speed_decimal_reinserted
920,384,panels/panel_0000920.jpg,97.634,97.634,,--,1,9634=9.634,review,speed_unreliable_repair
921,384.2,panels/panel_0000921.jpg,97.626,97.626,0,existing,1,97.626=97.626,parsed,--
922,384.4,panels/panel_0000922.jpg,97.619,97619,0,existing,1,97619=97.619,review,speed_repaired_fallback;speed_decimal_reinserted
923,384.6,panels/panel_0000923.jpg,97.612,97612,0,existing,1,97612=97.612,review,speed_repaired_fallback;speed_decimal_reinserted
924,384.8,panels/panel_0000924.jpg,97.604,97.604,0,existing,2,97.604=97.604|97604=97.604,parsed,--
925,385,panels/panel_0000925.jpg,97.635,97.635,0,existing,1,97.635=97.635,parsed,--
926,385.2,panels/panel_0000926.jpg,97.72,97.72,40.31,existing,1,97.720=97.72,parsed,--
927,385.4,panels/panel_0000927.jpg,97.806,97.806,0,existing,2,97.806=97.806|97806=97.806,parsed,--
928,385.6,panels/panel_0000928.jpg,97.891,97.891,0,existing,1,97.891=97.891,parsed,--
929,385.8,panels/panel_0000929.jpg,97.976,97.976,0,existing,1,97.976=97.976,parsed,--
930,386,panels/panel_0000930.jpg,97.861,97.861,0,existing,2,97.861=97.861|97864=97.864,parsed,--
931,386.2,panels/panel_0000931.jpg,97.465,97.465,0,existing,2,97.465=97.465|97465=97.465,parsed,--
932,386.4,panels/panel_0000932.jpg,97.069,97.069,0,existing,2,97.069=97.069|97069=97.069,parsed,--
933,386.6,panels/panel_0000933.jpg,96.672,96.672,0,existing,2,96.672=96.672|96672=96.672,parsed,--
934,386.8,panels/panel_0000934.jpg,96.276,96.276,0,existing,1,96.276=96.276,parsed,--
935,387,panels/panel_0000935.jpg,96.163,96.163,0,existing,1,96.163=96.163,parsed,--
936,387.2,panels/panel_0000936.jpg,96.448,96.448,0,existing,2,96.448=96.448|96448=96.448,parsed,--
937,387.4,panels/panel_0000937.jpg,96.733,96.733,4.98,existing,1,96.733=96.733,parsed,--
938,387.6,panels/panel_0000938.jpg,97.018,97.018,52.37,existing,2,97.018=97.018|97018=97.018,parsed,--
939,387.8,panels/panel_0000939.jpg,97.303,97.303,0,existing,2,97.303=97.303|97303=97.303,parsed,--
940,388,panels/panel_0000940.jpg,97.432,97.432,0,existing,1,97.432=97.432,parsed,--
941,388.2,panels/panel_0000941.jpg,97.339,97.339,0,existing,1,97.339=97.339,parsed,--
942,388.4,panels/panel_0000942.jpg,97.247,97.247,0,existing,1,97.247=97.247,parsed,--
943,388.6,panels/panel_0000943.jpg,97.154,97.154,0,existing,1,97.154=97.154,parsed,--
944,388.8,panels/panel_0000944.jpg,97.061,97061,39.22,existing,1,97061=97.061,review,speed_repaired_fallback;speed_decimal_reinserted
945,389,panels/panel_0000945.jpg,97.032,97.032,0,existing,2,97.032=97.032|97032=97.032,parsed,--
946,389.2,panels/panel_0000946.jpg,97.091,97.091,0,existing,1,97.091=97.091,parsed,--
947,389.4,panels/panel_0000947.jpg,97.15,97.15,0,existing,2,97.150=97.15|97150=97.15,parsed,--
948,389.6,panels/panel_0000948.jpg,97.21,97.21,0,existing,1,97.210=97.21,parsed,--
949,389.8,panels/panel_0000949.jpg,97.269,97.269,20.03,existing,2,97.269=97.269|97269=97.269,parsed,--
950,390,panels/panel_0000950.jpg,97.285,97.285,0,existing,1,97.285=97.285,parsed,--
951,390.2,panels/panel_0000951.jpg,97.241,97.241,0,existing,1,97.241=97.241,parsed,--
952,390.4,panels/panel_0000952.jpg,97.196,97.196,0,existing,2,97.196=97.196|97196=97.196,parsed,--
953,390.6,panels/panel_0000953.jpg,97.152,97.152,0,existing,1,97.152=97.152,parsed,--
954,390.8,panels/panel_0000954.jpg,97.107,97.107,0,existing,2,97.107=97.107|97108=97.108,parsed,--
955,391,panels/panel_0000955.jpg,97.123,97.123,61.48,existing,2,97.123=97.123|97123=97.123,parsed,--
956,391.2,panels/panel_0000956.jpg,97.223,97.223,0,existing,1,97.223=97.223,parsed,--
957,391.4,panels/panel_0000957.jpg,97.323,97.323,8.46,existing,1,97.323=97.323,parsed,--
958,391.6,panels/panel_0000958.jpg,97.423,97.423,20.43,existing,2,97.423=97.423|97423=97.423,parsed,--
959,391.8,panels/panel_0000959.jpg,97.523,97.523,0,existing,1,97.523=97.523,parsed,--
960,392,panels/panel_0000960.jpg,97.677,97.677,0,existing,2,97.677=97.677|97677=97.677,parsed,--
961,392.2,panels/panel_0000961.jpg,97.906,97.906,0,existing,2,97.906=97.906|97906=97.906,parsed,--
962,392.4,panels/panel_0000962.jpg,98.136,98.136,0,existing,2,98.136=98.136|98136=98.136,parsed,--
963,392.6,panels/panel_0000963.jpg,98.366,98.366,0,existing,1,98.366=98.366,parsed,--
964,392.8,panels/panel_0000964.jpg,98.595,98.595,0,existing,2,98.595=98.595|98595=98.595,parsed,--
965,393,panels/panel_0000965.jpg,98.656,98.656,0,existing,2,98.656=98.656|98656=98.656,parsed,--
966,393.2,panels/panel_0000966.jpg,98.478,98.478,0,existing,2,98.478=98.478|98478=98.478,parsed,--
967,393.4,panels/panel_0000967.jpg,98.3,98.3,0,existing,2,98.300=98.3|98300=98.3,parsed,--
968,393.6,panels/panel_0000968.jpg,98.122,98.122,0,existing,1,98.122=98.122,parsed,--
969,393.8,panels/panel_0000969.jpg,97.945,97.945,0,existing,1,97.945=97.945,parsed,--
970,394,panels/panel_0000970.jpg,97.727,97.727,0,existing,1,97.727=97.727,parsed,--
971,394.2,panels/panel_0000971.jpg,97.453,97.453,0,existing,1,97.453=97.453,parsed,--
972,394.4,panels/panel_0000972.jpg,97.179,97.179,24.6,existing,1,97.179=97.179,parsed,--
973,394.6,panels/panel_0000973.jpg,96.905,96.905,0,existing,2,96.905=96.905|96905=96.905,parsed,--
974,394.8,panels/panel_0000974.jpg,96.631,96.631,0,existing,1,96.631=96.631,parsed,--
975,395,panels/panel_0000975.jpg,96.435,96.435,0,existing,2,96.435=96.435|96435=96.435,parsed,--
976,395.2,panels/panel_0000976.jpg,96.35,96.35,0,existing,2,96.350=96.35|96350=96.35,parsed,--
977,395.4,panels/panel_0000977.jpg,96.264,96.264,16.72,existing,2,96.264=96.264|96264=96.264,parsed,--
978,395.6,panels/panel_0000978.jpg,96.179,96.179,44.08,existing,2,96.179=96.179|96179=96.179,parsed,--
979,395.8,panels/panel_0000979.jpg,96.094,96.094,39.53,existing,2,96.094=96.094|96094=96.094,parsed,--
980,396,panels/panel_0000980.jpg,95.903,95.903,54.48,existing,2,95.903=95.903|95903=95.903,parsed,--
981,396.2,panels/panel_0000981.jpg,95.562,95.562,0,existing,1,95.562=95.562,parsed,--
982,396.4,panels/panel_0000982.jpg,95.221,95.221,0,existing,1,95.221=95.221,parsed,--
983,396.6,panels/panel_0000983.jpg,94.88,94.88,0,existing,2,94.880=94.88|94880=94.88,parsed,--
984,396.8,panels/panel_0000984.jpg,94.54,94.54,0,existing,2,94.540=94.54,parsed,--
985,397,panels/panel_0000985.jpg,94.328,94.328,17.39,existing,1,94.328=94.328,parsed,--
986,397.2,panels/panel_0000986.jpg,94.298,94.298,66.15,existing,2,94.298=94.298|94298=94.298,parsed,--
987,397.4,panels/panel_0000987.jpg,94.269,94.269,63.68,existing,2,94.269=94.269|94269=94.269,parsed,--
988,397.6,panels/panel_0000988.jpg,94.239,94.239,27.11,existing,2,94.239=94.239|94239=94.239,parsed,--
989,397.8,panels/panel_0000989.jpg,94.21,94.21,0,existing,2,94.210=94.21|94210=94.21,parsed,--
990,398,panels/panel_0000990.jpg,93.96,93.96,58.98,existing,2,93.960=93.96|93960=93.96,parsed,--
991,398.2,panels/panel_0000991.jpg,93.401,93.401,0,existing,2,93.401=93.401|93401=93.401,parsed,--
992,398.4,panels/panel_0000992.jpg,92.842,92.842,0,existing,1,92.842=92.842,parsed,--
993,398.6,panels/panel_0000993.jpg,92.282,92.282,0,existing,1,92.282=92.282,parsed,--
994,398.8,panels/panel_0000994.jpg,91.723,91.723,34.98,existing,1,91.723=91.723,parsed,--
995,399,panels/panel_0000995.jpg,91.25,91.25,0,existing,2,91.250=91.25|94250=94.25,parsed,--
996,399.2,panels/panel_0000996.jpg,90.898,90.898,0,existing,2,90.898=90.898|99898=99.898,parsed,--
997,399.4,panels/panel_0000997.jpg,90.546,90.546,0,existing,1,90.546=90.546,parsed,--
998,399.6,panels/panel_0000998.jpg,90.194,90.194,54.27,existing,2,90.194=90.194|90194=90.194,parsed,--
999,399.8,panels/panel_0000999.jpg,89.842,89.842,0,existing,2,89.842=89.842|89842=89.842,parsed,--
1000,400,panels/panel_0001000.jpg,89.409,89.409,66.89,existing,2,89.409=89.409|89409=89.409,parsed,--
1001,400.2,panels/panel_0001001.jpg,88.861,88.861,0,existing,2,88.861=88.861|88864=88.864,parsed,--
1002,400.4,panels/panel_0001002.jpg,88.312,88.312,0,existing,1,88.312=88.312,parsed,--
1003,400.6,panels/panel_0001003.jpg,87.764,87.764,14.85,existing,2,87.764=87.764,parsed,--
1004,400.8,panels/panel_0001004.jpg,87.216,87.216,0,existing,1,87.216=87.216,parsed,--
1005,401,panels/panel_0001005.jpg,87.034,87.034,0,existing,2,87.034=87.034,parsed,--
1006,401.2,panels/panel_0001006.jpg,87.367,87.367,0,existing,1,87.367=87.367,parsed,--
1007,401.4,panels/panel_0001007.jpg,87.7,87.7,0,existing,2,87.700=87.7|87700=87.7,parsed,--
1008,401.6,panels/panel_0001008.jpg,88.034,88.034,0,existing,1,88.034=88.034,parsed,--
1009,401.8,panels/panel_0001009.jpg,88.367,88.367,0,existing,1,88.367=88.367,parsed,--
1010,402,panels/panel_0001010.jpg,88.739,88.739,43.87,existing,1,88.739=88.739,parsed,--
1011,402.2,panels/panel_0001011.jpg,89.165,89.165,0,existing,2,89.165=89.165|89165=89.165,parsed,--
1012,402.4,panels/panel_0001012.jpg,89.591,89.591,0,existing,1,89.591=89.591,parsed,--
1013,402.6,panels/panel_0001013.jpg,90.017,90.017,0,existing,2,90.017=90.017|99017=99.017,parsed,--
1014,402.8,panels/panel_0001014.jpg,90.443,90.443,0,existing,2,90.443=90.443|90443=90.443,parsed,--
1015,403,panels/panel_0001015.jpg,90.601,90.601,0,existing,2,90.601=90.601|99601=99.601,parsed,--
1016,403.2,panels/panel_0001016.jpg,90.383,90.383,0,existing,1,90.383=90.383,parsed,--
1017,403.4,panels/panel_0001017.jpg,90.164,90.164,16.42,existing,2,90.164=90.164|90164=90.164,parsed,--
1018,403.6,panels/panel_0001018.jpg,89.946,89.946,0,existing,2,89.946=89.946|89946=89.946,parsed,--
1019,403.8,panels/panel_0001019.jpg,89.727,89.727,0,existing,1,89.727=89.727,parsed,--
1020,404,panels/panel_0001020.jpg,89.879,89.879,41.97,existing,2,89.879=89.879|89879=89.879,parsed,--
1021,404.2,panels/panel_0001021.jpg,90.553,90.553,0,existing,1,90.553=90.553,parsed,--
1022,404.4,panels/panel_0001022.jpg,91.227,91.227,0,existing,1,91.227=91.227,parsed,--
1023,404.6,panels/panel_0001023.jpg,91.901,91.901,0,existing,2,91.901=91.901|94904=94.904,parsed,--
1024,404.8,panels/panel_0001024.jpg,92.576,92.576,0,existing,1,92.576=92.576,parsed,--
1025,405,panels/panel_0001025.jpg,92.919,92.919,62.79,existing,1,92.919=92.919,parsed,--
1026,405.2,panels/panel_0001026.jpg,92.797,92.797,0,existing,2,92.797=92.797,parsed,--
1027,405.4,panels/panel_0001027.jpg,92.675,92.675,0,existing,1,92.675=92.675,parsed,--
1028,405.6,panels/panel_0001028.jpg,92.552,92.552,0,existing,1,92.552=92.552,parsed,--
1029,405.8,panels/panel_0001029.jpg,92.43,92.43,0,existing,1,92.430=92.43,parsed,--
1030,406,panels/panel_0001030.jpg,92.414,92.414,15.01,existing,1,92.414=92.414,parsed,--
1031,406.2,panels/panel_0001031.jpg,92.547,92.547,24.21,existing,2,92.547=92.547,parsed,--
1032,406.4,panels/panel_0001032.jpg,92.681,92.681,0,existing,2,92.681=92.681|92681=92.681,parsed,--
1033,406.6,panels/panel_0001033.jpg,92.814,92.814,9.96,existing,1,92.814=92.814,parsed,--
1034,406.8,panels/panel_0001034.jpg,92.947,92.947,0,existing,2,92.947=92.947|92947=92.947,parsed,--
1035,407,panels/panel_0001035.jpg,92.879,92.879,51.81,existing,2,92.879=92.879|92879=92.879,parsed,--
1036,407.2,panels/panel_0001036.jpg,92.528,92.528,31.3,existing,1,92.528=92.528,parsed,--
1037,407.4,panels/panel_0001037.jpg,92.176,92.176,19.06,existing,1,92.176=92.176,parsed,--
1038,407.6,panels/panel_0001038.jpg,91.824,91.824,47.47,existing,2,91.824=91.824|94824=94.824,parsed,--
1039,407.8,panels/panel_0001039.jpg,91.472,91.472,0,existing,2,91.472=91.472|94472=94.472,parsed,--
1040,408,panels/panel_0001040.jpg,91.075,91.075,0,existing,2,91.075=91.075|94075=94.075,parsed,--
1041,408.2,panels/panel_0001041.jpg,90.616,90.616,0,existing,2,90.616=90.616|90616=90.616,parsed,--
1042,408.4,panels/panel_0001042.jpg,90.157,90.157,0,existing,1,90.157=90.157,parsed,--
1043,408.6,panels/panel_0001043.jpg,89.698,89.698,0,existing,2,89.698=89.698,parsed,--
1044,408.8,panels/panel_0001044.jpg,89.238,89.238,0,existing,2,89.238=89.238|89238=89.238,parsed,--
1045,409,panels/panel_0001045.jpg,88.965,88.965,0,existing,1,88.965=88.965,parsed,--
1046,409.2,panels/panel_0001046.jpg,88.954,88.954,0,existing,1,88.954=88.954,parsed,--
1047,409.4,panels/panel_0001047.jpg,88.943,88.943,0,existing,1,88.943=88.943,parsed,--
1048,409.6,panels/panel_0001048.jpg,88.932,88.932,0,existing,1,88.932=88.932,parsed,--
1049,409.8,panels/panel_0001049.jpg,88.921,88.921,0,existing,1,88.921=88.921,parsed,--
1050,410,panels/panel_0001050.jpg,88.757,88.757,0,existing,1,88.757=88.757,parsed,--
1051,410.2,panels/panel_0001051.jpg,88.379,88.379,14.99,existing,1,88.379=88.379,parsed,--
1052,410.4,panels/panel_0001052.jpg,88.002,88.002,0,existing,2,88.002=88.002|88002=88.002,parsed,--
1053,410.6,panels/panel_0001053.jpg,87.624,87.624,19.27,existing,1,87.624=87.624,parsed,--
1054,410.8,panels/panel_0001054.jpg,87.246,87.246,0,existing,1,87.246=87.246,parsed,--
1055,411,panels/panel_0001055.jpg,86.974,86.974,23.84,existing,1,86.974=86.974,parsed,--
1056,411.2,panels/panel_0001056.jpg,86.852,86.852,0,existing,2,86.852=86.852|86852=86.852,parsed,--
1057,411.4,panels/panel_0001057.jpg,86.73,86.73,0,existing,1,86.730=86.73,parsed,--
1058,411.6,panels/panel_0001058.jpg,86.608,86.608,0,existing,2,86.608=86.608|86608=86.608,parsed,--
1059,411.8,panels/panel_0001059.jpg,86.485,86.485,0,existing,2,86.485=86.485|86485=86.485,parsed,--
1060,412,panels/panel_0001060.jpg,86.254,86.254,0,existing,1,86.254=86.254,parsed,--
1061,412.2,panels/panel_0001061.jpg,85.869,85.869,0,existing,2,85.869=85.869|85869=85.869,parsed,--
1062,412.4,panels/panel_0001062.jpg,85.484,85.484,16.04,existing,2,85.484=85.484|85484=85.484,parsed,--
1063,412.6,panels/panel_0001063.jpg,85.098,85.098,0,existing,2,85.098=85.098|85098=85.098,parsed,--
1064,412.8,panels/panel_0001064.jpg,84.713,84.713,0,existing,2,84.713=84.713,parsed,--
1065,413,panels/panel_0001065.jpg,84.477,84.477,0,existing,2,84.477=84.477,parsed,--
1066,413.2,panels/panel_0001066.jpg,84.451,84.451,0,existing,2,84.451=84.451|84451=84.451,parsed,--
1067,413.4,panels/panel_0001067.jpg,84.425,84.425,0,existing,2,84.425=84.425|84425=84.425,parsed,--
1068,413.6,panels/panel_0001068.jpg,84.399,84.399,43.5,existing,2,84.399=84.399|84399=84.399,parsed,--
1069,413.8,panels/panel_0001069.jpg,84.373,84.373,0,existing,2,84.373=84.373,parsed,--
1070,414,panels/panel_0001070.jpg,84.098,84.098,0,existing,2,84.098=84.098,parsed,--
1071,414.2,panels/panel_0001071.jpg,83.472,83.472,0,existing,1,83.472=83.472,parsed,--
1072,414.4,panels/panel_0001072.jpg,82.846,82.846,0,existing,1,82.846=82.846,parsed,--
1073,414.6,panels/panel_0001073.jpg,82.22,82.22,60.21,existing,2,25220=25.22|82.220=82.22,parsed,--
1074,414.8,panels/panel_0001074.jpg,81.594,81.594,0,existing,1,81.594=81.594,parsed,--
1075,415,panels/panel_0001075.jpg,81.506,81.506,0,existing,1,81.506.=81.506,review,speed_repaired_fallback;speed_edge_dot
1076,415.2,panels/panel_0001076.jpg,82.177,82.177,,--,0,--,review,speed_missing
1077,415.4,panels/panel_0001077.jpg,87.847,27847,0,existing,1,27847=27.847,review,speed_repaired_fallback;speed_leading_digit_substituted;speed_candidate_disagreement;speed_decimal_reinserted
1078,415.6,panels/panel_0001078.jpg,83.518,83.518.,62.56,existing,1,83.518.=83.518,review,speed_repaired_fallback;speed_edge_dot
1079,415.8,panels/panel_0001079.jpg,84.188,84188,0,existing,2,84..188=84.188|84188=84.188,review,speed_repaired_fallback;speed_decimal_reinserted;speed_duplicate_dot
1080,416,panels/panel_0001080.jpg,84.341,84.341,0,existing,1,84.341=84.341,parsed,--
1081,416.2,panels/panel_0001081.jpg,83.763,83.763.,41.03,existing,1,83.763.=83.763,review,speed_repaired_fallback;speed_edge_dot
1082,416.4,panels/panel_0001082.jpg,83.185,83.185,0,existing,1,83.185=83.185,parsed,--
1083,416.6,panels/panel_0001083.jpg,82.607,82.607.,66.69,existing,2,82.607.=82.607,review,speed_repaired_fallback;speed_edge_dot
1084,416.8,panels/panel_0001084.jpg,82.029,82.029.,77.55,existing,2,82.029.=82.029,review,speed_repaired_fallback;speed_edge_dot
1085,417,panels/panel_0001085.jpg,81.625,81.625,0,existing,2,81.625=81.625|84.625=84.625,review,speed_candidate_disagreement
1086,417.2,panels/panel_0001086.jpg,81.466,81.466,0,existing,2,81.466=81.466|84466=84.466,parsed,--
1087,417.4,panels/panel_0001087.jpg,81.307,81.307,0,existing,2,81.307=81.307|84307=84.307,parsed,--
1088,417.6,panels/panel_0001088.jpg,81.147,81.147,0,existing,1,81.147=81.147,parsed,--
1089,417.8,panels/panel_0001089.jpg,80.988,80.988,0,existing,1,80.988=80.988,parsed,--
1090,418,panels/panel_0001090.jpg,80.969,80.969.,58.17,existing,1,80.969.=80.969,review,speed_repaired_fallback;speed_edge_dot
1091,418.2,panels/panel_0001091.jpg,81.146,81.146,0,existing,2,81.146=81.146|84.146=84.146,review,speed_candidate_disagreement
1092,418.4,panels/panel_0001092.jpg,81.324,81.324,17.41,existing,1,81.324=81.324,parsed,--
1093,418.6,panels/panel_0001093.jpg,81.502,81.502,0,existing,2,81.502=81.502|84.502=84.502,review,speed_candidate_disagreement
1094,418.8,panels/panel_0001094.jpg,81.68,81.68,0,existing,2,81.680=81.68|84680=84.68,parsed,--
1095,419,panels/panel_0001095.jpg,81.704,81..704,0,existing,1,81..704=81.704,review,speed_repaired_fallback;speed_duplicate_dot
1096,419.2,panels/panel_0001096.jpg,81.511,81.511,0,existing,2,81.511=81.511|8451=8.451,parsed,--
1097,419.4,panels/panel_0001097.jpg,81.319,81.319,0,existing,1,81.319=81.319,parsed,--
1098,419.6,panels/panel_0001098.jpg,81.126,81.126,0,existing,1,81.126=81.126,parsed,--
1099,419.8,panels/panel_0001099.jpg,80.933,80.933,0,existing,1,80.933=80.933,parsed,--
1100,420,panels/panel_0001100.jpg,80.785,80.785,0,existing,1,80.785=80.785,parsed,--
1101,420.2,panels/panel_0001101.jpg,80.7,80.700.,60.22,existing,2,80.700.=80.7,review,speed_repaired_fallback;speed_edge_dot
1102,420.4,panels/panel_0001102.jpg,80.615,80.615,0,existing,2,80.615=80.615|80615=80.615,parsed,--
1103,420.6,panels/panel_0001103.jpg,80.53,80.53,30.84,existing,1,80.530=80.53,parsed,--
1104,420.8,panels/panel_0001104.jpg,80.445,80.445,0,existing,1,80.445=80.445,parsed,--
1105,421,panels/panel_0001105.jpg,80.665,80.665,0,existing,2,80.665=80.665|80665=80.665,parsed,--
1106,421.2,panels/panel_0001106.jpg,81.317,81.317,0,existing,2,61317=61.317|81.317=81.317,parsed,--
1107,421.4,panels/panel_0001107.jpg,81.969,81.969,61.88,existing,1,81.969=81.969,parsed,--
1108,421.6,panels/panel_0001108.jpg,82.621,62.621,0,recover_s7_t190_c11,3,2.621=2.621|2621=2.621|62.621=62.621,review,speed_leading_digit_substituted
1109,421.8,panels/panel_0001109.jpg,83.273,83.273,0,recover_s7_t190_c11,1,83.273=83.273,parsed,--
1110,422,panels/panel_0001110.jpg,83.617,83.617,0,recover_s7_t190_c11,2,83.617=83.617|8361=8.361,parsed,--
1111,422.2,panels/panel_0001111.jpg,83.529,83.529,43.76,existing,1,83.529=83.529,parsed,--
1112,422.4,panels/panel_0001112.jpg,83.44,83.44,0,existing,2,63440=63.44|83.440=83.44,parsed,--
1113,422.6,panels/panel_0001113.jpg,83.351,83.351,0,existing,1,83.351=83.351,parsed,--
1114,422.8,panels/panel_0001114.jpg,83.262,83.262,0,existing,1,83.262=83.262,parsed,--
1115,423,panels/panel_0001115.jpg,83.201,83.201,0,existing,1,83.201=83.201,parsed,--
1116,423.2,panels/panel_0001116.jpg,83.178,83.178,0,existing,2,83.178=83.178|83178=83.178,parsed,--
1117,423.4,panels/panel_0001117.jpg,83.156,83.156,0,existing,1,83.156=83.156,parsed,--
1118,423.6,panels/panel_0001118.jpg,83.134,83.134,0,existing,2,83.134=83.134|83545=83.545,parsed,--
1119,423.8,panels/panel_0001119.jpg,83.142,83142,41.25,recover_s5_t155_c7,3,3.172=3.172|63312=63.312|83142=83.142,review,speed_leading_digit_suspect;speed_candidate_disagreement;speed_decimal_reinserted
1120,424,panels/panel_0001120.jpg,83.113,83.113,0,existing,2,83.113=83.113|83143=83.143,parsed,--
1121,424.2,panels/panel_0001121.jpg,83.146,83.146,0,existing,2,83.146=83.146|83146=83.146,parsed,--
1122,424.4,panels/panel_0001122.jpg,83.179,83.179,20.77,existing,1,83.179=83.179,parsed,--
1123,424.6,panels/panel_0001123.jpg,83.213,83.213,0,existing,1,83.213=83.213,parsed,--
1124,424.8,panels/panel_0001124.jpg,83.246,83.246,0,existing,1,83.246=83.246,parsed,--
1125,425,panels/panel_0001125.jpg,83.298,83.298,0,existing,2,83.298=83.298|83298=83.298,parsed,--
1126,425.2,panels/panel_0001126.jpg,83.375,83.375,0,existing,1,83.375=83.375,parsed,--
1127,425.4,panels/panel_0001127.jpg,83.453,83.453,0,existing,2,83.453=83.453|83453=83.453,parsed,--
1128,425.6,panels/panel_0001128.jpg,83.531,83.531,0,existing,1,83.531=83.531,parsed,--
1129,425.8,panels/panel_0001129.jpg,83.609,83.609,4.11,existing,1,83.609=83.609,parsed,--
1130,426,panels/panel_0001130.jpg,83.613,83.613,0,existing,1,83.613=83.613,parsed,--
1131,426.2,panels/panel_0001131.jpg,83.513,83.513,0,existing,1,83.513=83.513,parsed,--
1132,426.4,panels/panel_0001132.jpg,83.413,83.413,0,existing,1,83.413=83.413,parsed,--
1133,426.6,panels/panel_0001133.jpg,83.313,83.313,0,existing,1,83.313=83.313,parsed,--
1134,426.8,panels/panel_0001134.jpg,83.213,83.213,0,existing,1,83.213=83.213,parsed,--
1135,427,panels/panel_0001135.jpg,83.368,83.368,0,existing,2,83.368=83.368|83368=83.368,parsed,--
1136,427.2,panels/panel_0001136.jpg,83.883,83.883,0,existing,2,83.883=83.883|83883=83.883,parsed,--
1137,427.4,panels/panel_0001137.jpg,84.398,84.398,0,existing,2,84.398=84.398|84398=84.398,parsed,--
1138,427.6,panels/panel_0001138.jpg,84.913,84.913,0,existing,2,84.913=84.913,parsed,--
1139,427.8,panels/panel_0001139.jpg,85.427,85.427,0,existing,2,85.427=85.427|85427=85.427,parsed,--
1140,428,panels/panel_0001140.jpg,85.55,85.55,0,existing,1,85.550=85.55,parsed,--
1141,428.2,panels/panel_0001141.jpg,85.424,85424,0,existing,2,85..121=85.121|85424=85.424,review,speed_repaired_fallback;speed_candidate_disagreement;speed_decimal_reinserted
1142,428.4,panels/panel_0001142.jpg,84.691,84.691,0,existing,2,84.691=84.691,parsed,--
1143,428.6,panels/panel_0001143.jpg,84.261,84.261,0,existing,2,84.261=84.261,parsed,--
1144,428.8,panels/panel_0001144.jpg,83.832,83.832,0,existing,1,83.832=83.832,parsed,--
1145,429,panels/panel_0001145.jpg,83.548,83.548,0,existing,1,83.548=83.548,parsed,--
1146,429.2,panels/panel_0001146.jpg,83.47,83.47,0,existing,2,83.470=83.47|83470=83.47,parsed,--
1147,429.4,panels/panel_0001147.jpg,83.392,83.392,0,existing,1,83.392=83.392,parsed,--
1148,429.6,panels/panel_0001148.jpg,83.315,83315,0,existing,1,83315=83.315,review,speed_repaired_fallback;speed_decimal_reinserted
1149,429.8,panels/panel_0001149.jpg,83.237,83.237.,0,existing,2,3723=3.723|83.237.=83.237,review,speed_repaired_fallback;speed_candidate_disagreement;speed_edge_dot
1150,430,panels/panel_0001150.jpg,83.296,83.296,0,existing,1,83.296=83.296,parsed,--
1151,430.2,panels/panel_0001151.jpg,83.548,83.548,0,existing,1,83.548=83.548,parsed,--
1152,430.4,panels/panel_0001152.jpg,83.8,83.8,0,existing,2,83.800=83.8|83800=83.8,parsed,--
1153,430.6,panels/panel_0001153.jpg,84.051,84.051,0,existing,2,84.051=84.051,parsed,--
1154,430.8,panels/panel_0001154.jpg,84.303,84.303,0,existing,1,84.303=84.303,parsed,--
1155,431,panels/panel_0001155.jpg,84.395,84.395,0,existing,1,84.395=84.395,parsed,--
1156,431.2,panels/panel_0001156.jpg,84.262,84.262,0,existing,2,84.262=84.262|84262=84.262,parsed,--
1157,431.4,panels/panel_0001157.jpg,84.129,84.129,61.03,existing,1,84.129=84.129,parsed,--
1158,431.6,panels/panel_0001158.jpg,83.995,83.995,0,existing,1,83.995=83.995,parsed,--
1159,431.8,panels/panel_0001159.jpg,83.862,83.862,0,existing,2,83.862=83.862|83862=83.862,parsed,--
1160,432,panels/panel_0001160.jpg,83.845,83.845,0,existing,1,83.845=83.845,parsed,--
1161,432.2,panels/panel_0001161.jpg,83.994,83.994,68.17,existing,1,83.994=83.994,parsed,--
1162,432.4,panels/panel_0001162.jpg,84.142,84.142,0,existing,2,84.142=84.142,parsed,--
1163,432.6,panels/panel_0001163.jpg,84.29,84.29,0,existing,2,84.290=84.29|84290=84.29,parsed,--
1164,432.8,panels/panel_0001164.jpg,84.438,84.438,0,existing,1,84.438=84.438,parsed,--
1165,433,panels/panel_0001165.jpg,84.236,84.236,0,existing,1,84.236=84.236,parsed,--
1166,433.2,panels/panel_0001166.jpg,83.539,83.539.,0,existing,1,83.539.=83.539,review,speed_repaired_fallback;speed_edge_dot
1167,433.4,panels/panel_0001167.jpg,82.843,82.843,0,existing,1,82.843=82.843,parsed,--
1168,433.6,panels/panel_0001168.jpg,82.147,82.147,0,existing,2,82.147=82.147,parsed,--
1169,433.8,panels/panel_0001169.jpg,81.45,81.45,0,existing,2,81.450=81.45|84450=84.45,parsed,--
1170,434,panels/panel_0001170.jpg,80.869,80.869,39.23,existing,1,80.869=80.869,parsed,--
1171,434.2,panels/panel_0001171.jpg,80.451,80.451,0,existing,1,80.451=80.451,parsed,--
1172,434.4,panels/panel_0001172.jpg,80.032,80.032,0,existing,1,80.032=80.032,parsed,--
1173,434.6,panels/panel_0001173.jpg,79.614,79.614,19.06,existing,1,79.614=79.614,parsed,--
1174,434.8,panels/panel_0001174.jpg,79.195,79.195,0,existing,1,79.195=79.195,parsed,--
1175,435,panels/panel_0001175.jpg,79.304,79.304,9.63,existing,2,79.304=79.304|79304=79.304,parsed,--
1176,435.2,panels/panel_0001176.jpg,80.156,80.156,0,existing,1,80.156=80.156,parsed,--
1177,435.4,panels/panel_0001177.jpg,81.008,81.008,0,existing,2,81.008=81.008|84008=84.008,parsed,--
1178,435.6,panels/panel_0001178.jpg,81.86,81.86,0,existing,2,81.860=81.86|81860=81.86,parsed,--
1179,435.8,panels/panel_0001179.jpg,82.711,82.711,0,existing,2,82.711=82.711|82.744=82.744,review,speed_candidate_disagreement
1180,436,panels/panel_0001180.jpg,83.214,83.214,0,existing,1,83.214=83.214,parsed,--
1181,436.2,panels/panel_0001181.jpg,83.226,83.226,0,existing,1,83.226=83.226,parsed,--
1182,436.4,panels/panel_0001182.jpg,83.237,83.237,0,existing,1,83.237=83.237,parsed,--
1183,436.6,panels/panel_0001183.jpg,83.248,83.248,0,existing,1,83.248=83.248,parsed,--
1184,436.8,panels/panel_0001184.jpg,83.259,83.259,45.89,existing,1,83.259=83.259,parsed,--
1185,437,panels/panel_0001185.jpg,83.261,83.261,0,existing,1,83.261=83.261,parsed,--
1186,437.2,panels/panel_0001186.jpg,83.25,83.25,0,existing,1,83.250=83.25,parsed,--
1187,437.4,panels/panel_0001187.jpg,83.239,83.239,44.44,existing,2,83.239=83.239,parsed,--
1188,437.6,panels/panel_0001188.jpg,83.227,83.227,0,existing,1,83.227=83.227,parsed,--
1189,437.8,panels/panel_0001189.jpg,83.216,83.216,0,existing,1,83.216=83.216,parsed,--
1190,438,panels/panel_0001190.jpg,83.038,83.038,0,existing,1,83.038=83.038,parsed,--
1191,438.2,panels/panel_0001191.jpg,82.623,82.623,36.34,existing,1,82.623=82.623,parsed,--
1192,438.4,panels/panel_0001192.jpg,82.208,82.208,47.61,existing,2,62.208=62.208|82.208=82.208,review,speed_candidate_disagreement
1193,438.6,panels/panel_0001193.jpg,81.793,81.793,0,existing,2,6793=6.793|81.793=81.793,parsed,--
1194,438.8,panels/panel_0001194.jpg,81.378,81.378,4.97,existing,2,81.378=81.378|84378=84.378,parsed,--
1195,439,panels/panel_0001195.jpg,81.248,81.248,0,existing,1,81.248=81.248,parsed,--
1196,439.2,panels/panel_0001196.jpg,81.518,81.518,0,existing,1,81.518=81.518,parsed,--
1197,439.4,panels/panel_0001197.jpg,81.789,81.789,59.25,existing,1,81.789=81.789,parsed,--
1198,439.6,panels/panel_0001198.jpg,82.059,82.059,15.87,existing,2,82.059=82.059|82059=82.059,parsed,--
1199,439.8,panels/panel_0001199.jpg,82.329,82.329,55.52,existing,1,82.329=82.329,parsed,--
1200,440,panels/panel_0001200.jpg,82.368,82.368,0,existing,1,82.368=82.368,parsed,--
1201,440.2,panels/panel_0001201.jpg,82.079,82.079,53.75,existing,2,82.079=82.079,parsed,--
1202,440.4,panels/panel_0001202.jpg,81.79,81.79,10.12,existing,2,81.790=81.79,parsed,--
1203,440.6,panels/panel_0001203.jpg,81.501,81.501,0,existing,2,81.501=81.501|81501=81.501,parsed,--
1204,440.8,panels/panel_0001204.jpg,81.212,81.212,0,existing,1,81.212=81.212,parsed,--
1205,441,panels/panel_0001205.jpg,81.009,81.009,46.95,existing,2,81.009=81.009|81009=81.009,parsed,--
1206,441.2,panels/panel_0001206.jpg,80.928,80.928,63.21,existing,1,80.928=80.928,parsed,--
1207,441.4,panels/panel_0001207.jpg,80.846,80.846,0,existing,1,80.846=80.846,parsed,--
1208,441.6,panels/panel_0001208.jpg,80.765,80.765,0,existing,1,80.765=80.765,parsed,--
1209,441.8,panels/panel_0001209.jpg,80.683,80.683,0,existing,1,80.683=80.683,parsed,--
1210,442,panels/panel_0001210.jpg,80.814,80.814,0,existing,2,80.814=80.814|89814=89.814,parsed,--
1211,442.2,panels/panel_0001211.jpg,81.244,81.244,19.73,existing,1,81.244=81.244,parsed,--
1212,442.4,panels/panel_0001212.jpg,81.673,81.673,0,existing,2,81.673=81.673|81673=81.673,parsed,--
1213,442.6,panels/panel_0001213.jpg,82.103,82.103,0,existing,1,82.103=82.103,parsed,--
1214,442.8,panels/panel_0001214.jpg,82.533,82.533,0,existing,1,82.533=82.533,parsed,--
1215,443,panels/panel_0001215.jpg,82.792,82.792,0,existing,2,82.792=82.792,parsed,--
1216,443.2,panels/panel_0001216.jpg,82.81,82.81,0,existing,2,82.810=82.81,parsed,--
1217,443.4,panels/panel_0001217.jpg,82.829,82.829,76.86,existing,1,82.829=82.829,parsed,--
1218,443.6,panels/panel_0001218.jpg,82.847,82.847,0,existing,2,82.847=82.847,parsed,--
1219,443.8,panels/panel_0001219.jpg,82.866,82.866,0,existing,2,82.866=82.866|82866=82.866,parsed,--
1220,444,panels/panel_0001220.jpg,82.76,82.76,16.42,existing,2,82.760=82.76,parsed,--
1221,444.2,panels/panel_0001221.jpg,82.478,82.478,0,existing,2,82.478=82.478,parsed,--
1222,444.4,panels/panel_0001222.jpg,82.197,82.197,0,existing,2,82.197=82.197,parsed,--
1223,444.6,panels/panel_0001223.jpg,81.915,81.915,0,existing,1,81.915=81.915,parsed,--
1224,444.8,panels/panel_0001224.jpg,81.634,81.634,16.02,existing,1,81.634=81.634,parsed,--
1225,445,panels/panel_0001225.jpg,81.42,81.42,0,existing,2,81.420=81.42|84420=84.42,parsed,--
1226,445.2,panels/panel_0001226.jpg,81.301,81.301,0,existing,2,81.301=81.301|8301=8.301,parsed,--
1227,445.4,panels/panel_0001227.jpg,81.183,81.183,0,existing,1,81.183=81.183,parsed,--
1228,445.6,panels/panel_0001228.jpg,81.064,81.064,23.52,existing,2,81.064=81.064|81064=81.064,parsed,--
1229,445.8,panels/panel_0001229.jpg,80.946,80.946,0,existing,1,80.946=80.946,parsed,--
1230,446,panels/panel_0001230.jpg,80.95,80.95,30.77,existing,2,80.950=80.95|89950=89.95,parsed,--
1231,446.2,panels/panel_0001231.jpg,81.128,81.128,3.81,existing,2,81.128=81.128|84.128=84.128,review,speed_candidate_disagreement
1232,446.4,panels/panel_0001232.jpg,81.306,81.306,0,existing,1,81.306=81.306,parsed,--
1233,446.6,panels/panel_0001233.jpg,81.484,81.484,2.98,existing,2,81.484=81.484|84484=84.484,parsed,--
1234,446.8,panels/panel_0001234.jpg,81.661,81.661,0,existing,2,81.661=81.661|84664=84.664,parsed,--
1235,447,panels/panel_0001235.jpg,81.859,81.859,20.01,existing,1,81.859=81.859,parsed,--
1236,447.2,panels/panel_0001236.jpg,82.085,82.085,31.7,existing,2,82.085=82.085,parsed,--
1237,447.4,panels/panel_0001237.jpg,82.311,82.311,0,existing,1,82.311=82.311,parsed,--
1238,447.6,panels/panel_0001238.jpg,82.537,82.537,0,existing,1,82.537=82.537,parsed,--
1239,447.8,panels/panel_0001239.jpg,82.763,82.763,0,existing,2,82.763=82.763,parsed,--
1240,448,panels/panel_0001240.jpg,82.78,82.78,2.2,existing,1,82.780=82.78,parsed,--
1241,448.2,panels/panel_0001241.jpg,82.502,82.502,0,existing,1,82.502=82.502,parsed,--
1242,448.4,panels/panel_0001242.jpg,82.224,82.224,0,existing,2,25224=25.224|82.224=82.224,parsed,--
1243,448.6,panels/panel_0001243.jpg,81.946,81.946,0,existing,1,81.946=81.946,parsed,--
1244,448.8,panels/panel_0001244.jpg,81.669,81.669,13.18,existing,2,81.669=81.669|84669=84.669,parsed,--
1245,449,panels/panel_0001245.jpg,81.323,81.323,0,existing,1,81.323=81.323,parsed,--
1246,449.2,panels/panel_0001246.jpg,80.882,80.882,0,existing,2,80.882=80.882|80882=80.882,parsed,--
1247,449.4,panels/panel_0001247.jpg,80.442,80.442,0,existing,2,80.442=80.442|80442=80.442,parsed,--
1248,449.6,panels/panel_0001248.jpg,80.001,80.001,0,existing,2,80.001=80.001|80001=80.001,parsed,--
1249,449.8,panels/panel_0001249.jpg,79.56,79.56,0,existing,2,79.560=79.56|79560=79.56,parsed,--
1250,450,panels/panel_0001250.jpg,79.222,79.222,0,existing,1,79.222=79.222,parsed,--
1251,450.2,panels/panel_0001251.jpg,79.03,79.03,46.86,existing,2,79.030=79.03|79030=79.03,parsed,--
1252,450.4,panels/panel_0001252.jpg,78.837,78.837,0,existing,1,78.837=78.837,parsed,--
1253,450.6,panels/panel_0001253.jpg,78.644,78.644,19.57,existing,1,78.644=78.644,parsed,--
1254,450.8,panels/panel_0001254.jpg,78.452,78.452,0,existing,1,78.452=78.452,parsed,--
1255,451,panels/panel_0001255.jpg,78.212,78.212,0,existing,1,78.212=78.212,parsed,--
1256,451.2,panels/panel_0001256.jpg,77.904,77.904,22.52,existing,2,77.904=77.904|7904=7.904,parsed,--
1257,451.4,panels/panel_0001257.jpg,77.597,77.597,0,existing,2,7597=7.597|77.597=77.597,parsed,--
1258,451.6,panels/panel_0001258.jpg,77.289,77.289,45.63,existing,2,77.289=77.289|77289=77.289,parsed,--
1259,451.8,panels/panel_0001259.jpg,76.982,76.982,0,existing,2,167982=167.982|76.982=76.982,parsed,--
1260,452,panels/panel_0001260.jpg,76.88,76.88,0.73,existing,2,6880=6.88|76.880=76.88,parsed,--
1261,452.2,panels/panel_0001261.jpg,77.069,77.069,46.82,existing,1,77.069=77.069,parsed,--
1262,452.4,panels/panel_0001262.jpg,77.258,77.258,0,existing,2,77.258=77.258|77258=77.258,parsed,--
1263,452.6,panels/panel_0001263.jpg,77.447,77.447,0,existing,2,1447=1.447|77.447=77.447,parsed,--
1264,452.8,panels/panel_0001264.jpg,77.636,77.636,0,existing,2,7636=7.636|77.636=77.636,parsed,--
1265,453,panels/panel_0001265.jpg,77.719,77.719,45.11,existing,2,77.719=77.719|7719=7.719,parsed,--
1266,453.2,panels/panel_0001266.jpg,77.652,77.652,0,existing,2,75652=75.652|77.652=77.652,parsed,--
1267,453.4,panels/panel_0001267.jpg,77.585,77.585,0,existing,2,77.585=77.585|77585=77.585,parsed,--
1268,453.6,panels/panel_0001268.jpg,77.519,77.519,0,existing,2,77.519=77.519|77519=77.519,parsed,--
1269,453.8,panels/panel_0001269.jpg,77.452,77.452,0,existing,2,7452=7.452|77.452=77.452,parsed,--
1270,454,panels/panel_0001270.jpg,77.196,77.196,0,existing,2,77.196=77.196|77196=77.196,parsed,--
1271,454.2,panels/panel_0001271.jpg,76.674,76.674,48.8,existing,2,16674=16.674|76.674=76.674,parsed,--
1272,454.4,panels/panel_0001272.jpg,76.152,76.152,0,existing,2,67152=67.152|76.152=76.152,parsed,--
1273,454.6,panels/panel_0001273.jpg,75.63,75.63,0,existing,2,157630=157.63|75.630=75.63,parsed,--
1274,454.8,panels/panel_0001274.jpg,75.107,75.107,0,existing,2,5107=5.107|75.107=75.107,parsed,--
1275,455,panels/panel_0001275.jpg,74.619,74.619,3.37,existing,2,14619=14.619|74.619=74.619,parsed,--
1276,455.2,panels/panel_0001276.jpg,74.178,74.178,22.01,existing,2,4178=4.178|74.178=74.178,parsed,--
1277,455.4,panels/panel_0001277.jpg,73.737,73.737,0,existing,2,3573=3.573|73.737=73.737,parsed,--
1278,455.6,panels/panel_0001278.jpg,73.297,73.297,0,existing,2,37297=37.297|73.297=73.297,parsed,--
1279,455.8,panels/panel_0001279.jpg,72.856,72.856,15.55,existing,2,27856=27.856|72.856=72.856,parsed,--
1280,456,panels/panel_0001280.jpg,72.443,72.443,0,existing,2,27443=27.443|72.443=72.443,parsed,--
1281,456.2,panels/panel_0001281.jpg,72.069,72.069,61.81,existing,2,72.069=72.069|72069=72.069,parsed,--
1282,456.4,panels/panel_0001282.jpg,71.694,71.694,32.6,existing,2,1694=1.694|71.694=71.694,parsed,--
1283,456.6,panels/panel_0001283.jpg,71.32,71.32,0,existing,2,47320=47.32|71.320=71.32,parsed,--
1284,456.8,panels/panel_0001284.jpg,70.946,70.946,0,existing,2,07946=7.946|70.946=70.946,parsed,--
1285,457,panels/panel_0001285.jpg,70.475,70.475,0,existing,2,07475=7.475|70.475=70.475,parsed,--
1286,457.2,panels/panel_0001286.jpg,69.868,69.868,36.81,existing,2,69.868=69.868|69868=69.868,parsed,--
1287,457.4,panels/panel_0001287.jpg,69.26,69.26,0,existing,2,69.260=69.26|69260=69.26,parsed,--
1288,457.6,panels/panel_0001288.jpg,68.653,68.653,20.76,existing,1,68.653=68.653,parsed,--
1289,457.8,panels/panel_0001289.jpg,68.045,68.045,0,existing,2,68.045=68.045|68045=68.045,parsed,--
1290,458,panels/panel_0001290.jpg,67.664,67.664,0,existing,2,67.664=67.664|67664=67.664,parsed,--
1291,458.2,panels/panel_0001291.jpg,67.601,67.601,0,existing,2,67.601=67.601|67601=67.601,parsed,--
1292,458.4,panels/panel_0001292.jpg,67.538,67.538,0,existing,1,67.538=67.538,parsed,--
1293,458.6,panels/panel_0001293.jpg,67.475,67.475,0,existing,2,67.475=67.475|67475=67.475,parsed,--
1294,458.8,panels/panel_0001294.jpg,67.412,67.412,0,existing,1,67.412=67.412,parsed,--
1295,459,panels/panel_0001295.jpg,67.418,67.418,0,existing,2,67.418=67.418|67418=67.418,parsed,--
1296,459.2,panels/panel_0001296.jpg,67.522,67.522,4.12,existing,1,67.522=67.522,parsed,--
1297,459.4,panels/panel_0001297.jpg,67.626,67.626,0,existing,2,67.626=67.626|67626=67.626,parsed,--
1298,459.6,panels/panel_0001298.jpg,67.729,67.729,57.14,existing,1,67.729=67.729,parsed,--
1299,459.8,panels/panel_0001299.jpg,67.833,67.833,0,existing,2,67.833=67.833|67833=67.833,parsed,--
1300,460,panels/panel_0001300.jpg,67.431,67.431,0,existing,1,67.431=67.431,parsed,--
1301,460.2,panels/panel_0001301.jpg,66.316,66.316,0,existing,1,66.316=66.316,parsed,--
1302,460.4,panels/panel_0001302.jpg,65.201,65.201,0,existing,2,65.201=65.201|65201=65.201,parsed,--
1303,460.6,panels/panel_0001303.jpg,64.086,64.086,0,existing,2,64.086=64.086|64086=64.086,parsed,--
1304,460.8,panels/panel_0001304.jpg,62.972,62.972,0,existing,1,62.972=62.972,parsed,--
1305,461,panels/panel_0001305.jpg,62.419,62.419,55.99,existing,1,62.419=62.419,parsed,--
1306,461.2,panels/panel_0001306.jpg,62.66,62.66,0,existing,2,62.660=62.66|62660=62.66,parsed,--
1307,461.4,panels/panel_0001307.jpg,62.901,62.901,0,existing,2,62.901=62.901|62901=62.901,parsed,--
1308,461.6,panels/panel_0001308.jpg,63.141,63.141,0,existing,2,63.141=63.141|63144=63.144,parsed,--
1309,461.8,panels/panel_0001309.jpg,63.382,63.382,0,existing,1,63.382=63.382,parsed,--
1310,462,panels/panel_0001310.jpg,63.612,63.612,0,existing,1,63.612=63.612,parsed,--
1311,462.2,panels/panel_0001311.jpg,63.827,63.827,0,existing,1,63.827=63.827,parsed,--
1312,462.4,panels/panel_0001312.jpg,64.042,64.042,0,existing,2,64.042=64.042|64042=64.042,parsed,--
1313,462.6,panels/panel_0001313.jpg,64.257,64.257,0,existing,2,64.257=64.257|64257=64.257,parsed,--
1314,462.8,panels/panel_0001314.jpg,64.472,64.472,0,existing,2,64.472=64.472|64472=64.472,parsed,--
1315,463,panels/panel_0001315.jpg,64.603,64.603,0,existing,2,64.603=64.603|64603=64.603,parsed,--
1316,463.2,panels/panel_0001316.jpg,64.618,64.618,4.94,existing,2,64.618=64.618|64618=64.618,parsed,--
1317,463.4,panels/panel_0001317.jpg,64.633,64.633,0,existing,2,64.633=64.633|64633=64.633,parsed,--
1318,463.6,panels/panel_0001318.jpg,64.648,64.648,0,existing,2,64.648=64.648|64648=64.648,parsed,--
1319,463.8,panels/panel_0001319.jpg,64.663,64.663,0,existing,2,64.663=64.663|64663=64.663,parsed,--
1320,464,panels/panel_0001320.jpg,64.555,64.555,0,existing,2,64.555=64.555|64555=64.555,parsed,--
1321,464.2,panels/panel_0001321.jpg,64.273,64.273,0,existing,2,64.273=64.273|64273=64.273,parsed,--
1322,464.4,panels/panel_0001322.jpg,63.992,63.992,0,existing,1,63.992=63.992,parsed,--
1323,464.6,panels/panel_0001323.jpg,63.71,63.71,0,existing,1,63.710=63.71,parsed,--
1324,464.8,panels/panel_0001324.jpg,63.428,63.428,53.63,existing,2,63.428=63.428|63428=63.428,parsed,--
1325,465,panels/panel_0001325.jpg,63.273,63.273,0,existing,1,63.273=63.273,parsed,--
1326,465.2,panels/panel_0001326.jpg,63.295,63.295,74.78,existing,1,63.295=63.295,parsed,--
1327,465.4,panels/panel_0001327.jpg,63.317,63.317,0,existing,1,63.317=63.317,parsed,--
1328,465.6,panels/panel_0001328.jpg,63.34,63.34,0,existing,1,63.340=63.34,parsed,--
1329,465.8,panels/panel_0001329.jpg,63.362,63.362,0,existing,1,63.362=63.362,parsed,--
1330,466,panels/panel_0001330.jpg,63.678,63.678,0,existing,1,63.678=63.678,parsed,--
1331,466.2,panels/panel_0001331.jpg,64.407,64.407,0,existing,2,64.407=64.407|64407=64.407,parsed,--
1332,466.4,panels/panel_0001332.jpg,65.137,65.137,0,existing,1,65.137=65.137,parsed,--
1333,466.6,panels/panel_0001333.jpg,65.867,65.867,0,existing,2,65.867=65.867|65867=65.867,parsed,--
1334,466.8,panels/panel_0001334.jpg,66.597,66.597,0,existing,2,66.597=66.597|66597=66.597,parsed,--
1335,467,panels/panel_0001335.jpg,66.916,66.916,0,existing,1,66.916=66.916,parsed,--
1336,467.2,panels/panel_0001336.jpg,66.656,66.656,0,existing,2,66.656=66.656|66656=66.656,parsed,--
1337,467.4,panels/panel_0001337.jpg,66.397,66.397,0,existing,2,66.397=66.397|66397=66.397,parsed,--
1338,467.6,panels/panel_0001338.jpg,66.138,66.138,0,existing,2,66.138=66.138|66138=66.138,parsed,--
1339,467.8,panels/panel_0001339.jpg,65.879,65.879,0,existing,2,65.879=65.879|65879=65.879,parsed,--
1340,468,panels/panel_0001340.jpg,65.595,65.595,0,existing,1,65.595=65.595,parsed,--
1341,468.2,panels/panel_0001341.jpg,65.276,65.276,0,existing,1,65.276=65.276,parsed,--
1342,468.4,panels/panel_0001342.jpg,64.958,64.958,0,existing,2,64.958=64.958|64958=64.958,parsed,--
1343,468.6,panels/panel_0001343.jpg,64.639,64.639,14.4,existing,2,64.639=64.639|64639=64.639,parsed,--
1344,468.8,panels/panel_0001344.jpg,64.321,64.321,0,existing,2,64.321=64.321|64324=64.324,parsed,--
1345,469,panels/panel_0001345.jpg,64.125,64.125,0,existing,1,64.125=64.125,parsed,--
1346,469.2,panels/panel_0001346.jpg,64.103,64.103,0,existing,2,64.103=64.103|64103=64.103,parsed,--
1347,469.4,panels/panel_0001347.jpg,64.081,64.081,0,existing,2,64.081=64.081|64081=64.081,parsed,--
1348,469.6,panels/panel_0001348.jpg,64.058,64.058,0,existing,2,64.058=64.058|64058=64.058,parsed,--
1349,469.8,panels/panel_0001349.jpg,64.036,64.036,0,existing,2,64.036=64.036|64036=64.036,parsed,--
1350,470,panels/panel_0001350.jpg,64.194,64.194,48.75,existing,2,64.194=64.194|64194=64.194,parsed,--
1351,470.2,panels/panel_0001351.jpg,64.605,64.605,0,existing,2,64.605=64.605|64605=64.605,parsed,--
1352,470.4,panels/panel_0001352.jpg,65.016,65.016,0,existing,2,65.016=65.016|65016=65.016,parsed,--
1353,470.6,panels/panel_0001353.jpg,65.427,65.427,0,existing,2,65.427=65.427|65427=65.427,parsed,--
1354,470.8,panels/panel_0001354.jpg,65.838,65.838,0,existing,2,65.838=65.838|65838=65.838,parsed,--
1355,471,panels/panel_0001355.jpg,66.203,66.203,53.1,existing,1,66.203=66.203,parsed,--
1356,471.2,panels/panel_0001356.jpg,66.503,66.503,0,existing,2,66.503=66.503|66503=66.503,parsed,--
1357,471.4,panels/panel_0001357.jpg,66.803,66.803,0,existing,2,66.803=66.803|66803=66.803,parsed,--
1358,471.6,panels/panel_0001358.jpg,67.103,67.103,47.25,existing,2,67.103=67.103|67103=67.103,parsed,--
1359,471.8,panels/panel_0001359.jpg,67.403,67.403,14.27,existing,2,67.403=67.403|67403=67.403,parsed,--
1360,472,panels/panel_0001360.jpg,67.554,67.554,2.84,existing,2,67.554=67.554|67554=67.554,parsed,--
1361,472.2,panels/panel_0001361.jpg,67.495,67.495,0,existing,1,67.495=67.495,parsed,--
1362,472.4,panels/panel_0001362.jpg,67.436,67.436,0,existing,2,67.436=67.436|67436=67.436,parsed,--
1363,472.6,panels/panel_0001363.jpg,67.377,67.377,0,existing,2,67.377=67.377|67377=67.377,parsed,--
1364,472.8,panels/panel_0001364.jpg,67.317,67.317,0,existing,1,67.317=67.317,parsed,--
1365,473,panels/panel_0001365.jpg,67.378,67.378,0,existing,2,67.378=67.378|67378=67.378,parsed,--
1366,473.2,panels/panel_0001366.jpg,67.608,67.608,5.5,existing,2,67.608=67.608|67608=67.608,parsed,--
1367,473.4,panels/panel_0001367.jpg,67.837,67.837,0,existing,2,67.837=67.837|67837=67.837,parsed,--
1368,473.6,panels/panel_0001368.jpg,68.067,68.067,0,existing,2,68.067=68.067|68067=68.067,parsed,--
1369,473.8,panels/panel_0001369.jpg,68.297,68.297,0,existing,2,68.297=68.297|68297=68.297,parsed,--
1370,474,panels/panel_0001370.jpg,68.455,68.455,0,existing,1,68.455=68.455,parsed,--
1371,474.2,panels/panel_0001371.jpg,68.515,68.515,0,existing,1,68.515=68.515,parsed,--
1372,474.4,panels/panel_0001372.jpg,68.574,68.574,8.77,existing,1,68.574=68.574,parsed,--
1373,474.6,panels/panel_0001373.jpg,68.633,68.633,0,existing,1,68.633=68.633,parsed,--
1374,474.8,panels/panel_0001374.jpg,68.693,68.693,0,existing,1,68.693=68.693,parsed,--
1375,475,panels/panel_0001375.jpg,68.629,68.629,52.4,existing,1,68.629=68.629,parsed,--
1376,475.2,panels/panel_0001376.jpg,68.392,68.392,0,existing,1,68.392=68.392,parsed,--
1377,475.4,panels/panel_0001377.jpg,68.155,68.155,0,existing,1,68.155=68.155,parsed,--
1378,475.6,panels/panel_0001378.jpg,67.918,67.918,7.6,existing,1,67.918=67.918,parsed,--
1379,475.8,panels/panel_0001379.jpg,67.681,67.681,0,existing,1,67.681=67.681,parsed,--
1380,476,panels/panel_0001380.jpg,67.477,67.477,0,existing,2,67.477=67.477|67477=67.477,parsed,--
1381,476.2,panels/panel_0001381.jpg,67.322,67.322,14.38,existing,1,67.322=67.322,parsed,--
1382,476.4,panels/panel_0001382.jpg,67.166,67.166,0,existing,2,67.166=67.166|67166=67.166,parsed,--
1383,476.6,panels/panel_0001383.jpg,67.011,67.011,0,existing,2,67.011=67.011|67014=67.014,parsed,--
1384,476.8,panels/panel_0001384.jpg,66.855,66.855,0,existing,2,66.855=66.855|66855=66.855,parsed,--
1385,477,panels/panel_0001385.jpg,66.801,66.801,0,existing,2,66.801=66.801|66804=66.804,parsed,--
1386,477.2,panels/panel_0001386.jpg,66.89,66.89,0,existing,2,66.890=66.89|66890=66.89,parsed,--
1387,477.4,panels/panel_0001387.jpg,66.979,66.979,49.4,existing,2,66.979=66.979|66979=66.979,parsed,--
1388,477.6,panels/panel_0001388.jpg,67.068,67.068,1.48,existing,2,67.068=67.068|67068=67.068,parsed,--
1389,477.8,panels/panel_0001389.jpg,67.157,67.157,0,existing,1,67.157=67.157,parsed,--
1390,478,panels/panel_0001390.jpg,67.215,67.215,0,existing,1,67.215=67.215,parsed,--
1391,478.2,panels/panel_0001391.jpg,67.23,67.23,3.88,existing,2,67.230=67.23|67230=67.23,parsed,--
1392,478.4,panels/panel_0001392.jpg,67.244,67.244,53.96,existing,1,67.244=67.244,parsed,--
1393,478.6,panels/panel_0001393.jpg,67.259,67.259,21.42,existing,2,67.259=67.259|67259=67.259,parsed,--
1394,478.8,panels/panel_0001394.jpg,67.274,67.274.,0,existing,1,67.274.=67.274,review,speed_repaired_fallback;speed_edge_dot
1395,479,panels/panel_0001395.jpg,67.209,67.209,38.02,existing,2,2095=2.095|67.209=67.209,parsed,--
1396,479.2,panels/panel_0001396.jpg,67.031,67.031,0,existing,1,67.031=67.031,parsed,--
1397,479.4,panels/panel_0001397.jpg,66.803,166803,0,recover_s9_t140_c11,1,166803=166.803,review,speed_repaired_fallback;speed_leading_digit_dropped;speed_decimal_reinserted
1398,479.6,panels/panel_0001398.jpg,66.755,66755,0,existing,2,66..675=66.675|66755=66.755,review,speed_repaired_fallback;speed_candidate_disagreement;speed_decimal_reinserted
1399,479.8,panels/panel_0001399.jpg,66.498,66.498,59.71,existing,2,66.498=66.498|66498=66.498,parsed,--
1400,480,panels/panel_0001400.jpg,66.504,66.504,20.94,existing,2,66.504=66.504|66504=66.504,parsed,--
1401,480.2,panels/panel_0001401.jpg,66.771,66.771,0,existing,1,66.771=66.771,parsed,--
1402,480.4,panels/panel_0001402.jpg,67.038,67.038,0,existing,2,67.038=67.038|67038=67.038,parsed,--
1403,480.6,panels/panel_0001403.jpg,67.304,67.304,22.81,existing,2,67.304=67.304|67304=67.304,parsed,--
1404,480.8,panels/panel_0001404.jpg,67.571,67.571,0,existing,2,67.571=67.571|67574=67.574,parsed,--
1405,481,panels/panel_0001405.jpg,67.544,67.544,9.03,existing,2,67.544=67.544|67544=67.544,parsed,--
1406,481.2,panels/panel_0001406.jpg,67.103,67.103,0,existing,1,67.103=67.103,parsed,--
1407,481.4,panels/panel_0001407.jpg,66.663,66.663,1.95,existing,2,66.663=66.663|66663=66.663,parsed,--
1408,481.6,panels/panel_0001408.jpg,66.222,66.222,0.87,existing,2,66.222=66.222|66222=66.222,parsed,--
1409,481.8,panels/panel_0001409.jpg,65.781,65.781,0,existing,1,65.781=65.781,parsed,--
1410,482,panels/panel_0001410.jpg,65.668,65.668,6.5,existing,2,65.668=65.668|65668=65.668,parsed,--
1411,482.2,panels/panel_0001411.jpg,66.016,66.016,0,existing,2,66.016=66.016|66016=66.016,parsed,--
1412,482.4,panels/panel_0001412.jpg,66.364,66.364,29.54,existing,2,66.364=66.364|66364=66.364,parsed,--
1413,482.6,panels/panel_0001413.jpg,66.712,66.712,0,existing,1,66.712=66.712,parsed,--
1414,482.8,panels/panel_0001414.jpg,67.06,67.06,4.11,existing,1,67.060=67.06,parsed,--
1415,483,panels/panel_0001415.jpg,67.272,67.272,0,existing,2,65272=65.272|67.272=67.272,parsed,--
1416,483.2,panels/panel_0001416.jpg,67.29,67.29,31.94,existing,1,67.290=67.29,parsed,--
1417,483.4,panels/panel_0001417.jpg,67.309,67.309,43.14,existing,2,67.309=67.309|67309=67.309,parsed,--
1418,483.6,panels/panel_0001418.jpg,67.327,67.327,0,existing,2,67.327=67.327|67327=67.327,parsed,--
1419,483.8,panels/panel_0001419.jpg,67.346,67.346,0,existing,1,67.346=67.346,parsed,--
1420,484,panels/panel_0001420.jpg,67.283,67.283,0,existing,2,67.283=67.283|67283=67.283,parsed,--
1421,484.2,panels/panel_0001421.jpg,67.105,67.105,0,existing,2,67.105=67.105|67105=67.105,parsed,--
1422,484.4,panels/panel_0001422.jpg,66.927,66.927,0,existing,2,66.927=66.927|66927=66.927,parsed,--
1423,484.6,panels/panel_0001423.jpg,66.75,66.75,0,existing,1,66.750=66.75,parsed,--
1424,484.8,panels/panel_0001424.jpg,66.572,66.572,0,existing,2,66.572=66.572|66572=66.572,parsed,--
1425,485,panels/panel_0001425.jpg,66.502,66.502,0,existing,1,66.502=66.502,parsed,--
1426,485.2,panels/panel_0001426.jpg,66.583,66.583,0,existing,2,66.583=66.583|66583=66.583,parsed,--
1427,485.4,panels/panel_0001427.jpg,66.665,66.665,22.55,existing,2,66.665=66.665|66665=66.665,parsed,--
1428,485.6,panels/panel_0001428.jpg,66.746,66.746,0,existing,1,66.746=66.746,parsed,--
1429,485.8,panels/panel_0001429.jpg,66.828,66.828,34.54,existing,2,66.828=66.828|66828=66.828,parsed,--
1430,486,panels/panel_0001430.jpg,66.991,66.991,0,existing,2,66.991=66.991|66994=66.994,parsed,--
1431,486.2,panels/panel_0001431.jpg,67.268,67.268,9.32,existing,2,67.268=67.268|67268=67.268,parsed,--
1432,486.4,panels/panel_0001432.jpg,67.546,67.546,0,existing,2,67.546=67.546|67546=67.546,parsed,--
1433,486.6,panels/panel_0001433.jpg,67.824,67.824,16.19,existing,2,67.824=67.824|67824=67.824,parsed,--
1434,486.8,panels/panel_0001434.jpg,68.102,68.102,0,existing,1,68.102=68.102,parsed,--
1435,487,panels/panel_0001435.jpg,68.389,68.389,32.32,existing,1,68.389=68.389,parsed,--
1436,487.2,panels/panel_0001436.jpg,68.689,68.689,32.96,existing,2,68.689=68.689|68689=68.689,parsed,--
1437,487.4,panels/panel_0001437.jpg,68.989,68.989,39.47,existing,1,68.989=68.989,parsed,--
1438,487.6,panels/panel_0001438.jpg,69.289,69.289,28.43,existing,2,69.289=69.289|69289=69.289,parsed,--
1439,487.8,panels/panel_0001439.jpg,69.589,69.589,34.55,existing,2,69.589=69.589|69589=69.589,parsed,--
1440,488,panels/panel_0001440.jpg,69.58,69.58,0,existing,2,69.580=69.58|69580=69.58,parsed,--
1441,488.2,panels/panel_0001441.jpg,69.135,69.135,0,existing,1,69.135=69.135,parsed,--
1442,488.4,panels/panel_0001442.jpg,68.691,68.691,0,existing,1,68.691=68.691,parsed,--
1443,488.6,panels/panel_0001443.jpg,68.246,68.246,0,existing,2,68.246=68.246|68246=68.246,parsed,--
1444,488.8,panels/panel_0001444.jpg,67.802,67.802,0,existing,2,67.802=67.802|67802=67.802,parsed,--
1445,489,panels/panel_0001445.jpg,67.533,67.533,0,existing,1,67.533=67.533,parsed,--
1446,489.2,panels/panel_0001446.jpg,67.51,67.51,0,existing,2,67.510=67.51|67510=67.51,parsed,--
1447,489.4,panels/panel_0001447.jpg,67.488,67.488,0,existing,2,67.488=67.488|67488=67.488,parsed,--
1448,489.6,panels/panel_0001448.jpg,67.466,67.466,0,existing,2,67.466=67.466|67466=67.466,parsed,--
1449,489.8,panels/panel_0001449.jpg,67.444,67.444,41.74,existing,2,67.444=67.444|67444=67.444,parsed,--
1450,490,panels/panel_0001450.jpg,67.572,67.572,0,existing,2,67.572=67.572|67572=67.572,parsed,--
1451,490.2,panels/panel_0001451.jpg,67.913,67.913,2.71,existing,1,67.913=67.913,parsed,--
1452,490.4,panels/panel_0001452.jpg,68.254,68.254,33.03,existing,1,68.254=68.254,parsed,--
1453,490.6,panels/panel_0001453.jpg,68.595,68.595,0,existing,1,68.595=68.595,parsed,--
1454,490.8,panels/panel_0001454.jpg,68.935,68.935,0,existing,1,68.935=68.935,parsed,--
1455,491,panels/panel_0001455.jpg,69.067,69.067,44.79,existing,2,69.067=69.067|69067=69.067,parsed,--
1456,491.2,panels/panel_0001456.jpg,68.904,68.904,74.78,existing,2,68.904=68.904|68904=68.904,parsed,--
1457,491.4,panels/panel_0001457.jpg,68.741,68.741,22.54,existing,1,68.741=68.741,parsed,--
1458,491.6,panels/panel_0001458.jpg,68.578,68.578,0,existing,2,68.578=68.578|68578=68.578,parsed,--
1459,491.8,panels/panel_0001459.jpg,68.415,68.415,0,existing,1,68.415=68.415,parsed,--
1460,492,panels/panel_0001460.jpg,68.174,68.174,30.1,existing,1,68.174=68.174,parsed,--
1461,492.2,panels/panel_0001461.jpg,67.822,67.822,0,existing,2,67.822=67.822|67822=67.822,parsed,--
1462,492.4,panels/panel_0001462.jpg,67.47,67.47,0,existing,2,67.470=67.47|67470=67.47,parsed,--
1463,492.6,panels/panel_0001463.jpg,67.118,67.118,0,existing,2,67.118=67.118|67118=67.118,parsed,--
1464,492.8,panels/panel_0001464.jpg,66.766,66.766,32.66,existing,1,66.766=66.766,parsed,--
1465,493,panels/panel_0001465.jpg,66.525,66.525,0,existing,2,66.525=66.525|66525=66.525,parsed,--
1466,493.2,panels/panel_0001466.jpg,66.44,66.44,0,existing,2,66.440=66.44|66440=66.44,parsed,--
1467,493.4,panels/panel_0001467.jpg,66.355,66.355,0,existing,1,66.355=66.355,parsed,--
1468,493.6,panels/panel_0001468.jpg,66.269,66.269,26.74,existing,2,66.269=66.269|66269=66.269,parsed,--
1469,493.8,panels/panel_0001469.jpg,66.184,66.184,25.63,existing,1,66.184=66.184,parsed,--
1470,494,panels/panel_0001470.jpg,66.133,66.133,0,existing,1,66.133=66.133,parsed,--
1471,494.2,panels/panel_0001471.jpg,66.129,66.129,71.25,existing,2,66.129=66.129|66129=66.129,parsed,--
1472,494.4,panels/panel_0001472.jpg,66.125,66.125,0,existing,1,66.125=66.125,parsed,--
1473,494.6,panels/panel_0001473.jpg,66.122,66.122,0,existing,1,66.122=66.122,parsed,--
1474,494.8,panels/panel_0001474.jpg,66.118,66.118,0,existing,2,66.118=66.118|66118=66.118,parsed,--
1475,495,panels/panel_0001475.jpg,66.117,66.117,0,existing,1,66.117=66.117,parsed,--
1476,495.2,panels/panel_0001476.jpg,66.121,66.121,0,existing,2,66.121=66.121|66124=66.124,parsed,--
1477,495.4,panels/panel_0001477.jpg,66.125,66.125,0,existing,2,66.125=66.125|66125=66.125,parsed,--
1478,495.6,panels/panel_0001478.jpg,66.129,66.129,69.68,existing,2,66.129=66.129|66129=66.129,parsed,--
1479,495.8,panels/panel_0001479.jpg,66.132,66.132,0,existing,1,66.132=66.132,parsed,--
1480,496,panels/panel_0001480.jpg,66.28,66.28,55.78,existing,2,66.280=66.28|66280=66.28,parsed,--
1481,496.2,panels/panel_0001481.jpg,66.632,66.632,0,existing,2,66.632=66.632|66632=66.632,parsed,--
1482,496.4,panels/panel_0001482.jpg,66.984,66.984,13.55,existing,2,66.984=66.984|66984=66.984,parsed,--
1483,496.6,panels/panel_0001483.jpg,67.336,67.336,0,existing,1,67.336=67.336,parsed,--
1484,496.8,panels/panel_0001484.jpg,67.688,67.688,0,existing,2,67.688=67.688|67688=67.688,parsed,--
1485,497,panels/panel_0001485.jpg,68.035,68.035,0,existing,2,68.035=68.035|68035=68.035,parsed,--
1486,497.2,panels/panel_0001486.jpg,68.376,68.376,0,existing,2,68.376=68.376|68376=68.376,parsed,--
1487,497.4,panels/panel_0001487.jpg,68.717,68.717,0,existing,1,68.717=68.717,parsed,--
1488,497.6,panels/panel_0001488.jpg,69.058,69.058,0,existing,2,69.058=69.058|69058=69.058,parsed,--
1489,497.8,panels/panel_0001489.jpg,69.398,69.398,64.53,existing,2,69.398=69.398|69398=69.398,parsed,--
1490,498,panels/panel_0001490.jpg,69.253,69.253,41.45,existing,2,69.253=69.253|69253=69.253,parsed,--
1491,498.2,panels/panel_0001491.jpg,68.424,68.424,38.06,existing,2,68.424=68.424|68424=68.424,parsed,--
1492,498.4,panels/panel_0001492.jpg,67.594,67.594,32.12,existing,1,67.594=67.594,parsed,--
1493,498.6,panels/panel_0001493.jpg,66.064,66.064,0,existing,1,66.064=66.064,parsed,--
1494,498.8,panels/panel_0001494.jpg,65.935,65..935,0,existing,1,65..935=65.935,review,speed_repaired_fallback;speed_duplicate_dot
1495,499,panels/panel_0001495.jpg,65.355,65355,0,recover_s7_t190_c11,2,65050=65.05|65355=65.355,review,speed_repaired_fallback;speed_candidate_disagreement;speed_decimal_reinserted
1496,499.2,panels/panel_0001496.jpg,65.129,65.129,72.87,existing,2,65.129=65.129|65129=65.129,parsed,--
1497,499.4,panels/panel_0001497.jpg,64.904,64.904,69.2,existing,2,64.904=64.904|64904=64.904,parsed,--
1498,499.6,panels/panel_0001498.jpg,64.678,64.678,0,existing,2,64.678=64.678|64678=64.678,parsed,--
1499,499.8,panels/panel_0001499.jpg,64.452,64.452,0,existing,2,64.452=64.452|64452=64.452,parsed,--
1500,500,panels/panel_0001500.jpg,64.695,64.695,0,existing,1,64.695=64.695,parsed,--
1501,500.2,panels/panel_0001501.jpg,65.598,65.598,31.66,existing,2,65.598=65.598|65598=65.598,parsed,--
1502,500.4,panels/panel_0001502.jpg,66.502,66.502,0,existing,1,66.502=66.502,parsed,--
1503,500.6,panels/panel_0001503.jpg,67.406,67.406.,7.15,existing,1,67.406.=67.406,review,speed_repaired_fallback;speed_edge_dot
1504,500.8,panels/panel_0001504.jpg,68.31,68.31,0,existing,1,68.310=68.31,parsed,--
1505,501,panels/panel_0001505.jpg,68.977,68.977.,70.86,existing,1,68.977.=68.977,review,speed_repaired_fallback;speed_edge_dot
1506,501.2,panels/panel_0001506.jpg,69.31,69.31,0,existing,2,69.310=69.31|69310=69.31,parsed,--
1507,501.4,panels/panel_0001507.jpg,69.643,69.643,0,existing,2,69.643=69.643|69643=69.643,parsed,--
1508,501.6,panels/panel_0001508.jpg,69.977,69.977,0,existing,2,69.977=69.977|69977=69.977,parsed,--
1509,501.8,panels/panel_0001509.jpg,70.31,70.31,0,existing,1,70.310=70.31,parsed,--
1510,502,panels/panel_0001510.jpg,70.594,70.594.,13.78,existing,1,70.594.=70.594,review,speed_repaired_fallback;speed_edge_dot
1511,502.2,panels/panel_0001511.jpg,70.809,70..809..,0,existing,1,70..809..=70.809,review,speed_repaired_fallback;speed_duplicate_dot;speed_edge_dot
1512,502.4,panels/panel_0001512.jpg,71.024,71.024,0,recover_s7_t190_c11,1,71.024=71.024,parsed,--
1513,502.6,panels/panel_0001513.jpg,71.239,71.239,0,recover_s7_t190_c11,2,2359=2.359|47.239=47.239,review,speed_leading_digit_substituted;speed_candidate_disagreement
1514,502.8,panels/panel_0001514.jpg,71.454,71.454,,--,1,7154.=7.154,review,speed_unreliable_repair
1515,503,panels/panel_0001515.jpg,71.438,17438,0,recover_s6_t120_c0,3,174385=174.385|17438=17.438|74358=74.358,review,speed_repaired_fallback;speed_leading_digit_dropped;speed_candidate_disagreement;speed_decimal_reinserted
1516,503.2,panels/panel_0001516.jpg,71.097,71.097,0,recover_s7_t190_c11,1,71.097=71.097,review,speed_leading_digit_dropped;speed_outlier_reread;speed_jump
1517,503.4,panels/panel_0001517.jpg,70.756,2.236,0,recover_s7_t190_c11,1,02.236=2.236,parsed,--
1518,503.6,panels/panel_0001518.jpg,70.416,4165,0,existing,2,10.416=10.416|4165=4.165,review,speed_leading_digit_suspect;speed_decimal_reinserted
1519,503.8,panels/panel_0001519.jpg,70.075,70.075,0,existing,1,70.075=70.075,review,speed_leading_digit_dropped
1520,504,panels/panel_0001520.jpg,69.716,69.716,,--,1,69.716=69.716,review,speed_unreliable_repair
1521,504.2,panels/panel_0001521.jpg,69.33,69.33,0,existing,1,69.330=69.33,parsed,--
1522,504.4,panels/panel_0001522.jpg,68.945,68..945,0,existing,1,68..945=68.945,review,speed_repaired_fallback;speed_duplicate_dot
1523,504.6,panels/panel_0001523.jpg,68.56,68.56,0,existing,2,68.560=68.56|68560=68.56,parsed,--
1524,504.8,panels/panel_0001524.jpg,68.175,68175,0,existing,1,68175=68.175,review,speed_repaired_fallback;speed_decimal_reinserted
1525,505,panels/panel_0001525.jpg,67.98,67.98,5.46,existing,1,67.980=67.98,parsed,--
1526,505.2,panels/panel_0001526.jpg,68.054,68..054,0,existing,2,68..054=68.054|80545=80.545,review,speed_repaired_fallback;speed_candidate_disagreement;speed_duplicate_dot
1527,505.4,panels/panel_0001527.jpg,68.128,68..128.,0,existing,1,68..128.=68.128,review,speed_repaired_fallback;speed_duplicate_dot;speed_edge_dot
1528,505.6,panels/panel_0001528.jpg,68.202,68.202,0,recover_s7_t190_c11,1,68.202=68.202,parsed,--
1529,505.8,panels/panel_0001529.jpg,68.276,68.276,0,existing,1,68.276=68.276,parsed,--
1530,506,panels/panel_0001530.jpg,68.192,68.192,0,existing,1,68.192=68.192,parsed,--
1531,506.2,panels/panel_0001531.jpg,67.885,67.885.,10.57,existing,1,67.885.=67.885,review,speed_repaired_fallback;speed_edge_dot
1532,506.4,panels/panel_0001532.jpg,67.577,67.577.,19.9,existing,1,67.577.=67.577,review,speed_repaired_fallback;speed_edge_dot
1533,506.6,panels/panel_0001533.jpg,67.27,67.27,0,existing,2,6270=6.27|67.270=67.27,parsed,--
1534,506.8,panels/panel_0001534.jpg,66.962,66.962,0,existing,1,66.962=66.962,parsed,--
1535,507,panels/panel_0001535.jpg,66.334,66.334,22.06,existing,2,66.334=66.334,parsed,--
1536,507.2,panels/panel_0001536.jpg,65.252,65.252.,14.97,existing,1,65.252.=65.252,review,speed_repaired_fallback;speed_edge_dot
1537,507.4,panels/panel_0001537.jpg,64.171,64.171,0,existing,1,64.171=64.171,parsed,--
1538,507.6,panels/panel_0001538.jpg,63.089,63.089,19.08,existing,1,63.089=63.089,parsed,--
1539,507.8,panels/panel_0001539.jpg,62.007,62.007,0,existing,2,62.007=62.007,parsed,--
1540,508,panels/panel_0001540.jpg,61.101,61.101,0,existing,1,61.101=61.101,parsed,--
1541,508.2,panels/panel_0001541.jpg,60.442,60.442,0,existing,1,60.442=60.442,parsed,--
1542,508.4,panels/panel_0001542.jpg,59.783,59.783,0,existing,2,59.783=59.783|93783=93.783,parsed,--
1543,508.6,panels/panel_0001543.jpg,59.123,59.123,37.61,existing,1,59.123=59.123,parsed,--
1544,508.8,panels/panel_0001544.jpg,58.464,58.464,6.66,existing,1,58.464=58.464,parsed,--
1545,509,panels/panel_0001545.jpg,57.843,57.843,0,existing,2,57.843=57.843|77843=77.843,parsed,--
1546,509.2,panels/panel_0001546.jpg,57.276,57.276,0,existing,2,57.276=57.276|77276=77.276,parsed,--
1547,509.4,panels/panel_0001547.jpg,56.71,56.71,0,existing,2,56.710=56.71|65710=65.71,parsed,--
1548,509.6,panels/panel_0001548.jpg,56.143,56.143,0,existing,2,56.143=56.143|6143=6.143,parsed,--
1549,509.8,panels/panel_0001549.jpg,55.576,55.576,0,existing,2,55.576=55.576|5576=5.576,parsed,--
1550,510,panels/panel_0001550.jpg,55.106,55.106,0,existing,2,5106=5.106|55.106=55.106,parsed,--
1551,510.2,panels/panel_0001551.jpg,54.773,54.773,0,existing,1,54.773=54.773,parsed,--
1552,510.4,panels/panel_0001552.jpg,54.44,54.44,0,existing,2,54.440=54.44|54440=54.44,parsed,--
1553,510.6,panels/panel_0001553.jpg,54.106,54.106,0,existing,2,54.106=54.106,parsed,--
1554,510.8,panels/panel_0001554.jpg,53.773,53.773,0,existing,2,37773=37.773|53.773=53.773,parsed,--
1555,511,panels/panel_0001555.jpg,53.479,53.479,42.55,existing,1,53.479=53.479,parsed,--
1556,511.2,panels/panel_0001556.jpg,53.242,53.242,0,existing,2,35242=35.242|53.242=53.242,parsed,--
1557,511.4,panels/panel_0001557.jpg,53.005,53.005,0,existing,2,35005=35.005|53.005=53.005,parsed,--
1558,511.6,panels/panel_0001558.jpg,52.768,52.768,0,existing,2,25768=25.768|52.768=52.768,parsed,--
1559,511.8,panels/panel_0001559.jpg,52.531,52.531,0,existing,2,27531=27.531|52.531=52.531,parsed,--
1560,512,panels/panel_0001560.jpg,51.89,51.89,45.1,existing,2,4890=4.89|51.890=51.89,parsed,--
1561,512.2,panels/panel_0001561.jpg,50.679,50.679,60.29,existing,2,50.679=50.679,parsed,--
1562,512.4,panels/panel_0001562.jpg,49.468,49.468,0,existing,2,49.468=49.468|49468=49.468,parsed,--
1563,512.6,panels/panel_0001563.jpg,48.256,48.256,0,existing,2,48.256=48.256|48256=48.256,parsed,--
1564,512.8,panels/panel_0001564.jpg,47.045,47.045,0,existing,2,47.045=47.045|47045=47.045,parsed,--
1565,513,panels/panel_0001565.jpg,46.011,46.011,0,existing,2,46.011=46.011|46011=46.011,parsed,--
1566,513.2,panels/panel_0001566.jpg,45.225,45.225,0,existing,2,45.225=45.225|45225=45.225,parsed,--
1567,513.4,panels/panel_0001567.jpg,44.44,44.44,0,existing,2,44.440=44.44|44440=44.44,parsed,--
1568,513.6,panels/panel_0001568.jpg,43.655,43.655,0,existing,2,43.655=43.655|43655=43.655,parsed,--
1569,513.8,panels/panel_0001569.jpg,42.87,42.87,0,existing,2,42.870=42.87,parsed,--
1570,514,panels/panel_0001570.jpg,42.357,42.357,0,existing,1,42.357=42.357,parsed,--
1571,514.2,panels/panel_0001571.jpg,42.227,42.227,57.52,existing,1,42.227=42.227,parsed,--
1572,514.4,panels/panel_0001572.jpg,42.097,42.097,0,existing,2,42.097=42.097|42097=42.097,parsed,--
1573,514.6,panels/panel_0001573.jpg,41.968,41.968,19.77,existing,1,41.968=41.968,parsed,--
1574,514.8,panels/panel_0001574.jpg,41.838,41.838,0,existing,2,41.838=41.838|44838=44.838,parsed,--
1575,515,panels/panel_0001575.jpg,41.681,41.681,0,existing,2,41.681=41.681|44681=44.681,parsed,--
1576,515.2,panels/panel_0001576.jpg,41.484,41.484,30.89,existing,1,41.484=41.484,parsed,--
1577,515.4,panels/panel_0001577.jpg,41.288,41.288,0,existing,1,41.288=41.288,parsed,--
1578,515.6,panels/panel_0001578.jpg,41.092,41.092,0,existing,2,41.092=41.092|44092=44.092,parsed,--
1579,515.8,panels/panel_0001579.jpg,40.895,40.895,0,existing,1,40.895=40.895,parsed,--
1580,516,panels/panel_0001580.jpg,40.621,40.621,0,existing,1,40.621=40.621,parsed,--
1581,516.2,panels/panel_0001581.jpg,40.235,40.235,0,existing,1,40.235=40.235,parsed,--
1582,516.4,panels/panel_0001582.jpg,39.85,39.85,0,existing,2,39.850=39.85|39850=39.85,parsed,--
1583,516.6,panels/panel_0001583.jpg,39.465,39.465,0,existing,2,39.465=39.465|39465=39.465,parsed,--
1584,516.8,panels/panel_0001584.jpg,39.08,39.08,0,existing,2,39.080=39.08|39080=39.08,parsed,--
1585,517,panels/panel_0001585.jpg,38.556,38.556,0,existing,2,38.556=38.556|387556=387.556,parsed,--
1586,517.2,panels/panel_0001586.jpg,37.838,37.838,0,existing,2,37.838=37.838|37838=37.838,parsed,--
1587,517.4,panels/panel_0001587.jpg,37.119,37.119,12.48,existing,2,37.119=37.119|37119=37.119,parsed,--
1588,517.6,panels/panel_0001588.jpg,36.401,36.401,0,existing,2,36.401=36.401|36401=36.401,parsed,--
1589,517.8,panels/panel_0001589.jpg,35.682,35.682,0,existing,2,35.682=35.682|357682=357.682,parsed,--
1590,518,panels/panel_0001590.jpg,34.819,34.819,0,existing,2,34.819=34.819|34819=34.819,parsed,--
1591,518.2,panels/panel_0001591.jpg,33.752,33.752,0,existing,2,33.752=33.752|335752=335.752,parsed,--
1592,518.4,panels/panel_0001592.jpg,32.685,32.685,20.83,existing,2,32.685=32.685|327685=327.685,parsed,--
1593,518.6,panels/panel_0001593.jpg,31.619,31.619,12.41,existing,2,31.619=31.619|31619=31.619,parsed,--
1594,518.8,panels/panel_0001594.jpg,30.552,30.552,0,existing,2,30.552=30.552|307552=307.552,parsed,--
1595,519,panels/panel_0001595.jpg,29.722,29.722,0,existing,2,29.722=29.722|295722=295.722,parsed,--
1596,519.2,panels/panel_0001596.jpg,29.226,29.226,0,existing,2,29.226=29.226|295226=295.226,parsed,--
1597,519.4,panels/panel_0001597.jpg,28.729,28.729,70.56,existing,1,28.729=28.729,parsed,--
1598,519.6,panels/panel_0001598.jpg,28.233,28.233,0,existing,2,28.233=28.233|285233=285.233,parsed,--
1599,519.8,panels/panel_0001599.jpg,27.736,27.736,0,existing,2,27.736=27.736|275736=275.736,parsed,--
1600,520,panels/panel_0001600.jpg,27.3,27.3,0,existing,2,27.300=27.3|27300=27.3,parsed,--
1601,520.2,panels/panel_0001601.jpg,26.948,26.948,41.58,existing,2,26.948=26.948|26948=26.948,parsed,--
1602,520.4,panels/panel_0001602.jpg,26.596,26.596,0,existing,2,26.596=26.596|26596=26.596,parsed,--
1603,520.6,panels/panel_0001603.jpg,26.244,26.244,21.82,existing,2,26.244=26.244|26244=26.244,parsed,--
1604,520.8,panels/panel_0001604.jpg,25.893,25.893,7.67,existing,2,25.893=25.893|25893=25.893,parsed,--
1605,521,panels/panel_0001605.jpg,25.402,25.402,0,existing,2,25.402=25.402|25402=25.402,parsed,--
1606,521.2,panels/panel_0001606.jpg,24.717,24.717,11.5,existing,2,24.717=24.717|245717=245.717,parsed,--
1607,521.4,panels/panel_0001607.jpg,24.032,24.032,0,existing,2,24.032=24.032|24032=24.032,parsed,--
1608,521.6,panels/panel_0001608.jpg,23.347,23.347,0,existing,2,23.347=23.347|237347=237.347,parsed,--
1609,521.8,panels/panel_0001609.jpg,22.661,22.661,0,existing,2,22.661=22.661|22661=22.661,parsed,--
1610,522,panels/panel_0001610.jpg,22.256,22.256,0,existing,2,22.256=22.256|225256=225.256,parsed,--
1611,522.2,panels/panel_0001611.jpg,22.245,22.245,0,existing,2,22.245=22.245|225245=225.245,parsed,--
1612,522.4,panels/panel_0001612.jpg,22.234,22.234,2.45,existing,2,22.234=22.234|225234=225.234,parsed,--
1613,522.6,panels/panel_0001613.jpg,22.223,22.223,30.8,existing,2,22.223=22.223|225223=225.223,parsed,--
1614,522.8,panels/panel_0001614.jpg,22.211,22.211,0,existing,2,22.211=22.211|227244=227.244,parsed,--
1615,523,panels/panel_0001615.jpg,22.005,22.005,0,existing,2,22.005=22.005|22005=22.005,parsed,--
1616,523.2,panels/panel_0001616.jpg,21.524,21.524,27.02,existing,2,21.524=21.524|24524=24.524,parsed,--
1617,523.4,panels/panel_0001617.jpg,21.042,21.042,0,existing,2,21.042=21.042|24042=24.042,parsed,--
1618,523.6,panels/panel_0001618.jpg,20.561,20.561,0,existing,2,20.561=20.561|207561=207.561,parsed,--
1619,523.8,panels/panel_0001619.jpg,20.079,20.079,58.92,existing,2,20.079=20.079|20079=20.079,parsed,--
1620,524,panels/panel_0001620.jpg,19.747,19.747,0,existing,2,19.747=19.747|195747=195.747,parsed,--
1621,524.2,panels/panel_0001621.jpg,19.624,19.624,48.28,existing,2,19.624=19.624|19624=19.624,parsed,--
1622,524.4,panels/panel_0001622.jpg,19.502,19.502,0,existing,2,19.502=19.502|19502=19.502,parsed,--
1623,524.6,panels/panel_0001623.jpg,19.38,19.38,0,existing,2,19.380=19.38|19380=19.38,parsed,--
1624,524.8,panels/panel_0001624.jpg,19.258,19.258,0,existing,2,19.258=19.258|19258=19.258,parsed,--
1625,525,panels/panel_0001625.jpg,19.195,19.195,0,existing,1,19.195=19.195,parsed,--
1626,525.2,panels/panel_0001626.jpg,19.218,19.218,0,existing,2,19.218=19.218|197218=197.218,parsed,--
1627,525.4,panels/panel_0001627.jpg,19.24,19.24,0,existing,2,19.240=19.24|19240=19.24,parsed,--
1628,525.6,panels/panel_0001628.jpg,19.262,19.262,0,existing,2,19.262=19.262|49262=49.262,parsed,--
1629,525.8,panels/panel_0001629.jpg,19.284,19.284,29.34,existing,2,19.284=19.284|197284=197.284,parsed,--
1630,526,panels/panel_0001630.jpg,19.422,19.422,0,existing,2,19.422=19.422|49422=49.422,parsed,--
1631,526.2,panels/panel_0001631.jpg,19.722,19.722,0,existing,1,19.722=19.722,parsed,--
1632,526.4,panels/panel_0001632.jpg,20.022,20.022,0,existing,2,20.022=20.022|209022=209.022,parsed,--
1633,526.6,panels/panel_0001633.jpg,20.322,20.322,0,existing,2,20.322=20.322|207322=207.322,parsed,--
1634,526.8,panels/panel_0001634.jpg,20.622,20.622,0,existing,2,20.622=20.622|207622=207.622,parsed,--
1635,527,panels/panel_0001635.jpg,20.771,20.771,0,existing,1,20.771=20.771,parsed,--
1636,527.2,panels/panel_0001636.jpg,20.708,20.708,45.44,existing,2,20.708=20.708,parsed,--
1637,527.4,panels/panel_0001637.jpg,20.645,20.645,0,existing,2,20.645=20.645|207645=207.645,parsed,--
1638,527.6,panels/panel_0001638.jpg,20.582,20.582,0,existing,2,20.582=20.582|207582=207.582,parsed,--
1639,527.8,panels/panel_0001639.jpg,20.519,20.519,54.42,existing,2,20.519=20.519|207519=207.519,parsed,--
1640,528,panels/panel_0001640.jpg,20.532,20.532,0,existing,2,20.532=20.532|207532=207.532,parsed,--
1641,528.2,panels/panel_0001641.jpg,20.65,20.65,0,existing,2,20.650=20.65|20650=20.65,parsed,--
1642,528.4,panels/panel_0001642.jpg,20.769,20.769,59.2,existing,2,20.769=20.769|205769=205.769,parsed,--
1643,528.6,panels/panel_0001643.jpg,20.887,20.887,0,existing,2,20.887=20.887|20887=20.887,parsed,--
1644,528.8,panels/panel_0001644.jpg,21.006,21.006,0,existing,2,21.006=21.006|24006=24.006,parsed,--
1645,529,panels/panel_0001645.jpg,20.799,20.799,53.35,existing,2,20.799=20.799|207799=207.799,parsed,--
1646,529.2,panels/panel_0001646.jpg,20.133,20.133,0,existing,1,20.133=20.133,parsed,--
1647,529.4,panels/panel_0001647.jpg,19.467,19.467,0,existing,2,19.467=19.467|49467=49.467,parsed,--
1648,529.6,panels/panel_0001648.jpg,18.802,18.802,0,existing,2,18.802=18.802|18802=18.802,parsed,--
1649,529.8,panels/panel_0001649.jpg,18.136,18.136,0,existing,2,18.136=18.136|187136=187.136,parsed,--
1650,530,panels/panel_0001650.jpg,17.47,17.47,0,existing,2,17.470=17.47|47470=47.47,parsed,--
1651,530.2,panels/panel_0001651.jpg,16.804,16.804,0,existing,2,16.804=16.804|16804=16.804,parsed,--
1652,530.4,panels/panel_0001652.jpg,16.138,16.138,0,existing,2,16.138=16.138|16138=16.138,parsed,--
1653,530.6,panels/panel_0001653.jpg,15.473,15.473,0,existing,1,15.473=15.473,parsed,--
1654,530.8,panels/panel_0001654.jpg,14.807,14.807,0,existing,2,14.807=14.807|14807=14.807,parsed,--
1655,531,panels/panel_0001655.jpg,14.141,14.141,0,existing,2,14.141=14.141|14144=14.144,parsed,--
1656,531.2,panels/panel_0001656.jpg,13.475,13.475,0,existing,1,13.475=13.475,parsed,--
1657,531.4,panels/panel_0001657.jpg,12.809,12.809,40.32,existing,2,12.809=12.809|42809=42.809,parsed,--
1658,531.6,panels/panel_0001658.jpg,12.144,12.144,30.97,existing,1,12.144=12.144,parsed,--
1659,531.8,panels/panel_0001659.jpg,11.478,11.478,18.13,existing,2,11.478=11.478|14478=14.478,parsed,--
1660,532,panels/panel_0001660.jpg,10.812,10.812,0,existing,2,10.812=10.812|197812=197.812,parsed,--
1661,532.2,panels/panel_0001661.jpg,10.146,10.146,0,existing,2,10.146=10.146|10146=10.146,parsed,--
1662,532.4,panels/panel_0001662.jpg,9.48,9.48,0,existing,2,9.480=9.48|9480=9.48,parsed,--
1663,532.6,panels/panel_0001663.jpg,8.815,8.815,0,existing,2,8.815=8.815|87845=87.845,parsed,--
1664,532.8,panels/panel_0001664.jpg,8.149,8.149,0,existing,1,8.149=8.149,parsed,--
1665,533,panels/panel_0001665.jpg,7.79,.7.790,0,existing,1,.7.790=7.79,review,speed_repaired_fallback;speed_edge_dot
1666,533.2,panels/panel_0001666.jpg,7.864,7.864,32.7,existing,2,7.864=7.864|7864=7.864,parsed,--
1667,533.4,panels/panel_0001667.jpg,7.938,7.938,0,existing,2,7.938=7.938|7938=7.938,parsed,--
1668,533.6,panels/panel_0001668.jpg,7.042,87042,0,existing,1,87042=87.042,review,speed_repaired_fallback;speed_leading_digit_dropped;speed_decimal_reinserted
1669,533.8,panels/panel_0001669.jpg,8.086,8.086,0,existing,2,8.086=8.086|8086=8.086,parsed,--
1670,534,panels/panel_0001670.jpg,8.091,8.091,0,existing,2,8.091=8.091|87094=87.094,parsed,--
1671,534.2,panels/panel_0001671.jpg,7.999,7999,0,existing,2,.7.999=7.999|7999=7.999,review,speed_repaired_fallback;speed_decimal_reinserted;speed_edge_dot
1672,534.4,panels/panel_0001672.jpg,7.906,7.906,0,existing,2,7.906=7.906|7906=7.906,parsed,--
1673,534.6,panels/panel_0001673.jpg,7.844,7.844,0,existing,1,7.844=7.844,parsed,--
1674,534.8,panels/panel_0001674.jpg,7.721,27.721,0,existing,1,27.721=27.721,review,speed_leading_digit_dropped
1675,535,panels/panel_0001675.jpg,7.82,7.82,0,existing,1,7.820=7.82,parsed,
1676,535.2,panels/panel_0001676.jpg,8.191,8.191,0,existing,2,8.191=8.191|87194=87.194,parsed,
1677,535.4,panels/panel_0001677.jpg,8.561,8.561,0,existing,1,8.561=8.561,parsed,
1678,535.6,panels/panel_0001678.jpg,8.932,8.932,0,existing,1,8.932=8.932,parsed,
1679,535.8,panels/panel_0001679.jpg,9.302,9.302,0,existing,1,9.302=9.302,parsed,
1680,536,panels/panel_0001680.jpg,9.528,9.528,0,existing,1,9.528=9.528,parsed,
1681,536.2,panels/panel_0001681.jpg,9.55,9.55,0,existing,1,9.550=9.55,parsed,
1682,536.4,panels/panel_0001682.jpg,9.572,9.572,0,existing,2,9.572=9.572|97372=97.372,parsed,
1683,536.6,panels/panel_0001683.jpg,9.595,9.595,0,existing,1,9.595=9.595,parsed,
1684,536.8,panels/panel_0001684.jpg,9.617,9.617,0,existing,2,9.617=9.617|94647=94.647,parsed,
1685,537,panels/panel_0001685.jpg,9.544,9.544,0,existing,1,9.544=9.544,parsed,
1686,537.2,panels/panel_0001686.jpg,9.336,9.336,0,existing,2,9.336=9.336|97336=97.336,parsed,
1687,537.4,panels/panel_0001687.jpg,9.129,9.129,0,existing,2,9.129=9.129|9129=9.129,parsed,
1688,537.6,panels/panel_0001688.jpg,8.922,8.922,0,existing,1,8.922=8.922,parsed,
1689,537.8,panels/panel_0001689.jpg,8.714,8.714,0,existing,2,8.714=8.714|85744=85.744,parsed,
1690,538,panels/panel_0001690.jpg,8.556,8.556,0,existing,2,8.556=8.556|87556=87.556,parsed,
1691,538.2,panels/panel_0001691.jpg,8.467,8.467,0,existing,2,8.467=8.467|87467=87.467,parsed,
1692,538.4,panels/panel_0001692.jpg,8.378,8.378,0,existing,2,8.378=8.378|87378=87.378,parsed,
1693,538.6,panels/panel_0001693.jpg,8.289,8.289,40.72,existing,1,8.289=8.289,parsed,
1694,538.8,panels/panel_0001694.jpg,8.2,8.2,0,existing,1,8.200=8.2,parsed,
1695,539,panels/panel_0001695.jpg,8.185,8.185,0,existing,1,8.185=8.185,parsed,
1696,539.2,panels/panel_0001696.jpg,8.274,8.274,0,existing,2,8.274=8.274|87274=87.274,parsed,
1697,539.4,panels/panel_0001697.jpg,8.363,8.363,0,existing,2,8.363=8.363|87363=87.363,parsed,
1698,539.6,panels/panel_0001698.jpg,8.452,8.452,0,existing,2,8.452=8.452|87452=87.452,parsed,
1699,539.8,panels/panel_0001699.jpg,8.541,8.541,0,existing,1,8.541=8.541,parsed,
