-1.71E-13,0,0
6.04E-10,1.33E-09,-3.33E-11
6.87E-09,1.77E-08,1.13E-09
2.17E-08,6.89E-08,4.62E-09
4.69E-08,1.86E-07,1.16E-08
8.19E-08,3.73E-07,2.20E-08
1.27E-07,6.89E-07,3.70E-08
1.80E-07,1.12E-06,5.61E-08
2.40E-07,1.74E-06,7.91E-08
3.07E-07,2.51E-06,1.06E-07
3.75E-07,3.47E-06,1.34E-07
4.48E-07,4.59E-06,1.63E-07
5.20E-07,5.85E-06,1.89E-07
5.90E-07,7.21E-06,2.11E-07
6.53E-07,8.50E-06,2.20E-07
7.11E-07,9.73E-06,2.26E-07
7.57E-07,1.07E-05,2.22E-07
7.99E-07,1.16E-05,2.15E-07
8.24E-07,1.22E-05,2.01E-07
8.43E-07,1.27E-05,1.85E-07
8.44E-07,1.28E-05,1.66E-07
8.39E-07,1.28E-05,1.47E-07
8.15E-07,1.25E-05,1.29E-07
7.89E-07,1.21E-05,1.10E-07
7.51E-07,1.16E-05,9.31E-08
7.05E-07,1.10E-05,7.73E-08
6.44E-07,1.01E-05,6.53E-08
5.71E-07,9.19E-06,5.64E-08
4.89E-07,8.17E-06,5.10E-08
3.95E-07,7.07E-06,4.91E-08
2.92E-07,5.96E-06,5.17E-08
1.78E-07,4.83E-06,5.86E-08
5.62E-08,3.72E-06,6.98E-08
-7.42E-08,2.65E-06,8.51E-08
-2.11E-07,1.69E-06,1.04E-07
-3.53E-07,8.58E-07,1.26E-07
-4.97E-07,1.81E-07,1.51E-07
-6.43E-07,-3.07E-07,1.78E-07
-7.88E-07,-6.06E-07,2.06E-07
-9.29E-07,-6.95E-07,2.33E-07
-1.07E-06,-5.91E-07,2.60E-07
-1.19E-06,-2.86E-07,2.85E-07
-1.31E-06,1.93E-07,3.08E-07
-1.42E-06,8.30E-07,3.28E-07
-1.51E-06,1.59E-06,3.43E-07
-1.58E-06,2.44E-06,3.55E-07
-1.64E-06,3.35E-06,3.62E-07
-1.69E-06,4.28E-06,3.64E-07
-1.71E-06,5.19E-06,3.61E-07
-1.72E-06,6.05E-06,3.55E-07
-1.71E-06,6.85E-06,3.45E-07
-1.68E-06,7.55E-06,3.32E-07
-1.65E-06,8.15E-06,3.17E-07
-1.60E-06,8.62E-06,3.00E-07
-1.54E-06,8.96E-06,2.83E-07
-1.48E-06,9.18E-06,2.67E-07
-1.42E-06,9.28E-06,2.51E-07
-1.36E-06,9.27E-06,2.37E-07
-1.30E-06,9.16E-06,2.24E-07
-1.25E-06,8.97E-06,2.14E-07
-1.21E-06,8.73E-06,2.06E-07
-1.18E-06,8.46E-06,2.00E-07
-1.16E-06,8.19E-06,1.96E-07
-1.16E-06,7.93E-06,1.95E-07
-1.18E-06,7.71E-06,1.95E-07
-1.21E-06,7.55E-06,1.98E-07
-1.25E-06,7.46E-06,2.02E-07
-1.30E-06,7.45E-06,2.07E-07
-1.36E-06,7.52E-06,2.13E-07
-1.43E-06,7.68E-06,2.19E-07
-1.50E-06,7.91E-06,2.25E-07
-1.56E-06,8.22E-06,2.30E-07
-1.61E-06,8.58E-06,2.34E-07
-1.66E-06,8.99E-06,2.36E-07
-1.69E-06,9.42E-06,2.37E-07
-1.71E-06,9.88E-06,2.35E-07
-1.71E-06,1.03E-05,2.33E-07
-1.70E-06,1.08E-05,2.29E-07
-1.66E-06,1.12E-05,2.24E-07
-1.61E-06,1.15E-05,2.19E-07
-1.53E-06,1.19E-05,2.14E-07
-1.44E-06,1.21E-05,2.10E-07
-1.34E-06,1.23E-05,2.06E-07
-1.21E-06,1.24E-05,2.02E-07
-1.08E-06,1.25E-05,1.99E-07
-9.40E-07,1.25E-05,1.97E-07
-7.95E-07,1.24E-05,1.97E-07
-6.49E-07,1.23E-05,1.97E-07
-5.06E-07,1.22E-05,1.99E-07
-3.69E-07,1.20E-05,2.02E-07
-2.42E-07,1.19E-05,2.07E-07
-1.26E-07,1.17E-05,2.14E-07
-2.33E-08,1.15E-05,2.23E-07
6.60E-08,1.14E-05,2.33E-07
1.40E-07,1.13E-05,2.44E-07
1.99E-07,1.12E-05,2.57E-07
2.44E-07,1.12E-05,2.70E-07
2.74E-07,1.12E-05,2.84E-07
2.92E-07,1.13E-05,2.96E-07
2.98E-07,1.14E-05,3.09E-07
2.96E-07,1.16E-05,3.20E-07
2.86E-07,1.18E-05,3.30E-07
2.71E-07,1.20E-05,3.39E-07
2.55E-07,1.23E-05,3.46E-07
2.38E-07,1.25E-05,3.53E-07
2.24E-07,1.28E-05,3.58E-07
2.15E-07,1.31E-05,3.62E-07
2.13E-07,1.34E-05,3.66E-07
2.20E-07,1.36E-05,3.67E-07
2.35E-07,1.39E-05,3.68E-07
2.61E-07,1.41E-05,3.67E-07
2.95E-07,1.42E-05,3.66E-07
3.40E-07,1.44E-05,3.63E-07
3.93E-07,1.44E-05,3.60E-07
4.56E-07,1.45E-05,3.56E-07
5.28E-07,1.45E-05,3.53E-07
6.10E-07,1.45E-05,3.50E-07
6.93E-07,1.44E-05,3.47E-07
7.77E-07,1.44E-05,3.46E-07
8.61E-07,1.44E-05,3.44E-07
9.42E-07,1.43E-05,3.43E-07
1.02E-06,1.43E-05,3.42E-07
1.09E-06,1.43E-05,3.42E-07
1.16E-06,1.43E-05,3.42E-07
1.22E-06,1.43E-05,3.41E-07
1.28E-06,1.43E-05,3.41E-07
1.33E-06,1.43E-05,3.41E-07
1.38E-06,1.43E-05,3.40E-07
1.41E-06,1.44E-05,3.40E-07
1.44E-06,1.45E-05,3.39E-07
1.46E-06,1.45E-05,3.38E-07
1.47E-06,1.46E-05,3.37E-07
1.47E-06,1.47E-05,3.35E-07
1.46E-06,1.48E-05,3.33E-07
1.44E-06,1.49E-05,3.31E-07
1.42E-06,1.51E-05,3.29E-07
1.39E-06,1.52E-05,3.26E-07
1.35E-06,1.53E-05,3.23E-07
1.31E-06,1.54E-05,3.19E-07
1.27E-06,1.55E-05,3.15E-07
1.22E-06,1.56E-05,3.12E-07
1.17E-06,1.57E-05,3.08E-07
1.12E-06,1.57E-05,3.04E-07
1.08E-06,1.58E-05,3.00E-07
1.03E-06,1.58E-05,2.97E-07
9.97E-07,1.58E-05,2.94E-07
9.66E-07,1.58E-05,2.92E-07
9.42E-07,1.58E-05,2.91E-07
9.25E-07,1.58E-05,2.90E-07
9.17E-07,1.58E-05,2.91E-07
9.16E-07,1.58E-05,2.92E-07
9.22E-07,1.57E-05,2.93E-07
9.35E-07,1.57E-05,2.96E-07
9.54E-07,1.57E-05,2.99E-07
9.76E-07,1.56E-05,3.03E-07
1.00E-06,1.56E-05,3.08E-07
1.03E-06,1.56E-05,3.13E-07
1.05E-06,1.56E-05,3.18E-07
1.07E-06,1.56E-05,3.23E-07
1.08E-06,1.56E-05,3.29E-07
1.09E-06,1.56E-05,3.34E-07
1.09E-06,1.57E-05,3.39E-07
1.08E-06,1.57E-05,3.44E-07
1.05E-06,1.57E-05,3.49E-07
1.02E-06,1.58E-05,3.53E-07
9.65E-07,1.58E-05,3.56E-07
9.03E-07,1.58E-05,3.59E-07
8.29E-07,1.58E-05,3.61E-07
7.44E-07,1.59E-05,3.62E-07
6.49E-07,1.59E-05,3.64E-07
5.47E-07,1.59E-05,3.65E-07
4.38E-07,1.59E-05,3.66E-07
3.26E-07,1.58E-05,3.67E-07
2.12E-07,1.58E-05,3.68E-07
9.87E-08,1.58E-05,3.69E-07
-1.16E-08,1.58E-05,3.70E-07
-1.17E-07,1.57E-05,3.71E-07
-2.16E-07,1.57E-05,3.71E-07
-3.07E-07,1.56E-05,3.72E-07
-3.89E-07,1.55E-05,3.73E-07
-4.61E-07,1.55E-05,3.74E-07
-5.22E-07,1.54E-05,3.75E-07
-5.74E-07,1.54E-05,3.77E-07
-6.15E-07,1.53E-05,3.78E-07
-6.47E-07,1.52E-05,3.80E-07
-6.71E-07,1.52E-05,3.82E-07
-6.88E-07,1.51E-05,3.83E-07
-7.00E-07,1.51E-05,3.85E-07
-7.08E-07,1.50E-05,3.86E-07
-7.15E-07,1.50E-05,3.86E-07
-7.23E-07,1.50E-05,3.86E-07
-7.33E-07,1.49E-05,3.84E-07
-7.47E-07,1.49E-05,3.82E-07
-7.66E-07,1.48E-05,3.80E-07
-7.92E-07,1.48E-05,3.77E-07
-8.25E-07,1.48E-05,3.73E-07
-8.66E-07,1.47E-05,3.70E-07
-9.14E-07,1.47E-05,3.67E-07
-9.69E-07,1.46E-05,3.64E-07
-1.03E-06,1.46E-05,3.62E-07
-1.10E-06,1.45E-05,3.59E-07
-1.17E-06,1.44E-05,3.56E-07
-1.25E-06,1.43E-05,3.52E-07
-1.33E-06,1.43E-05,3.48E-07
-1.40E-06,1.42E-05,3.44E-07
-1.48E-06,1.41E-05,3.40E-07
-1.55E-06,1.40E-05,3.36E-07
-1.62E-06,1.39E-05,3.34E-07
-1.68E-06,1.38E-05,3.33E-07
-1.73E-06,1.37E-05,3.34E-07
-1.77E-06,1.36E-05,3.37E-07
-1.79E-06,1.35E-05,3.40E-07
-1.81E-06,1.34E-05,3.44E-07
-1.82E-06,1.33E-05,3.46E-07
-1.81E-06,1.32E-05,3.46E-07
-1.80E-06,1.31E-05,3.44E-07
-1.77E-06,1.30E-05,3.39E-07
-1.74E-06,1.29E-05,3.34E-07
-1.69E-06,1.28E-05,3.29E-07
-1.63E-06,1.28E-05,3.27E-07
-1.57E-06,1.27E-05,3.29E-07
-1.49E-06,1.26E-05,3.35E-07
-1.41E-06,1.25E-05,3.44E-07
-1.32E-06,1.24E-05,3.55E-07
-1.24E-06,1.23E-05,3.64E-07
-1.15E-06,1.22E-05,3.69E-07
-1.07E-06,1.21E-05,3.70E-07
-9.87E-07,1.20E-05,3.66E-07
-9.12E-07,1.19E-05,3.59E-07
-8.44E-07,1.18E-05,3.49E-07
-7.81E-07,1.17E-05,3.41E-07
-7.23E-07,1.15E-05,3.35E-07
-6.69E-07,1.14E-05,3.34E-07
-6.20E-07,1.13E-05,3.39E-07
-5.76E-07,1.12E-05,3.49E-07
-5.37E-07,1.11E-05,3.63E-07
-5.03E-07,1.09E-05,3.77E-07
-4.75E-07,1.08E-05,3.89E-07
-4.53E-07,1.07E-05,3.97E-07
-4.36E-07,1.06E-05,3.97E-07
-4.23E-07,1.04E-05,3.91E-07
-4.13E-07,1.03E-05,3.78E-07
-4.00E-07,1.02E-05,3.66E-07
-3.83E-07,1.00E-05,3.54E-07
-3.59E-07,9.91E-06,3.47E-07
-3.25E-07,9.78E-06,3.48E-07
-2.81E-07,9.65E-06,3.56E-07
-2.26E-07,9.53E-06,3.70E-07
-1.62E-07,9.40E-06,3.86E-07
-8.88E-08,9.27E-06,4.02E-07
-1.02E-08,9.15E-06,4.13E-07
7.31E-08,9.02E-06,4.16E-07
1.59E-07,8.89E-06,4.10E-07
2.48E-07,8.76E-06,3.98E-07
3.40E-07,8.63E-06,3.83E-07
4.35E-07,8.50E-06,3.65E-07
5.32E-07,8.37E-06,3.55E-07
6.30E-07,8.24E-06,3.47E-07
7.27E-07,8.11E-06,3.48E-07
8.19E-07,7.98E-06,3.55E-07
8.95E-07,7.85E-06,3.62E-07
9.66E-07,7.71E-06,3.67E-07
1.02E-06,7.58E-06,3.69E-07
1.07E-06,7.44E-06,3.69E-07
1.10E-06,7.30E-06,3.67E-07
1.12E-06,7.16E-06,3.64E-07
1.13E-06,7.02E-06,3.60E-07
1.14E-06,6.88E-06,3.56E-07
1.14E-06,6.74E-06,3.53E-07
1.13E-06,6.60E-06,3.50E-07
1.12E-06,6.46E-06,3.47E-07
1.10E-06,6.32E-06,3.45E-07
1.09E-06,6.18E-06,3.43E-07
1.07E-06,6.04E-06,3.42E-07
1.05E-06,5.90E-06,3.40E-07
1.04E-06,5.76E-06,3.39E-07
1.02E-06,5.61E-06,3.37E-07
1.01E-06,5.47E-06,3.35E-07
9.99E-07,5.33E-06,3.33E-07
9.91E-07,5.19E-06,3.32E-07
9.88E-07,5.05E-06,3.30E-07
9.87E-07,4.91E-06,3.28E-07
9.89E-07,4.77E-06,3.26E-07
9.92E-07,4.63E-06,3.24E-07
9.98E-07,4.49E-06,3.23E-07
1.00E-06,4.35E-06,3.21E-07
1.01E-06,4.21E-06,3.19E-07
1.02E-06,4.07E-06,3.18E-07
1.03E-06,3.93E-06,3.16E-07
1.05E-06,3.79E-06,3.15E-07
1.06E-06,3.65E-06,3.14E-07
1.07E-06,3.51E-06,3.13E-07
1.08E-06,3.36E-06,3.12E-07
1.08E-06,3.22E-06,3.11E-07
1.09E-06,3.08E-06,3.10E-07
1.09E-06,2.94E-06,3.09E-07
1.09E-06,2.80E-06,3.08E-07
1.08E-06,2.66E-06,3.07E-07
1.07E-06,2.51E-06,3.07E-07
1.05E-06,2.37E-06,3.06E-07
1.03E-06,2.23E-06,3.05E-07
1.00E-06,2.09E-06,3.05E-07
9.71E-07,1.94E-06,3.04E-07
9.34E-07,1.80E-06,3.04E-07
8.93E-07,1.66E-06,3.04E-07
8.49E-07,1.52E-06,3.03E-07
8.01E-07,1.37E-06,3.02E-07
7.51E-07,1.23E-06,3.02E-07
6.99E-07,1.09E-06,3.01E-07
6.46E-07,9.50E-07,3.00E-07
5.92E-07,8.09E-07,2.99E-07
5.39E-07,6.68E-07,2.98E-07
4.87E-07,5.28E-07,2.96E-07
4.37E-07,3.88E-07,2.95E-07
3.89E-07,2.49E-07,2.93E-07
3.42E-07,1.11E-07,2.92E-07
2.99E-07,-2.75E-08,2.90E-07
2.58E-07,-1.65E-07,2.88E-07
2.19E-07,-3.02E-07,2.86E-07
1.83E-07,-4.39E-07,2.84E-07
1.48E-07,-5.75E-07,2.82E-07
1.16E-07,-7.11E-07,2.80E-07
8.44E-08,-8.47E-07,2.77E-07
5.38E-08,-9.82E-07,2.75E-07
2.35E-08,-1.12E-06,2.72E-07
-7.13E-09,-1.25E-06,2.70E-07
-3.86E-08,-1.39E-06,2.68E-07
-7.17E-08,-1.52E-06,2.65E-07
-1.07E-07,-1.65E-06,2.63E-07
-1.44E-07,-1.79E-06,2.61E-07
-1.85E-07,-1.92E-06,2.59E-07
-2.29E-07,-2.05E-06,2.56E-07
-2.77E-07,-2.18E-06,2.54E-07
-3.28E-07,-2.32E-06,2.51E-07
-3.83E-07,-2.45E-06,2.48E-07
-4.41E-07,-2.58E-06,2.44E-07
-5.02E-07,-2.71E-06,2.41E-07
-5.66E-07,-2.84E-06,2.37E-07
-6.32E-07,-2.97E-06,2.34E-07
-6.99E-07,-3.10E-06,2.31E-07
-7.66E-07,-3.23E-06,2.28E-07
-8.35E-07,-3.35E-06,2.24E-07
-9.01E-07,-3.48E-06,2.21E-07
-9.67E-07,-3.61E-06,2.17E-07
-1.03E-06,-3.73E-06,2.13E-07
-1.09E-06,-3.86E-06,2.09E-07
-1.14E-06,-3.98E-06,2.04E-07
-1.19E-06,-4.10E-06,2.00E-07
-1.22E-06,-4.22E-06,1.96E-07
-1.26E-06,-4.35E-06,1.92E-07
-1.29E-06,-4.47E-06,1.88E-07
-1.31E-06,-4.59E-06,1.84E-07
-1.33E-06,-4.71E-06,1.80E-07
-1.35E-06,-4.83E-06,1.76E-07
-1.36E-06,-4.94E-06,1.73E-07
-1.37E-06,-5.06E-06,1.69E-07
-1.37E-06,-5.18E-06,1.66E-07
-1.38E-06,-5.30E-06,1.62E-07
-1.37E-06,-5.42E-06,1.59E-07
-1.37E-06,-5.53E-06,1.56E-07
-1.36E-06,-5.65E-06,1.52E-07
-1.35E-06,-5.77E-06,1.49E-07
-1.33E-06,-5.88E-06,1.46E-07
-1.32E-06,-6.00E-06,1.42E-07
-1.30E-06,-6.11E-06,1.39E-07
-1.28E-06,-6.23E-06,1.36E-07
-1.26E-06,-6.34E-06,1.33E-07
-1.24E-06,-6.45E-06,1.30E-07
-1.22E-06,-6.57E-06,1.27E-07
-1.21E-06,-6.68E-06,1.23E-07
-1.19E-06,-6.79E-06,1.20E-07
-1.17E-06,-6.90E-06,1.17E-07
-1.15E-06,-7.01E-06,1.13E-07
-1.13E-06,-7.12E-06,1.10E-07
-1.11E-06,-7.21E-06,1.07E-07
-1.08E-06,-7.26E-06,1.05E-07
-1.07E-06,-7.07E-06,1.09E-07
-1.05E-06,-6.44E-06,1.23E-07
-1.05E-06,-4.73E-06,1.55E-07
-1.08E-06,-1.36E-06,2.11E-07
-1.13E-06,4.64E-06,2.90E-07
-1.24E-06,1.43E-05,3.92E-07
-1.40E-06,2.87E-05,4.99E-07
-1.64E-06,4.92E-05,5.98E-07
-1.95E-06,7.67E-05,6.59E-07
-2.35E-06,0.000112225,6.53E-07
-2.84E-06,0.0001563,5.86E-07
-3.40E-06,0.000209273,4.61E-07
-4.06E-06,0.000271541,3.39E-07
-4.80E-06,0.000343184,2.91E-07
-5.64E-06,0.000424977,4.72E-07
-6.58E-06,0.000517249,9.62E-07
-7.61E-06,0.000620924,1.88E-06
-8.72E-06,0.00073649,3.31E-06
-9.88E-06,0.000864506,5.27E-06
-1.10E-05,0.00100545,7.83E-06
-1.22E-05,0.001159129,1.09E-05
-1.31E-05,0.001325785,1.45E-05
-1.39E-05,0.001504484,1.85E-05
-1.44E-05,0.001695081,2.30E-05
-1.45E-05,0.001896318,2.79E-05
-1.40E-05,0.002107444,3.31E-05
-1.29E-05,0.002326861,3.88E-05
-1.12E-05,0.002554909,4.50E-05
-8.71E-06,0.002790195,5.17E-05
-5.44E-06,0.003033028,5.89E-05
-1.21E-06,0.00328232,6.67E-05
3.94E-06,0.00353834,7.49E-05
1.02E-05,0.003800377,8.36E-05
1.76E-05,0.004068587,9.28E-05
2.63E-05,0.004342403,0.00010239
3.62E-05,0.004621981,0.000112446
4.75E-05,0.00490689,0.000123031
6.01E-05,0.005197072,0.000134177
7.43E-05,0.005492541,0.000146035
8.99E-05,0.005793212,0.000158673
0.00010698,0.006099347,0.000172258
0.00012563,0.00641097,0.000186889
0.000145837,0.006728437,0.000202667
0.000167634,0.007051882,0.000219689
0.000191055,0.007381597,0.000237939
0.000216134,0.007717771,0.000257481
0.00024293,0.008060521,0.000278222
0.000271493,0.008409975,0.000300113
0.000301895,0.008766048,0.000323033
0.000334208,0.009128677,0.000346847
0.000368502,0.009497566,0.000371479
0.000404853,0.009872379,0.000396799
0.000443313,0.010252594,0.00042281
0.00048395,0.010637842,0.00044942
0.000526808,0.011027526,0.000476621
0.000571946,0.011421188,0.000504345
0.00061942,0.011818172,0.000532495
0.000669289,0.012217944,0.000560996
0.000721623,0.012619809,0.000589668
0.000776484,0.013023171,0.000618409
0.000833946,0.013427322,0.000647051
0.00089407,0.013831624,0.000675479
0.000956904,0.01423539,0.000703645
0.001022512,0.014637774,0.000731457
0.001090911,0.015037679,0.00075902
0.001162092,0.015435269,0.00078632
0.001236058,0.015829232,0.00081346
0.001312808,0.016219757,0.000840401
0.001392346,0.016605353,0.000867146
0.001474674,0.016986294,0.000893653
0.001559813,0.017361172,0.000919728
0.001647758,0.017730346,0.000945402
0.001738535,0.018092576,0.000970389
0.001832149,0.018447557,0.000994626
0.0019286,0.018794464,0.001017963
0.002027891,0.019132664,0.001040287
0.002129991,0.019461226,0.001061538
0.00223489,0.019779395,0.001081612
0.002342531,0.02008616,0.001100482
0.002452887,0.020380685,0.001118058
0.002565898,0.020662028,0.00113423
0.002681515,0.020929107,0.001148852
0.002799668,0.021180734,0.001161585
0.002920368,0.021417102,0.001172467
0.003043541,0.021636829,0.001181053
0.003169194,0.021840082,0.00118741
0.003297221,0.022025153,0.001191054
0.003427628,0.022192361,0.001192116
0.003560252,0.022340089,0.001190324
0.003695105,0.022468695,0.00118578
0.003831949,0.022576889,0.00117846
0.003970834,0.022665059,0.001168382
0.004111495,0.022732446,0.001155608
0.004253869,0.022778925,0.001140138
0.004397787,0.02280435,0.001121919
0.004543122,0.022808485,0.001100934
0.004689727,0.022791388,0.001076993
0.004837461,0.022752931,0.001050024
0.004986176,0.022693349,0.001019763
0.005135724,0.02261268,0.000986079
0.00528592,0.022511486,0.000948753
0.005436543,0.022390207,0.000907582
0.005587226,0.022250311,0.000862375
0.005738006,0.02209162,0.000813172
0.005888384,0.021915976,0.000759789
0.006038405,0.021723116,0.000702242
0.006187372,0.021515135,0.000640265
0.006335391,0.021291653,0.000573865
0.006481697,0.021054681,0.000502603
0.006626416,0.020803934,0.000426523
0.006768754,0.0205417,0.000345041
0.006908839,0.020267714,0.000258273
0.007045828,0.019984879,0.0001657
0.00717992,0.019692535,6.75E-05
0.00731028,0.019393712,-3.66E-05
0.007436704,0.019089114,-0.000146489
0.007558636,0.018780513,-0.000262166
0.00767567,0.018469302,-0.00038364
0.007787301,0.018157054,-0.000510871
0.007893082,0.017845294,-0.000643888
0.007992579,0.017535673,-0.000782894
0.008085342,0.017229773,-0.000927955
0.008170987,0.016929377,-0.001079387
0.008249078,0.016636116,-0.001237308
0.008319208,0.016351741,-0.001401843
0.008380839,0.016078353,-0.001573091
0.008433269,0.015818475,-0.001750802
0.008476595,0.015571758,-0.001934967
0.008509942,0.015341352,-0.002125107
0.008533417,0.015126917,-0.002321274
0.008545926,0.01493255,-0.002522843
0.008547669,0.014757513,-0.002729978
0.008537592,0.014605763,-0.00294231
0.008515903,0.014476432,-0.00315998
0.008481652,0.014372617,-0.003382962
0.008435022,0.014293542,-0.003611294
0.008375146,0.014241192,-0.003845093
0.008302179,0.014215013,-0.004084297
0.008215275,0.014216018,-0.004328829
0.008114572,0.014243882,-0.004578599
0.007999187,0.014298917,-0.004833058
0.007869265,0.01438097,-0.005092195
0.00772387,0.01448989,-0.005354963
0.007563167,0.014625625,-0.00562149
0.007386224,0.014787639,-0.00589047
0.007193223,0.014975935,-0.006162141
0.006983323,0.01518954,-0.006435242
0.006756705,0.015428525,-0.006710029
0.006512688,0.015691463,-0.006985403
0.006251425,0.015978517,-0.007261569
0.005972405,0.016287858,-0.00753748
0.005668529,0.016620301,-0.007812804
0.005334107,0.016961951,-0.008085762
0.004992103,0.017302567,-0.008356079
0.004625326,0.017639499,-0.008617759
0.004251014,0.017978277,-0.008875297
0.003852075,0.018322773,-0.009119307
0.003445786,0.018672423,-0.009358964
0.003015476,0.019038603,-0.009584401
0.00258228,0.019409858,-0.009807947
0.00213282,0.019809006,-0.010020844
0.001671322,0.020229895,-0.010227085
0.00119319,0.02068525,-0.010429344
0.000694488,0.02117726,-0.010626215
0.000171407,0.021704003,-0.010819987
-0.000357558,0.022227529,-0.01101239
-0.000905751,0.022740249,-0.011200308
-0.001459939,0.023247331,-0.011383171
-0.002033719,0.023735715,-0.011549518
-0.002613508,0.024218105,-0.011708183
-0.003212936,0.024680655,-0.011841748
-0.003814791,0.025143433,-0.011971572
-0.004430316,0.025606968,-0.012080337
-0.005055855,0.026070744,-0.012174662
-0.005694789,0.026533371,-0.012253898
-0.006349611,0.02698656,-0.012313435
-0.007021491,0.027410766,-0.012351422
-0.00769627,0.027811967,-0.012383796
-0.008380529,0.028137848,-0.012397827
-0.009067064,0.028438155,-0.01240317
-0.009761048,0.02865479,-0.012380128
-0.010456643,0.02884593,-0.012346527
-0.01115751,0.028953683,-0.012278426
-0.011859068,0.029037124,-0.012199672
-0.012562891,0.02904107,-0.012086113
-0.013266295,0.029022088,-0.011962879
-0.013968345,0.028928153,-0.011808039
-0.014668832,0.028812146,-0.011644621
-0.015364232,0.028624026,-0.011453183
-0.016057009,0.028413804,-0.011253787
-0.016741239,0.028131424,-0.01102839
-0.017421892,0.027826147,-0.010795061
-0.018090889,0.027446166,-0.01053581
-0.018755423,0.027042231,-0.010268239
-0.019405399,0.026560193,-0.009973476
-0.020050028,0.026053188,-0.009669834
-0.020677218,0.025464825,-0.009337179
-0.021298124,0.02485059,-0.008995099
-0.021898532,0.0241521,-0.008622221
-0.022491481,0.023425728,-0.008239819
-0.023068096,0.022463316,-0.007809427
-0.023637142,0.021453064,-0.00736719
-0.024178056,0.020349529,-0.006893522
-0.024710393,0.01922038,-0.006411171
-0.025214758,0.018007981,-0.005900444
-0.025699966,0.016741849,-0.005373376
-0.026160244,0.015405819,-0.004825032
-0.026591934,0.01400094,-0.004254465
-0.027007146,0.012556282,-0.003671102
-0.027379228,0.011025391,-0.003058183
-0.027742738,0.009477168,-0.002439412
-0.028057454,0.007846496,-0.001792345
-0.028362473,0.006199222,-0.001139677
-0.028615568,0.004487201,-0.000461191
-0.028858341,0.002762068,0.000222405
-0.029075157,0.001005923,0.000917951
-0.029266693,-0.000780452,0.001625136
-0.029426089,-0.002602946,0.002344271
-0.029553609,-0.004461322,0.003075307
-0.029648704,-0.006352807,0.003816831
-0.029711418,-0.008277458,0.004568874
-0.029738722,-0.010224361,0.005330158
-0.029730698,-0.012193823,0.006100719
-0.029686932,-0.014183101,0.006879747
-0.029606927,-0.016189743,0.007666658
-0.029490042,-0.018204549,0.008461725
-0.029335665,-0.020220948,0.009264834
-0.029143956,-0.022233296,0.01007715
-0.02891475,-0.024235316,0.01089933
-0.028648442,-0.026223432,0.011731651
-0.028345222,-0.028192945,0.012574592
-0.028005514,-0.03013584,0.013424656
-0.027629282,-0.03205305,0.014281864
-0.027216589,-0.033936229,0.015140085
-0.026767429,-0.035785627,0.015999489
-0.026281895,-0.037589803,0.016851909
-0.02575998,-0.03934909,0.01769758
-0.025202503,-0.041053176,0.018530756
-0.024609441,-0.042702373,0.019351615
-0.023942932,-0.044170201,0.020141697
-0.023265922,-0.045608729,0.020926969
-0.022544248,-0.046900749,0.021688672
-0.021813665,-0.048164159,0.022445677
-0.021043232,-0.049307179,0.02317599
-0.020264842,-0.050426774,0.023900984
-0.019451486,-0.051456124,0.024597587
-0.018631138,-0.052468028,0.025288532
-0.017795188,-0.053457543,0.025964733
-0.01694404,-0.054425266,0.026626576
-0.016077342,-0.055377908,0.027272081
-0.015195153,-0.056315377,0.027901351
-0.014285512,-0.057195738,0.028493602
-0.013372114,-0.058067091,0.029080296
-0.012448002,-0.05885677,0.029635418
-0.011521704,-0.059630692,0.030184248
-0.010590776,-0.060321383,0.030694107
-0.009658867,-0.060996011,0.031196205
-0.008728659,-0.061592191,0.031653423
-0.007798726,-0.062173255,0.032101706
-0.006877335,-0.062678345,0.032501869
-0.005957577,-0.063168809,0.032892458
-0.005053634,-0.063581742,0.033234145
-0.004152765,-0.06397973,0.033566102
-0.003275184,-0.064296648,0.033850126
-0.002402158,-0.06459792,0.034124609
-0.001559882,-0.064815268,0.034353174
-0.00072364,-0.065016389,0.034572598
9.54E-05,-0.065183215,0.034770694
0.000897592,-0.065316655,0.034948014
0.00167493,-0.065413631,0.035100613
0.002427651,-0.065474346,0.035228666
0.003153345,-0.065501548,0.035333093
0.003852109,-0.065495186,0.035413895
0.004518551,-0.065446422,0.035470318
0.005152823,-0.065355465,0.035502374
0.00575339,-0.065220959,0.035510343
0.006315871,-0.065096632,0.03550075
0.006835119,-0.065033928,0.035480302
0.007315121,-0.064923421,0.035436813
0.007754506,-0.064769633,0.035372261
0.008151649,-0.064574182,0.035287939
0.008504465,-0.064352579,0.035188828
0.008813248,-0.064104199,0.035074621
0.009076925,-0.063840717,0.034949563
0.009295529,-0.06356176,0.034813527
0.009468551,-0.063269399,0.034670133
0.00959601,-0.06296353,0.03451927
0.009678389,-0.062630795,0.034362368
0.009715678,-0.062271528,0.034199372
0.009709059,-0.061866298,0.034030493
0.009658501,-0.061415657,0.033855721
0.009565478,-0.060905743,0.033675302
0.009429951,-0.060336981,0.033489224
0.00920141,-0.059633598,0.033293869
0.008959432,-0.058910508,0.033097312
0.008655175,-0.05809157,0.032898594
0.008338629,-0.057254001,0.032699425
0.007963024,-0.056311939,0.032501135
0.00757577,-0.055349529,0.032303002
0.007132845,-0.054280374,0.032108475
0.006678941,-0.053190421,0.031914644
0.006199591,-0.052041985,0.031723041
0.005695461,-0.050836597,0.03153361
0.005163337,-0.049565244,0.031348724
0.004603388,-0.048228357,0.031168312
0.004018508,-0.046828248,0.030993972
0.003408644,-0.045364909,0.030825656
0.002775861,-0.04385956,0.030667197
0.002120099,-0.04231165,0.030518491
0.001445529,-0.040736709,0.030383
0.000752035,-0.039134257,0.030260623
4.18E-05,-0.037516844,0.030153044
-0.000683448,-0.035893254,0.030061562
-0.001419929,-0.034276064,0.02998744
-0.002164569,-0.032676794,0.029932026
-0.002913642,-0.031100411,0.029894099
-0.003663608,-0.029554792,0.029873502
-0.004407099,-0.028040471,0.029865284
-0.005144818,-0.02655625,0.029869581
-0.005870664,-0.025095714,0.029880755
-0.006584817,-0.02365905,0.029898975
-0.007280343,-0.022235926,0.029917678
-0.007957448,-0.020826636,0.029937061
-0.008610325,-0.019423297,0.029952327
-0.009239152,-0.018026154,0.029963627
-0.009839674,-0.016631626,0.029968381
-0.010412025,-0.01523984,0.029966677
-0.010915608,-0.013927436,0.029949555
-0.011408681,-0.012630845,0.02993007
-0.011849163,-0.0113887,0.029886566
-0.012279173,-0.010157752,0.029838296
-0.01265563,-0.008979033,0.029760988
-0.013021425,-0.007811073,0.029677924
-0.013333641,-0.006701946,0.029567616
-0.013635193,-0.005604886,0.029451905
-0.013910539,-0.004536713,0.02932266
-0.014160359,-0.003496686,0.029180232
-0.014377575,-0.002465135,0.029028237
-0.014562461,-0.001442475,0.028866624
-0.014715912,-0.000448588,0.028698038
-0.014837945,0.000516994,0.028522406
-0.014885603,0.001294359,0.028339369
-0.014922104,0.002036955,0.028155729
-0.014910056,0.002638058,0.027948767
-0.014871555,0.003171751,0.027720707
-0.014768813,0.003556058,0.027429672
-0.014648519,0.003910053,0.02711699
-0.014461218,0.004149514,0.026721545
-0.014256602,0.004362231,0.026302686
-0.01398587,0.004474019,0.025794303
-0.013699342,0.004546219,0.025264144
-0.013352485,0.004468368,0.024650712
-0.012991509,0.004340093,0.024017258
-0.012576615,0.004020308,0.023307227
-0.012149284,0.003641975,0.022578759
-0.011674454,0.003041029,0.021779779
-0.011195345,0.002416158,0.020974012
-0.010688644,0.00163886,0.020124314
-0.010162428,0.000751923,0.019243415
-0.009612049,-0.000279756,0.018323163
-0.009039928,-0.001445483,0.01736705
-0.008449563,-0.002760377,0.016377108
-0.007840309,-0.004220799,0.015352897
-0.007215952,-0.005838596,0.014296247
-0.006575917,-0.007608869,0.01320655
-0.00592498,-0.009529755,0.012084318
-0.005261716,-0.011602147,0.010929198
-0.004589144,-0.013827597,0.009739998
-0.003908006,-0.016204806,0.008515728
-0.003220538,-0.018722497,0.0072503
-0.002528444,-0.021374727,0.005940874
-0.001833683,-0.024137305,0.004579852
-0.001136923,-0.02704704,0.00315295
-0.00044436,-0.03010929,0.001640829
0.000244193,-0.033202443,0.000117689
0.000917434,-0.036413301,-0.001447647
0.001584543,-0.039652709,-0.003017831
0.00222822,-0.043000922,-0.004606624
0.00286418,-0.046374366,-0.006195664
0.003470651,-0.04984403,-0.007785725
0.004073855,-0.053321779,-0.009374739
0.00465596,-0.056851525,-0.010957131
0.00522216,-0.060421735,-0.012534441
0.005763515,-0.064061373,-0.014103414
0.006283176,-0.06775751,-0.015664905
0.006779653,-0.071500234,-0.017216794
0.007253068,-0.075291626,-0.018759772
0.007700977,-0.079122484,-0.020293169
0.008114858,-0.08299616,-0.021812988
0.008482849,-0.086886249,-0.023312835
0.008839572,-0.090772569,-0.024801515
0.009153227,-0.094644755,-0.026247568
0.009454664,-0.098503426,-0.027676722
0.009709402,-0.102310784,-0.029041331
0.009951488,-0.106094204,-0.030385513
0.010145213,-0.109786488,-0.031651668
0.010334122,-0.113465294,-0.032909244
0.010491895,-0.11705783,-0.034111504
0.010627116,-0.120589301,-0.03527391
0.010731627,-0.124045298,-0.036383148
0.010808839,-0.127425909,-0.037444212
0.010860299,-0.130701557,-0.038456529
0.010885586,-0.133880183,-0.039420135
0.010885632,-0.136943236,-0.040333997
0.010860366,-0.139896691,-0.04119857
0.010811921,-0.142732203,-0.04201426
0.010740699,-0.145448431,-0.042780038
0.01064733,-0.148044661,-0.043487731
0.010532295,-0.150520667,-0.044134144
0.010393692,-0.152894288,-0.044703532
0.010231531,-0.155168474,-0.045189273
0.010043778,-0.157358214,-0.045577083
0.009830055,-0.159468889,-0.045856889
0.009591649,-0.161490262,-0.046022654
0.009329141,-0.163420647,-0.046077836
0.009048248,-0.16523084,-0.046027284
0.008748176,-0.166925967,-0.045871045
0.00843655,-0.168473154,-0.04561948
0.008112178,-0.169879064,-0.045271028
0.007784478,-0.17111142,-0.044838831
0.007451124,-0.172119066,-0.044289779
0.007119922,-0.172819793,-0.043598242
0.006789379,-0.173459217,-0.042880464
0.006461322,-0.173865303,-0.042062372
0.006135067,-0.174145773,-0.041193951
0.005811428,-0.174243629,-0.040252313
0.005492619,-0.174155027,-0.039239373
0.005176936,-0.17394577,-0.038180344
0.004869805,-0.173571423,-0.037054624
0.004568207,-0.173090219,-0.035885796
0.004277626,-0.17249088,-0.034654569
0.003994171,-0.171815023,-0.033383004
0.003723871,-0.171073779,-0.032052562
0.00346208,-0.170290112,-0.030684058
0.003215214,-0.169492275,-0.02925963
0.002978,-0.168685138,-0.027799051
0.002757194,-0.167908326,-0.02628571
0.002546999,-0.167150959,-0.024738258
0.002354567,-0.166457221,-0.023142377
0.002173623,-0.165804461,-0.021515185
0.002011662,-0.165236294,-0.019845469
0.001861978,-0.164722666,-0.018148256
0.001720971,-0.164248735,-0.016433749
0.001594372,-0.163841024,-0.01469051
0.001484732,-0.163492784,-0.012922092
0.001396023,-0.163210049,-0.01112629
0.001326689,-0.162996039,-0.009306996
0.001277284,-0.162855268,-0.007465909
0.001248986,-0.162789643,-0.005606412
0.001242794,-0.162802249,-0.003731423
0.001258282,-0.162894875,-0.001841893
0.001295707,-0.163072839,5.82E-05
0.001353751,-0.163336024,0.001965219
0.001430512,-0.163684547,0.003873415
0.00152382,-0.16411075,0.005778976
0.001630336,-0.164602011,0.007677136
0.001745617,-0.1651389,0.009561527
0.001867853,-0.165710747,0.011430684
0.001995637,-0.166314274,0.013282166
0.002127186,-0.166942671,0.01511352
0.002261467,-0.167605937,0.016921788
0.002397086,-0.16830793,0.018704036
0.002533186,-0.169070408,0.020457197
0.002668641,-0.169909298,0.022178078
0.002794504,-0.170937136,0.02382078
0.002914157,-0.172056735,0.025426634
0.003020128,-0.173322529,0.026974414
0.003117256,-0.174682721,0.028484667
0.003199787,-0.176216483,0.029930511
0.003272882,-0.177862346,0.031334735
0.003332287,-0.179702401,0.03267058
0.003382841,-0.181667879,0.033962235
0.00342815,-0.183736473,0.035222162
0.003464745,-0.185976565,0.036429357
0.00349245,-0.188380137,0.037586495
0.003509767,-0.190969169,0.03868698
0.003517459,-0.193727568,0.039733171
0.003515433,-0.1966535,0.040723987
0.003502534,-0.199711308,0.041657317
0.003477964,-0.202876642,0.04253133
0.003440427,-0.206121325,0.043346234
0.003388748,-0.209417045,0.044101436
0.003322675,-0.212750703,0.044796161
0.00324081,-0.216078371,0.045428757
0.003141588,-0.21936819,0.045998223
0.003022654,-0.222571373,0.046503033
0.002881349,-0.225644916,0.046942741
0.00271674,-0.228581101,0.047317777
0.002527754,-0.231372088,0.047630399
0.002313212,-0.234007508,0.047882203
0.002071876,-0.2364804,0.048077907
0.001802456,-0.238782033,0.048221275
0.00150392,-0.24090822,0.048317995
0.001175073,-0.242852658,0.048373334
0.000815671,-0.244615167,0.048389778
0.000424315,-0.246189907,0.048375569
1.09E-06,-0.247578844,0.048333161
-0.000453962,-0.248784453,0.048266575
-0.000939366,-0.249817982,0.048180088
-0.001453832,-0.250687689,0.04807375
-0.00199473,-0.25140512,0.04794836
-0.002559828,-0.251981258,0.04780471
-0.00314677,-0.252420664,0.04764403
-0.003753108,-0.252730668,0.047467466
-0.004386132,-0.252738804,0.047269616
-0.005027031,-0.252611995,0.0470655
-0.005672541,-0.252308011,0.046864171
-0.006321042,-0.251889437,0.046664659
-0.006969122,-0.251300603,0.046476688
-0.007616938,-0.250601709,0.046296198
-0.008261144,-0.24971965,0.046136454
-0.008903026,-0.248719245,0.045990139
-0.009539232,-0.247504562,0.045873199
-0.010171776,-0.246151388,0.045775265
-0.010797292,-0.244549423,0.045713771
-0.011418274,-0.242786661,0.045675855
-0.01203627,-0.240899116,0.045657121
-0.012649292,-0.238804236,0.045670219
-0.013257423,-0.236507744,0.045713961
-0.013859928,-0.233980492,0.045792606
-0.014456856,-0.231224969,0.04590518
-0.015047951,-0.228231221,0.046052754
-0.015632315,-0.225001365,0.046236239
-0.016209256,-0.221532851,0.046456665
-0.016778449,-0.217842937,0.046714153
-0.017339397,-0.213942036,0.047009185
-0.017892044,-0.209832579,0.047342908
-0.018435864,-0.205527231,0.047717422
-0.018970599,-0.201052696,0.048135277
-0.019495843,-0.196448565,0.048600309
-0.020011196,-0.191773757,0.049117349
-0.020516597,-0.187055841,0.049688291
-0.021011721,-0.182322025,0.05031433
-0.021496311,-0.177602738,0.050997164
-0.021969458,-0.172916546,0.051736314
-0.022430459,-0.168287799,0.052532136
-0.022877743,-0.16371575,0.053381577
-0.023309994,-0.159209564,0.054282747
-0.023724914,-0.154747009,0.055229791
-0.024109324,-0.150114685,0.056194518
-0.024451403,-0.14563854,0.057227287
-0.024773594,-0.14123328,0.058282834
-0.025068959,-0.13693203,0.059367895
-0.025346981,-0.132697999,0.060472067
-0.025602406,-0.128509283,0.061607897
-0.025843218,-0.124349855,0.06276422
-0.02606556,-0.120235242,0.063941985
-0.026275955,-0.116149634,0.065133646
-0.026474247,-0.112114914,0.066337146
-0.0266647,-0.108113118,0.067548312
-0.026849912,-0.104174241,0.068764128
-0.02703172,-0.100276098,0.069982968
-0.027214192,-0.09646602,0.071201153
-0.027397079,-0.092712931,0.07241895
-0.027585072,-0.089089774,0.073631659
-0.027776346,-0.085550673,0.074841112
-0.027971819,-0.08206889,0.07604862
-0.028174292,-0.078682229,0.077252857
-0.02838406,-0.075429916,0.07844609
-0.02860244,-0.072352968,0.079622664
-0.028829459,-0.069448277,0.080782488
-0.029065665,-0.066730112,0.081923254
-0.029310336,-0.064257748,0.083040036
-0.029563216,-0.062076084,0.084128663
-0.029823344,-0.060200986,0.085187547
-0.030089978,-0.058660854,0.086213961
-0.030362289,-0.057476647,0.087209024
-0.030639432,-0.056673542,0.088172399
-0.030920334,-0.056252498,0.089104429
-0.031203944,-0.056224182,0.090005197
-0.031489961,-0.056584481,0.090875007
-0.031777032,-0.057336714,0.09171436
-0.032064199,-0.058461558,0.092522189
-0.032350011,-0.059931021,0.093296975
-0.032633599,-0.061713282,0.094035022
-0.032914013,-0.063759513,0.09473069
-0.033190154,-0.065992668,0.095373861
-0.033461973,-0.068378463,0.095959328
-0.033729516,-0.070872366,0.096481986
-0.033992741,-0.073429339,0.096936196
-0.034252349,-0.075992681,0.097319737
-0.034508783,-0.078506947,0.097628906
-0.034762569,-0.080942683,0.097864203
-0.035014231,-0.083258323,0.098024495
-0.035264865,-0.085309483,0.098054625
-0.03551583,-0.087233245,0.098034188
-0.035766959,-0.088993639,0.097962603
-0.036018144,-0.09064883,0.097858012
-0.036267102,-0.092095874,0.097692959
-0.03651534,-0.093492799,0.097513147
-0.036754433,-0.094712995,0.097272992
-0.036989693,-0.095912218,0.097022556
-0.037210755,-0.09702801,0.096732356
-0.037427068,-0.098140098,0.096433721
-0.03762937,-0.099238575,0.096109286
-0.037817739,-0.100325137,0.095765971
-0.037985437,-0.101395592,0.095403947
-0.038132697,-0.102460869,0.095026366
-0.038254246,-0.103538014,0.094639316
-0.038348638,-0.10461694,0.094244123
-0.038408674,-0.10569305,0.093848512
-0.038435567,-0.106764846,0.093451433
-0.038423236,-0.107821599,0.093060166
-0.038367808,-0.108850531,0.092675902
-0.038259283,-0.109816179,0.092300251
-0.0380884,-0.110683694,0.091930978
-0.037845049,-0.111406825,0.091558821
-0.037528507,-0.111978695,0.091181472
-0.037128262,-0.112345189,0.090786941
-0.036645424,-0.112507977,0.090376839
-0.036073159,-0.112424195,0.089944035
-0.035328127,-0.111831434,0.089484043
-0.034528863,-0.111070789,0.089018576
-0.033601649,-0.109900698,0.088546716
-0.032607868,-0.108523734,0.088075437
-0.031538989,-0.106913134,0.087604783
-0.030357391,-0.104988091,0.087148152
-0.029142139,-0.102973752,0.08669661
-0.027848944,-0.100770324,0.086261757
-0.026494702,-0.098423563,0.085842118
-0.025060937,-0.09591762,0.085455954
-0.023553919,-0.093274027,0.085102685
-0.021969216,-0.090596721,0.084824033
-0.020295238,-0.087866716,0.08462365
-0.01852872,-0.085200146,0.084536619
-0.0166809,-0.082636721,0.084545285
-0.014763949,-0.080161378,0.084609792
-0.012741015,-0.077827312,0.084712893
-0.010662854,-0.075567909,0.084831625
-0.008496537,-0.073394395,0.084944308
-0.006275779,-0.071274228,0.085053302
-0.003972569,-0.069210939,0.085147306
-0.001618442,-0.067183055,0.085232094
0.000808763,-0.065193921,0.085306577
0.003281096,-0.063228987,0.085374728
0.005815582,-0.061289281,0.085439265
0.008388451,-0.059365403,0.085501611
0.011012308,-0.057454392,0.085563168
0.013667653,-0.055551555,0.085624263
0.016343072,-0.053642768,0.085683115
0.019050902,-0.051723912,0.085738286
0.021788178,-0.0497941,0.085795887
0.02455778,-0.047851197,0.08585915
0.027370503,-0.045904577,0.085923515
0.030196849,-0.043961082,0.085987061
0.033031773,-0.042031467,0.086043991
0.035868794,-0.040123828,0.086084381
0.038692333,-0.03827244,0.086072363
0.041502543,-0.036464017,0.086014643
0.044296842,-0.034698091,0.085916616
0.047068086,-0.032989211,0.085767284
0.049783532,-0.031409182,0.085523963
0.052493673,-0.029841624,0.085271738
0.0551126,-0.028480396,0.084909692
0.057722844,-0.027138975,0.08453723
0.060213242,-0.026054451,0.08404965
0.062692218,-0.0249945,0.083551154
0.065023497,-0.024208475,0.082931951
0.067340702,-0.023448585,0.082301296
0.069484174,-0.022972904,0.08154504
0.071611084,-0.022524284,0.08077687
0.073540747,-0.022359064,0.079878092
0.075451605,-0.022220768,0.078966931
0.077144377,-0.022351131,0.077919312
0.078816362,-0.022506952,0.076858744
0.080317862,-0.022874372,0.075695299
0.081739716,-0.023329057,0.074484825
0.083026305,-0.023927622,0.07319513
0.084176093,-0.024669856,0.07182616
0.085184962,-0.025545914,0.070376396
0.086030751,-0.026553491,0.068833627
0.086601064,-0.027668808,0.067137204
0.087138452,-0.028796637,0.065422498
0.087390251,-0.029975489,0.063556761
0.087607928,-0.031160038,0.061673064
0.087529846,-0.032382276,0.059643224
0.087416425,-0.033608582,0.057596013
0.086998992,-0.034789931,0.055415981
0.086545236,-0.035965435,0.053220171
0.085785113,-0.037030522,0.050898548
0.084988378,-0.038081914,0.048561983
0.084039874,-0.039102711,0.046166863
0.082962036,-0.040097333,0.043721866
0.0817132,-0.041061666,0.04120411
0.08030127,-0.041996643,0.038617659
0.078727283,-0.04291597,0.035963055
0.076991707,-0.04381768,0.033240534
0.075087577,-0.04464804,0.030449782
0.073015966,-0.045414828,0.027590865
0.070670724,-0.046019088,0.024619848
0.068170704,-0.046472672,0.021601355
0.065531462,-0.046787035,0.01855012
0.062734656,-0.046956457,0.015475675
0.059737708,-0.046948891,0.01239165
0.056582998,-0.046796553,0.009306505
0.05332832,-0.046558365,0.006227045
0.049927656,-0.046195094,0.003155827
0.046440586,-0.045740474,9.29E-05
0.042827334,-0.045152754,-0.002958069
0.039141696,-0.044463851,-0.00599824
0.035350341,-0.043627478,-0.009022742
0.031500604,-0.04267887,-0.012032092
0.027565597,-0.041566648,-0.015019377
0.023586072,-0.040331531,-0.017985165
0.019541537,-0.038917229,-0.020919617
0.015482585,-0.037460908,-0.023842894
0.011381865,-0.035883896,-0.026734028
0.007251584,-0.034216408,-0.029597256
0.003091571,-0.032448646,-0.032422725
-0.001100818,-0.03045865,-0.035178155
-0.005305993,-0.028255276,-0.037869986
-0.009506814,-0.025943495,-0.040523507
-0.013706607,-0.023569774,-0.043109905
-0.017904457,-0.02171365,-0.045475379
-0.022074686,-0.019752642,-0.047775891
-0.026207786,-0.017671449,-0.049993668
-0.030256063,-0.015408548,-0.052063212
-0.034289777,-0.013114057,-0.054107152
-0.038201127,-0.010618607,-0.055981677
-0.042091459,-0.008088278,-0.057826959
-0.045829974,-0.005285359,-0.05949986
-0.049542412,-0.002435271,-0.061143003
-0.053072609,0.000749162,-0.06261494
-0.056571495,0.003991356,-0.064057328
-0.059971076,0.007389355,-0.065419078
-0.06327799,0.010932743,-0.066705577
-0.066452652,0.014655324,-0.067900039
-0.069498464,0.018553652,-0.069004178
-0.072403938,0.02262675,-0.070021316
-0.075170219,0.02687428,-0.070951432
-0.077772737,0.031327978,-0.071790725
-0.080213256,0.035985656,-0.072539434
-0.082476944,0.040845215,-0.07319884
-0.084564984,0.045906529,-0.073768891
-0.086460739,0.05116285,-0.074251138
-0.08816544,0.056614585,-0.074645475
-0.08967223,0.062252942,-0.074953184
-0.090976305,0.068072781,-0.075175032
-0.092069574,0.074041754,-0.075315014
-0.092945151,0.080139771,-0.075375691
-0.093599088,0.086330436,-0.075361878
-0.09402591,0.09258391,-0.075277463
-0.09422911,0.098780595,-0.07511694
-0.094201393,0.104962632,-0.07489337
-0.09394259,0.111103125,-0.074614942
-0.093453035,0.117208675,-0.074280687
-0.092736281,0.123259604,-0.07389462
-0.091792054,0.129257351,-0.073456451
-0.090626799,0.135185272,-0.072970942
-0.089240059,0.141044602,-0.072437733
-0.087640397,0.146819517,-0.071863487
-0.085827187,0.152511165,-0.071247727
-0.083553113,0.157985672,-0.070572965
-0.081220865,0.163430572,-0.069892108
-0.078584075,0.168742478,-0.069204554
-0.075894833,0.174031228,-0.068515733
-0.072923422,0.17919451,-0.067837946
-0.069904312,0.18438451,-0.06715627
-0.066626608,0.189544961,-0.066485807
-0.063303933,0.194679797,-0.065819539
-0.05974238,0.199655056,-0.065187261
-0.056139629,0.204602525,-0.064560734
-0.052320749,0.2093793,-0.063976943
-0.04846457,0.214126348,-0.063400403
-0.04451168,0.218793482,-0.06284634
-0.040468525,0.223386005,-0.062313255
-0.036321484,0.22787109,-0.061810382
-0.032072175,0.23225151,-0.061336935
-0.027732883,0.236523882,-0.060895067
-0.023302963,0.240688756,-0.060484555
-0.018792188,0.244713232,-0.060112603
-0.014199826,0.248599589,-0.059778709
-0.0095426,0.252333313,-0.059487317
-0.004819306,0.255915612,-0.059238076
-5.01E-05,0.259323388,-0.059034154
0.004756916,0.262387335,-0.058855344
0.009586446,0.26522994,-0.058717158
0.014442292,0.267890126,-0.058624018
0.019311856,0.270362616,-0.058574043
0.024186844,0.272643417,-0.05856622
0.029049426,0.274733275,-0.05859476
0.033885662,0.276630521,-0.058656015
0.038681895,0.278346449,-0.058743671
0.043423943,0.279886454,-0.058852475
0.048086401,0.281281769,-0.058969498
0.052672729,0.282529563,-0.059096262
0.057161015,0.283665091,-0.059219882
0.061552856,0.284685791,-0.0593413
0.06582199,0.285637856,-0.059444908
0.069970354,0.286517948,-0.059531856
0.073974781,0.2873725,-0.059591018
0.07783705,0.288198054,-0.059623271
0.081323065,0.289062619,-0.059596561
0.084758371,0.28993693,-0.059562203
0.087926157,0.290853083,-0.059479881
0.091029905,0.291774631,-0.059385855
0.093809247,0.292670667,-0.059230428
0.096504338,0.293553531,-0.059057247
0.09895049,0.294398367,-0.058831725
0.101243451,0.2951985,-0.058574975
0.103351608,0.29594478,-0.058280572
0.105237499,0.296595067,-0.057942424
0.107005566,0.297194302,-0.057581078
0.108461812,0.297673881,-0.05715137
0.109864697,0.298132628,-0.056709938
0.110937148,0.298440039,-0.056190152
0.111953028,0.298721194,-0.055656929
0.112630516,0.298854083,-0.055023532
0.113250069,0.298961282,-0.054372951
0.11370068,0.298996925,-0.053657971
0.11399366,0.298965812,-0.052882906
0.114086568,0.298871934,-0.052026298
0.113983527,0.298715562,-0.051090065
0.113685749,0.298514336,-0.050065845
0.113193616,0.298267156,-0.04895442
0.112497196,0.297996849,-0.0477481
0.111597188,0.297701776,-0.046447501
0.110495478,0.297393143,-0.045050617
0.109192438,0.29707849,-0.043555833
0.107688256,0.296760917,-0.041955538
0.105983198,0.296446055,-0.040244784
0.104077414,0.296123534,-0.038410999
0.101971097,0.295790315,-0.036444921
0.099665999,0.295437008,-0.034337189
0.097163148,0.295056641,-0.032078199
0.094469048,0.294652343,-0.029672612
0.091587722,0.294222206,-0.027118448
0.088540509,0.293786615,-0.024450276
0.08532548,0.293344438,-0.021665998
0.081966266,0.292912394,-0.018808989
0.07846114,0.292489231,-0.015876072
0.074837953,0.292076468,-0.01291396
0.071094632,0.291673899,-0.009919181
0.06725312,0.291260391,-0.006917494
0.063311718,0.290837258,-0.003906792
0.059180867,0.290325612,-0.000891861
0.055027813,0.289799422,0.002122428
0.050767951,0.289206386,0.005126871
0.046489943,0.288601816,0.008129499
0.042128965,0.287935883,0.011114717
0.03775394,0.28725937,0.014096816
0.033320442,0.286525339,0.017056452
0.028877104,0.285781413,0.020012099
0.024413016,0.284986794,0.022956247
0.019923067,0.284029067,0.025903214
0.015423912,0.283053696,0.02883224
0.010915102,0.282060415,0.031743739
0.006406457,0.281049728,0.034633398
0.001897267,0.280021489,0.037501555
-0.002599288,0.278988957,0.040341772
-0.007084168,0.277951211,0.043154519
-0.011551146,0.276910752,0.045934401
-0.015996011,0.275869757,0.048678108
-0.020409686,0.27483201,0.051371802
-0.024785081,0.273800701,0.054006319
-0.029113613,0.272774279,0.056561895
-0.033387195,0.27175346,0.059023287
-0.037596188,0.270731211,0.061366975
-0.041731596,0.269703895,0.063572861
-0.04578381,0.268660277,0.065619282
-0.049743455,0.2675924,0.067484997
-0.053595595,0.266478956,0.069140382
-0.057342395,0.265322328,0.070590042
-0.060975477,0.264109224,0.071821265
-0.064495474,0.262840688,0.072835028
-0.067896768,0.261510134,0.073628426
-0.071179807,0.260118157,0.074201755
-0.074341856,0.258668929,0.074563652
-0.077383146,0.257162213,0.074713588
-0.080129169,0.255502164,0.074435532
-0.082836054,0.253821582,0.074104778
-0.085336126,0.252094626,0.073514774
-0.087774269,0.250363201,0.072849981
-0.089961633,0.248664424,0.071896456
-0.09206,0.246991962,0.070845187
-0.093982533,0.245371386,0.069600642
-0.095835686,0.24379167,0.068278909
-0.097557008,0.242289498,0.06681034
-0.099149682,0.240865991,0.065199718
-0.100593217,0.23953554,0.063425176
-0.1018999,0.238290429,0.06150119
-0.103070281,0.237131029,0.059429444
-0.104100749,0.23603645,0.05720957
-0.104988664,0.234990314,0.054842036
-0.105736546,0.233988985,0.052327801
-0.106346056,0.233011484,0.049668849
-0.106814623,0.232041672,0.046858512
-0.107138097,0.231053099,0.043885976
-0.107309222,0.230029151,0.040728111
-0.10732273,0.228968427,0.037368461
-0.10717684,0.227867976,0.033799205
-0.106867656,0.226723656,0.030006425
-0.106398217,0.225525483,0.025996931
-0.10576921,0.224263713,0.021769889
-0.104988366,0.222929567,0.017350819
-0.10406214,0.221511751,0.01275961
-0.102994025,0.220016807,0.008012283
-0.101795606,0.218444973,0.003153061
-0.100469895,0.216809303,-0.001800704
-0.099021927,0.215130895,-0.006820316
-0.097454727,0.213426962,-0.011885182
-0.095769264,0.211725608,-0.016976785
-0.093967251,0.21004051,-0.022077503
-0.092049345,0.208463997,-0.027166486
-0.090015613,0.206926703,-0.032235805
-0.08786609,0.205406904,-0.037274573
-0.085600771,0.203908235,-0.042267371
-0.083188206,0.202372685,-0.047172304
-0.080646165,0.200779855,-0.051981386
-0.077967316,0.19913289,-0.056686591
-0.075112991,0.197430849,-0.061263252
-0.072205067,0.195710123,-0.06580051
-0.069132723,0.193930462,-0.070216335
-0.066006169,0.192118496,-0.074587345
-0.062733844,0.19021827,-0.078837365
-0.059409697,0.188268676,-0.083033688
-0.055962466,0.186200708,-0.087102041
-0.052468237,0.184068739,-0.091103479
-0.04887484,0.181800768,-0.094963335
-0.045264572,0.179495186,-0.098789409
-0.041594684,0.177054003,-0.102494925
-0.037881467,0.174503669,-0.10610044
-0.034121212,0.171811029,-0.109570123
-0.030319346,0.168985367,-0.112912036
-0.026483539,0.166016892,-0.116111569
-0.022614431,0.162923977,-0.119164839
-0.018719103,0.159731627,-0.122053571
-0.014796797,0.156434372,-0.124781534
-0.010853813,0.153047293,-0.127337113
-0.006893223,0.149587288,-0.12971136
-0.002922993,0.146181315,-0.131874457
0.001051608,0.142760783,-0.13381727
0.005026306,0.139335796,-0.135525882
0.008991947,0.13596265,-0.13679187
0.012947093,0.132632405,-0.137805626
0.016886301,0.129366651,-0.138580427
0.020812403,0.126154035,-0.139158472
0.024718298,0.122977957,-0.139513731
0.028609196,0.119829126,-0.139703438
0.032489564,0.116668977,-0.139797345
0.036351886,0.113489181,-0.139727682
0.040197954,0.110275462,-0.139513105
0.04402623,0.107016288,-0.139141172
0.047836192,0.103742473,-0.138626829
0.051627096,0.100466043,-0.137973785
0.055394031,0.097236708,-0.137193531
0.059134733,0.094078578,-0.136291936
0.062839106,0.091038547,-0.135273427
0.066503204,0.088138208,-0.134140939
0.070112154,0.085405126,-0.132890761
0.073661283,0.082850948,-0.131522551
0.077019326,0.080775648,-0.129886463
0.080325425,0.078824706,-0.128185838
0.083473682,0.07714808,-0.126323864
0.086569503,0.075562693,-0.12440829
0.089445174,0.074253865,-0.122303046
0.092269927,0.072997198,-0.120161682
0.09487173,0.071953543,-0.117871866
0.09738382,0.070983842,-0.11553634
0.099729612,0.070151158,-0.113116048
0.10201364,0.069360554,-0.1106705
0.104173169,0.068654768,-0.108173989
0.106211007,0.068036087,-0.105634242
0.108103015,0.067524813,-0.103047431
0.10979712,0.067170091,-0.100406773
0.111342378,0.066959992,-0.097745709
0.112740651,0.066919871,-0.095082201
0.113990463,0.067069083,-0.092431702
0.115059063,0.067468405,-0.089820325
0.115878515,0.06824287,-0.087304883
0.116641529,0.069102235,-0.084811233
0.117156759,0.070334435,-0.082440898
0.117615819,0.071651064,-0.080098577
0.117825411,0.073362879,-0.077894583
0.117978454,0.075164199,-0.075722009
0.117875464,0.07736145,-0.073692128
0.117713533,0.079632372,-0.071692757
0.117285617,0.082255021,-0.06983462
0.116797753,0.084963188,-0.068009272
0.116038598,0.088026933,-0.066332869
0.115217954,0.091171205,-0.064690307
0.114268005,0.094498582,-0.063123822
0.113186441,0.098012343,-0.06163476
0.111943685,0.10172537,-0.060236838
0.110538892,0.105638377,-0.058930494
0.108975448,0.109745152,-0.057718452
0.107253298,0.114045702,-0.056600828
0.105363749,0.118501231,-0.055588704
0.103306644,0.123111062,-0.054682303
0.101083405,0.127860174,-0.053884596
0.098694071,0.132735252,-0.053198621
0.096143335,0.137708768,-0.052636597
0.093434215,0.14275749,-0.052207652
0.090583138,0.147855744,-0.051933359
0.087589972,0.153006718,-0.051812738
0.084470429,0.158206224,-0.051856641
0.081224829,0.163454145,-0.052065309
0.077868365,0.168756872,-0.052439231
0.074401356,0.174114525,-0.052978456
0.070707433,0.179545447,-0.053842369
0.066977359,0.184985712,-0.054757893
0.063125625,0.190461427,-0.055845793
0.059244469,0.195945829,-0.056975879
0.055237394,0.201470912,-0.058299795
0.051209483,0.206996918,-0.059658732
0.047105171,0.212526277,-0.061145063
0.042970497,0.218035638,-0.062689707
0.038792994,0.223516837,-0.064316466
0.034583624,0.228921995,-0.066019684
0.030354375,0.234279588,-0.067770824
0.026113287,0.239518672,-0.069589652
0.021864854,0.244683608,-0.071450919
0.017626174,0.24967134,-0.073361278
0.013393665,0.254548192,-0.075302452
0.009195937,0.259231299,-0.077279843
0.00502004,0.26379317,-0.079279996
0.000901877,0.268118024,-0.08129824
-0.003180092,0.272294521,-0.083327904
-0.007181702,0.276197612,-0.085358612
-0.011132962,0.279929549,-0.087390073
-0.015042413,0.283521026,-0.089413792
-0.018883836,0.286883622,-0.091424741
-0.022650469,0.290036917,-0.093420058
-0.026327925,0.292959094,-0.095396012
-0.029916259,0.295659214,-0.097345911
-0.033409949,0.298134625,-0.099264085
-0.036797743,0.30040589,-0.101142034
-0.040070418,0.302484959,-0.102972195
-0.04322809,0.304376334,-0.104753286
-0.046262898,0.306096882,-0.106476888
-0.049167581,0.307665169,-0.108131811
-0.051931351,0.309108615,-0.109701641
-0.054547325,0.310440928,-0.111173883
-0.057007223,0.311678737,-0.112532087
-0.059304133,0.312827289,-0.113763385
-0.061431628,0.313885629,-0.114853993
-0.063383572,0.314843684,-0.115794525
-0.065154806,0.315678477,-0.116577648
-0.066734888,0.316359758,-0.117196336
-0.06812115,0.316870362,-0.117653221
-0.069306433,0.317208976,-0.117949381
-0.070284866,0.317367673,-0.118085943
-0.071050622,0.317357987,-0.118062831
-0.071597748,0.31718421,-0.117880434
-0.07191927,0.316862494,-0.117538393
-0.07201428,0.316394538,-0.1170367
-0.071876794,0.315804958,-0.116375476
-0.071509212,0.315092087,-0.11555469
-0.070912853,0.314290375,-0.11457435
-0.069962859,0.313385755,-0.113351941
-0.068770431,0.312447608,-0.111966841
-0.067345917,0.311489552,-0.110416301
-0.065764666,0.310526848,-0.108746476
-0.06399288,0.309565663,-0.1069258
-0.06199614,0.308615297,-0.104909405
-0.059922453,0.307658941,-0.102822483
-0.057703063,0.306681305,-0.100596771
-0.055349916,0.305694908,-0.098245136
-0.052831929,0.304714859,-0.095740452
-0.050056633,0.303869843,-0.093013011
-0.047091063,0.303210109,-0.090132222
-0.04403878,0.302688807,-0.087185331
-0.0408694,0.302322447,-0.084143169
-0.037533812,0.302267134,-0.080968194
-0.034105286,0.302417815,-0.077720486
-0.030547095,0.302866459,-0.074371129
-0.026930539,0.303461045,-0.070975251
-0.023209052,0.304319382,-0.067495503
-0.019431917,0.305320799,-0.06398043
-0.015554726,0.306580722,-0.060401641
-0.011629303,0.30798468,-0.056803036
-0.007617156,0.309648901,-0.05316861
-0.003566367,0.31147781,-0.049524762
0.000553902,0.313604027,-0.045863785
0.004700009,0.31591785,-0.042202741
0.008892567,0.318570197,-0.038541406
0.013090904,0.321309716,-0.034884103
0.017308917,0.324349493,-0.031240018
0.021535449,0.327619284,-0.027610699
0.025758019,0.331170291,-0.024009375
0.029974591,0.334987909,-0.020435691
0.034167334,0.339089721,-0.016902495
0.038334731,0.343474209,-0.013409897
0.042454675,0.348155588,-0.009971471
0.046531297,0.353130728,-0.006584352
0.050545011,0.35841012,-0.003259372
0.054488506,0.363993436,1.64E-07
0.058342684,0.369875103,0.003186404
0.062097676,0.376055568,0.00629454
0.065744705,0.382527888,0.009321047
0.069271624,0.389277935,0.012259988
0.072667822,0.396256626,0.015105075
0.075920522,0.40343982,0.017849203
0.079023205,0.410796583,0.020486666
0.081976905,0.418319911,0.023014914
0.084776238,0.425958216,0.025421336
0.08742217,0.433728695,0.027707174
0.089911468,0.441618949,0.029862378
0.092244998,0.449638844,0.031887732
0.094421498,0.457798868,0.033774734
0.096441396,0.466100127,0.035525385
0.098304205,0.474562645,0.037133686
0.100009687,0.483189583,0.038597837
0.101557188,0.491984457,0.039913621
0.102946401,0.500949919,0.041078355
0.104176968,0.510073662,0.042089947
0.105248399,0.51934576,0.042945765
0.10616,0.528719485,0.043644626
0.106911756,0.538178384,0.044184987
0.107504763,0.54768455,0.044568051
0.107939832,0.557194114,0.044794608
0.108219333,0.566655874,0.04486962
0.108344652,0.576073408,0.044796385
0.1083216,0.585399568,0.044587936
0.108149543,0.594636023,0.044243444
0.107832976,0.60373807,0.043774437
0.107371844,0.612704635,0.043181468
0.106770687,0.621486545,0.042477828
0.106029466,0.630084336,0.0416633
0.105152771,0.638448238,0.040751152
0.10413976,0.646588027,0.039738744
0.102994531,0.654461026,0.038637273
0.101719379,0.662054241,0.037451021
0.100321025,0.669336975,0.036191273
0.098802567,0.676290751,0.034864005
0.09716852,0.682903349,0.033475321
0.095424153,0.689160407,0.032033231
0.093577825,0.695068896,0.0305469
0.091637552,0.700621545,0.029026413
0.089611612,0.705830514,0.027479826
0.087501645,0.710705638,0.025907746
0.085320823,0.715282798,0.024320796
0.083028823,0.719314218,0.022718702
0.080649927,0.722827196,0.021117836
0.078244522,0.726127148,0.019518303
0.075777322,0.728801012,0.017950969
0.073262654,0.730730176,0.016456792
0.070717514,0.732266486,0.01497927
0.068168059,0.733599663,0.013526679
0.065610833,0.734567404,0.012119182
0.063060552,0.735341728,0.010752763
0.060522743,0.735768139,0.009460473
0.058001366,0.736005127,0.008221726
0.055509537,0.735901415,0.007079524
0.05302811,0.735715985,0.00596396
0.050582137,0.735253096,0.004939911
0.048167448,0.734579623,0.003988045
0.045799974,0.733654439,0.003128943
0.043477513,0.732486784,0.002357949
0.041211255,0.73105669,0.001685134
0.039000839,0.729358792,0.001108918
0.036856979,0.727359831,0.000635897
0.034776744,0.725064754,0.00026351
0.032766219,0.722439587,-7.29E-06
0.030826086,0.719473243,-0.000178487
0.028956439,0.716138124,-0.000257754
0.027156511,0.712422907,-0.00025227
0.025419706,0.708338737,-0.000176676
0.023745723,0.70389539,-2.91E-05
0.022127157,0.699126661,0.000179642
0.020564986,0.694042802,0.000454605
0.019053886,0.688703835,0.000796919
0.017595114,0.683107913,0.001209196
0.016186176,0.67731303,0.001698827
0.014827907,0.671309352,0.002265219
0.013519404,0.665152669,0.002917749
0.01226047,0.658862174,0.003659144
0.011050709,0.652485967,0.004495676
0.00988932,0.646068871,0.005430227
0.008775246,0.639654279,0.006459706
0.007737102,0.633301198,0.007628881
0.006764982,0.627082825,0.008907378
0.005820797,0.620947838,0.010221554
0.004926792,0.614965081,0.011599966
0.004079834,0.609130263,0.013018357
0.003287259,0.60370487,0.014432707
0.002560241,0.598486483,0.015869271
0.001853486,0.593318582,0.017314598
0.001225512,0.588307619,0.018765582
0.000614675,0.583324492,0.020211615
7.65E-05,0.578465521,0.021630028
-0.000430997,0.573657513,0.0230208
-0.000883307,0.568943501,0.024361903
-0.001315594,0.564262569,0.025682414
-0.001708315,0.559649885,0.026962211
-0.00206479,0.555116832,0.028198559
-0.002379869,0.550688088,0.029380694
-0.002659104,0.546359062,0.030510491
-0.002904925,0.542137682,0.031584404
-0.003119844,0.538039505,0.032596231
-0.003307266,0.534082234,0.033538755
-0.003468384,0.530263245,0.034412917
-0.003608494,0.52659446,0.035213508
-0.00373082,0.523082852,0.035935927
-0.00384088,0.519740105,0.036572266
-0.003941936,0.516582251,0.037116989
-0.004033964,0.5136168,0.037568655
-0.004115768,0.510860324,0.037931252
-0.004186547,0.508331478,0.038207266
-0.004246316,0.506036043,0.038402941
-0.004294698,0.503988206,0.038525015
-0.004333415,0.502185941,0.038568452
-0.004363807,0.500634193,0.038532048
-0.004381301,0.499517798,0.038319848
-0.004393769,0.498603761,0.038013313
-0.004388426,0.497908682,0.037550628
-0.004372555,0.497310638,0.037007865
-0.004326208,0.496887058,0.036276616
-0.00425837,0.496529281,0.035428051
-0.004170489,0.496232808,0.034470014
-0.004042806,0.495992869,0.033303227
-0.003896249,0.495792359,0.032045729
-0.003712275,0.495679796,0.030614184
-0.003489333,0.495689601,0.029029902
-0.003243615,0.495770335,0.027358022
-0.00293335,0.496051073,0.02548139
-0.002591254,0.496421099,0.023524433
-0.002204678,0.496916413,0.021455348
-0.001753816,0.497621834,0.019258782
-0.001284262,0.498523533,0.017046472
-0.000780593,0.499760747,0.014827645
-0.000219142,0.5010674,0.012514004
0.000388183,0.502428949,0.010125029
0.001097488,0.503923118,0.007592284
0.001848139,0.505461276,0.00500822
0.002673187,0.507076144,0.002334523
0.003570554,0.508706033,-0.000415155
0.004506754,0.510334969,-0.003205294
0.005532386,0.511882424,-0.006084199
0.006599547,0.513345718,-0.009004849
0.007716014,0.514709473,-0.011975019
0.008902625,0.515806019,-0.015018717
0.010120462,0.516774774,-0.018092597
0.011401855,0.517472923,-0.021223616
0.012725835,0.517918587,-0.024382425
0.014078502,0.518193483,-0.027559973
0.015490063,0.517968178,-0.030763485
0.016921019,0.517519236,-0.03397198
0.018384464,0.516689777,-0.037188336
0.019870369,0.515195906,-0.040381897
0.021349013,0.513036966,-0.04352263
0.022862978,0.510261595,-0.046645392
0.024397381,0.507159412,-0.049748875
0.025952445,0.50372678,-0.05283286
0.027537419,0.499689519,-0.055848073
0.029132837,0.495409906,-0.058829006
0.030746372,0.490677506,-0.061738808
0.03237725,0.485437483,-0.064553604
0.034017392,0.479878128,-0.067301862
0.035667017,0.473949432,-0.069967762
0.037325215,0.467621177,-0.072521329
0.038989983,0.461114198,-0.075002082
0.040662102,0.454437345,-0.077404499
0.042339351,0.447579712,-0.079664357
0.044014815,0.440620452,-0.081798308
0.045685697,0.433565497,-0.083804965
0.047349267,0.426421016,-0.085683681
0.048997018,0.419201195,-0.087366894
0.050627492,0.41194132,-0.088901103
0.052244883,0.404653341,-0.090337172
0.053840309,0.39732495,-0.09163513
0.055412259,0.389942318,-0.092804693
0.056893516,0.382825851,-0.09363775
0.058317002,0.375799567,-0.094247088
0.059701815,0.368715256,-0.094713405
0.061047845,0.361591667,-0.095033489
0.062387455,0.355107665,-0.095283575
0.063701943,0.349041283,-0.095411792
0.064968519,0.343112648,-0.095363043
0.066185422,0.337398082,-0.095116153
0.067351945,0.331910223,-0.094666786
0.068434045,0.326749265,-0.093863033
0.069465801,0.321927577,-0.092840895
0.070435166,0.317842871,-0.091538951
0.071353957,0.314338058,-0.090012938
0.072221324,0.311478376,-0.088265032
0.073038034,0.309236109,-0.086309403
0.073817514,0.307359248,-0.084214643
0.074559659,0.305856049,-0.08198031
0.07526093,0.304935515,-0.079591714
0.075930193,0.304664075,-0.077076241
0.076574922,0.305106342,-0.074448995
0.077201255,0.3063007,-0.071717076
0.077813283,0.308691204,-0.068838507
0.078421809,0.311989367,-0.065853432
0.07902611,0.316081971,-0.062762499
0.079625115,0.320661694,-0.059595376
0.080213659,0.325686961,-0.056340795
0.080796242,0.33116129,-0.053028747
0.081364334,0.336770713,-0.049677443
0.081895217,0.341947794,-0.046321344
0.082379468,0.346260935,-0.0430208
0.082779966,0.349041343,-0.03983647
0.08300408,0.349174321,-0.036825147
0.083089374,0.347375363,-0.03392848
0.082894564,0.342175484,-0.031178292
0.082430817,0.334097862,-0.02850306
0.081704468,0.323308825,-0.025884399
0.080691136,0.309707075,-0.023302443
0.079306573,0.292740256,-0.020721508
0.077439025,0.272084832,-0.018059194
0.075176574,0.248396814,-0.015300465
0.072632238,0.222719878,-0.012470425
0.069698855,0.194602072,-0.009521702
0.066381477,0.164443508,-0.006438198
0.06279318,0.133093521,-0.003248466
0.058872316,0.100664593,8.43E-05
0.054635596,0.067660503,0.003563537
0.050104469,0.034505691,0.007181433
0.045299463,0.001612594,0.010922418
0.0403,-0.029749917,0.01471034
0.035093985,-0.059841104,0.018580142
0.029795766,-0.087307043,0.022427974
0.024391029,-0.110635355,0.026200658
0.018986326,-0.12951155,0.029813463
0.013662069,-0.144738436,0.033250049
0.00839543,-0.157350689,0.036560465
0.003294645,-0.165014789,0.039615769
-0.00175751,-0.171307489,0.042601369
-0.006614156,-0.173000246,0.045360912
-0.011371298,-0.172765732,0.048031814
-0.016019162,-0.17041491,0.050605323
-0.020484515,-0.165123224,0.053061966
-0.024868056,-0.158685461,0.055487882
-0.029117027,-0.150466889,0.057876106
-0.033297379,-0.141523466,0.060269799
-0.037380535,-0.131553069,0.062671088
-0.041363493,-0.120778419,0.065113373
-0.045241602,-0.109216288,0.067605592
-0.049022131,-0.097171135,0.070170701
-0.052705828,-0.084725752,0.072816834
-0.056285493,-0.072024927,0.075554647
-0.059759449,-0.059126183,0.0783889
-0.063058361,-0.046198737,0.081386171
-0.066218473,-0.033530183,0.084469311
-0.069227956,-0.02117544,0.087611079
-0.072088167,-0.009116922,0.090785533
-0.074580997,0.003299093,0.093514763
-0.076814622,0.015644073,0.096042149
-0.078849994,0.027573569,0.098552749
-0.080678567,0.039105825,0.101038776
-0.082293145,0.050261855,0.103494801
-0.083652742,0.060985599,0.105910674
-0.084754206,0.071290217,0.108287342
-0.085626714,0.081210531,0.110631816
-0.086289711,0.090789825,0.112946749
-0.086754024,0.100035399,0.115235895
-0.086967357,0.10877914,0.117502339
-0.086932331,0.117004499,0.119751714
-0.086637639,0.124610186,0.121993199
-0.086064383,0.131379321,0.124244399
-0.085263811,0.137416139,0.126505122
-0.084241271,0.142637953,0.128782064
-0.083000503,0.147012338,0.131082013
-0.081564978,0.150584832,0.133403674
-0.07994803,0.153324097,0.13574785
-0.07814046,0.155094832,0.138124928
-0.076156855,0.155878723,0.140540257
-0.074010931,0.155670092,0.14299801
-0.071699731,0.154371947,0.145504713
-0.0692515,0.152127579,0.148053661
-0.066676654,0.148996413,0.150639743
-0.063983977,0.145048589,0.153256074
-0.061181899,0.140371755,0.155894339
-0.058278695,0.135065064,0.158545285
-0.055282228,0.129242808,0.161199301
-0.052199874,0.123033427,0.163847163
-0.049038667,0.116568565,0.166480526
-0.045804743,0.109984539,0.169092104
-0.042497173,0.103465088,0.17167519
-0.039128598,0.097039714,0.174225658
-0.035703946,0.090836741,0.17672427
-0.032231256,0.084875129,0.179176793
-0.028694659,0.079391815,0.181562766
-0.025093092,0.07458166,0.183879122
-0.021436222,0.070483394,0.186136469
-0.017724644,0.067170553,0.188334256
-0.013955056,0.064732276,0.190465912
-0.010144277,0.06291841,0.192545131
-0.006288938,0.061780505,0.194567472
-0.002378691,0.061468266,0.196511388
0.00164348,0.062290911,0.198195785
0.005905758,0.064899594,0.199200615
0.010219921,0.06821622,0.200117752
0.014576417,0.072079942,0.200939387
0.018977685,0.076531559,0.201667354
0.023438212,0.081522785,0.20210062
0.027901039,0.086527288,0.202520519
0.032376692,0.0915296,0.202720121
0.036844425,0.096410759,0.202769145
0.041301824,0.101147391,0.202653199
0.045718413,0.105578363,0.20227915
0.050099239,0.109847501,0.201757833
0.054442044,0.11394947,0.201083615
0.058684558,0.117724583,0.200130165
0.062861331,0.121335931,0.199036017
0.066971861,0.124783702,0.197801322
0.070927739,0.127919525,0.196297377
0.074850567,0.130999297,0.194736987
0.078691699,0.13394165,0.193037689
0.082415298,0.136726215,0.191160768
0.086019993,0.1393594,0.189111814
0.089489736,0.141836792,0.18688041
0.092813894,0.144153163,0.18446435
0.095991291,0.146295473,0.181859255
0.099016249,0.148244202,0.179057404
0.101883717,0.149946764,0.176033586
0.104481079,0.15111433,0.172598302
0.106941752,0.151966363,0.168937594
0.109208509,0.152399898,0.164917812
0.111316375,0.152462125,0.16060783
0.113261066,0.152138859,0.156004891
0.1150214,0.15138118,0.151077434
0.116593719,0.150170684,0.145832002
0.117973469,0.148466513,0.140281603
0.119156428,0.14621371,0.134444103
0.120138779,0.14335753,0.128338411
0.120960556,0.139995113,0.122034408
0.121597715,0.13603662,0.115516342
0.122048475,0.131469697,0.108792208
0.12228436,0.126194641,0.101841241
0.122303352,0.120197557,0.094681896
0.122098818,0.113452427,0.087317474
0.121662132,0.105955869,0.07976646
0.120993495,0.097713806,0.072028846
0.120077841,0.088784114,0.064132631
0.118793063,0.078898057,0.056015883
0.117123269,0.068169825,0.047715724
0.115283832,0.057174198,0.03935295
0.113203451,0.045843344,0.030904582
0.110850587,0.034257025,0.022369329
0.108194038,0.02257557,0.013743691
0.105398856,0.010912989,0.005076852
0.102386303,-0.000691855,-0.003654989
0.099160038,-0.012177854,-0.012451223
0.09570156,-0.023500469,-0.021317745
0.092028387,-0.034623232,-0.03024585
0.088144481,-0.045505501,-0.039232276
0.084061824,-0.056143869,-0.048264317
0.079789631,-0.066520326,-0.057332598
0.075343251,-0.076611809,-0.066409297
0.070724629,-0.08641509,-0.075491168
0.065951005,-0.095880315,-0.084529355
0.061019897,-0.105007835,-0.093530126
0.055949815,-0.113711901,-0.102442585
0.050667502,-0.121687517,-0.111160889
0.045247898,-0.129073501,-0.119683027
0.039754257,-0.136009961,-0.128019288
0.034190487,-0.142440051,-0.136139795
0.028554795,-0.148186326,-0.143958226
0.022868911,-0.153229475,-0.151460543
0.017162306,-0.157752588,-0.158725664
0.011442704,-0.161760271,-0.16575174
0.005724133,-0.165105835,-0.172456205
2.61E-05,-0.16792123,-0.178873837
-0.005658262,-0.170473561,-0.185143486
-0.011317503,-0.172650069,-0.191193148
-0.01694479,-0.174523816,-0.197034791
-0.022518793,-0.176099509,-0.202614173
-0.028043015,-0.177442253,-0.207957357
-0.033505999,-0.17867811,-0.213067457
-0.03890752,-0.179814622,-0.217938617
-0.044237487,-0.180972561,-0.222562462
-0.049499661,-0.182146892,-0.226938307
-0.054691747,-0.183484927,-0.23105292
-0.059814557,-0.185027003,-0.234897867
-0.064871162,-0.186854362,-0.238451615
-0.069862396,-0.189011499,-0.24170129
-0.074791737,-0.191492155,-0.244624868
-0.079658642,-0.194312662,-0.24720262
-0.084459655,-0.197408408,-0.249422982
-0.089181028,-0.200695068,-0.251300424
-0.093816787,-0.204005063,-0.252851605
-0.098347843,-0.207437739,-0.254064322
-0.102772407,-0.210986823,-0.254939497
-0.107057162,-0.214569137,-0.255510807
-0.111206874,-0.218198761,-0.255773872
-0.115193993,-0.221812919,-0.255756676
-0.119021907,-0.225423649,-0.255457312
-0.122673146,-0.229003876,-0.254897892
-0.126137421,-0.232539773,-0.254097253
-0.129399359,-0.236010447,-0.253083318
-0.132452175,-0.239428729,-0.251873463
-0.135286346,-0.242800176,-0.250488669
-0.137895718,-0.246216699,-0.248944923
-0.140279174,-0.249704584,-0.247242391
-0.142431989,-0.253359288,-0.245389104
-0.144349441,-0.257275581,-0.243391976
-0.146028966,-0.26147598,-0.241256624
-0.147461131,-0.266019285,-0.239005655
-0.148646489,-0.270926952,-0.236641511
-0.1495644,-0.276248962,-0.234163418
-0.150014132,-0.282155335,-0.23150529
-0.150336102,-0.288166523,-0.228799433
-0.150451466,-0.294358343,-0.226014912
-0.150347754,-0.300776601,-0.223141044
-0.149969831,-0.307370007,-0.22017999
-0.14940016,-0.314045161,-0.217159837
-0.148703486,-0.320771396,-0.214100331
-0.147853374,-0.327557534,-0.210992724
-0.146815121,-0.334388167,-0.207824439
-0.145580053,-0.341225833,-0.204589069
-0.144141212,-0.348024279,-0.201283023
-0.142494217,-0.354728252,-0.197905034
-0.140635341,-0.361259073,-0.194458708
-0.138559744,-0.367525369,-0.190956503
-0.136262357,-0.373445868,-0.187414318
-0.133737594,-0.378946483,-0.183854416
-0.130979583,-0.383974016,-0.180305123
-0.127983615,-0.388510823,-0.176795468
-0.124746524,-0.392571867,-0.173352003
-0.121266931,-0.396201819,-0.170006782
-0.117549628,-0.399488777,-0.166766837
-0.113603212,-0.402555764,-0.163637966
-0.10943792,-0.405481339,-0.160631642
-0.105066359,-0.408241153,-0.157763764
-0.100433506,-0.410760432,-0.155079111
-0.095622532,-0.413064539,-0.152523369
-0.090667292,-0.415238678,-0.150052786
-0.08559081,-0.417370141,-0.147630826
-0.080399394,-0.419588774,-0.145232171
-0.075126022,-0.421983898,-0.142836615
-0.069756463,-0.424711436,-0.140438214
-0.064299248,-0.427916318,-0.138039812
-0.05876039,-0.431684583,-0.135658503
-0.053145096,-0.436068922,-0.133312583
-0.047462113,-0.441104382,-0.13103731
-0.041722678,-0.446763963,-0.128875881
-0.035940968,-0.453033626,-0.126860663
-0.030136563,-0.459743977,-0.125037387
-0.024325307,-0.466733485,-0.123413019
-0.018524,-0.473844618,-0.121986024
-0.012747019,-0.481001288,-0.120734729
-0.006988556,-0.48879534,-0.119577751
-0.001313783,-0.496268779,-0.118569531
0.004272183,-0.50338763,-0.117648289
0.009754954,-0.510083318,-0.11680872
0.015127615,-0.516300738,-0.116051398
0.020398185,-0.522047102,-0.115373053
0.025553357,-0.527219057,-0.114793256
0.030589161,-0.53174001,-0.114329383
0.035503712,-0.53554666,-0.113995694
0.040282145,-0.538542926,-0.113810204
0.044938967,-0.54079318,-0.113756798
0.049461104,-0.542183459,-0.113844238
0.053848434,-0.542658269,-0.114063837
0.058139827,-0.542490005,-0.114364453
0.06224807,-0.541253805,-0.114791729
0.066193327,-0.539228737,-0.11530596
0.069974929,-0.536552787,-0.115895458
0.073626064,-0.533488572,-0.116538823
0.077141009,-0.530039072,-0.117238544
0.080475792,-0.526220739,-0.118013665
0.083638683,-0.52206862,-0.118862353
0.086603478,-0.517735481,-0.119802475
0.089370579,-0.513236582,-0.120830886
0.091919504,-0.508729458,-0.12195535
0.094241492,-0.504253387,-0.123164035
0.096314475,-0.499942422,-0.124445885
0.09783455,-0.496085554,-0.125795528
0.099104084,-0.492502213,-0.12715058
0.099983744,-0.489318907,-0.1284592
0.100679331,-0.486283779,-0.129747674
0.100783445,-0.483654112,-0.130924791
0.100672707,-0.4811306,-0.13205263
0.100198425,-0.478787512,-0.1330975
0.099323362,-0.476578027,-0.134042084
0.098261289,-0.474427223,-0.134939447
0.096664235,-0.472360492,-0.135698184
0.094878107,-0.470303088,-0.136406139
0.092754737,-0.468263626,-0.137023985
0.090466321,-0.466221958,-0.137596101
0.087931484,-0.464177936,-0.138100266
0.085134193,-0.462117821,-0.13853319
0.082052961,-0.460036606,-0.138889417
0.078714788,-0.457928836,-0.139172137
0.075123377,-0.455791086,-0.139380962
0.07128042,-0.453626186,-0.139509648
0.067187563,-0.451434195,-0.139555827
0.062851824,-0.449217141,-0.139517784
0.058282189,-0.446977317,-0.139391676
0.05348634,-0.444725662,-0.139168665
0.048474118,-0.442474455,-0.138838559
0.043253824,-0.44023928,-0.138391569
0.037834648,-0.438038886,-0.137816012
0.032227155,-0.435893267,-0.137103289
0.026442217,-0.433825165,-0.136243924
0.020503636,-0.431872398,-0.135229856
0.014416104,-0.430041194,-0.134062052
0.008197403,-0.428351641,-0.132744133
0.001855745,-0.426813602,-0.131277233
-0.004587837,-0.425439596,-0.129672721
-0.011123388,-0.424236983,-0.127935037
-0.017733317,-0.423203677,-0.126081765
-0.024408422,-0.422341079,-0.124120519
-0.031132825,-0.421639055,-0.122072995
-0.037898157,-0.421094269,-0.119949214
-0.044690989,-0.420843661,-0.11773932
-0.051481467,-0.420675933,-0.115515269
-0.058239959,-0.420698583,-0.113290429
-0.064956702,-0.4208664,-0.111076348
-0.071593896,-0.421209902,-0.108894996
-0.078149855,-0.421733826,-0.106736712
-0.084641628,-0.422339082,-0.104598381
-0.091038086,-0.423022747,-0.102489963
-0.097323231,-0.423760027,-0.100412577
-0.103368878,-0.424505413,-0.098386019
-0.109398767,-0.425247937,-0.096362442
-0.115201719,-0.425992012,-0.094385877
-0.120872587,-0.426750273,-0.092437476
-0.126339346,-0.427535206,-0.090532973
-0.131550059,-0.428395599,-0.088695049
-0.136614278,-0.429305077,-0.086897463
-0.141392514,-0.430327177,-0.085183211
-0.145919725,-0.431466401,-0.08354982
-0.150273785,-0.432687044,-0.081972994
-0.154169843,-0.43415454,-0.080558196
-0.158029348,-0.435642272,-0.079156823
-0.16135788,-0.43748498,-0.077957988
-0.164647758,-0.43935436,-0.076774344
-0.167375475,-0.44167462,-0.07581947
-0.17006284,-0.444027454,-0.074881144
-0.172162369,-0.446919441,-0.074191622
-0.17422004,-0.449840009,-0.073519893
-0.175667837,-0.453241289,-0.073115475
-0.177073002,-0.456667215,-0.072729066
-0.177856207,-0.460515976,-0.072613046
-0.178596362,-0.464385778,-0.07251475
-0.178708211,-0.468625575,-0.072682761
-0.178776771,-0.472882628,-0.072868057
-0.17821312,-0.477453202,-0.073312953
-0.177633718,-0.48202619,-0.073763937
-0.176707402,-0.486746162,-0.074360028
-0.175544098,-0.491560966,-0.07505478
-0.174029529,-0.496428192,-0.075889498
-0.172203124,-0.501360655,-0.076849744
-0.17005837,-0.506316602,-0.077933848
-0.167596668,-0.511309385,-0.079142004
-0.164798602,-0.51631403,-0.080466017
-0.161671013,-0.521338463,-0.081908397
-0.158215389,-0.526362836,-0.083460271
-0.154428765,-0.531523705,-0.085134447
-0.150310189,-0.536730826,-0.086902037
-0.145857364,-0.541998744,-0.088762812
-0.140904069,-0.54742074,-0.09076488
-0.135608494,-0.552996278,-0.092864111
-0.130000263,-0.558711588,-0.095053069
-0.123866096,-0.564519525,-0.097384602
-0.117708154,-0.570328057,-0.099722296
-0.111109987,-0.576036692,-0.102157257
-0.104492158,-0.581737638,-0.104596332
-0.097511843,-0.587223828,-0.107068799
-0.090515979,-0.592697799,-0.109542526
-0.083225906,-0.59791404,-0.111987665
-0.075923726,-0.60311687,-0.114431508
-0.068498559,-0.608168244,-0.116840266
-0.060983941,-0.613108695,-0.119223468
-0.053365212,-0.617885292,-0.121550567
-0.045647312,-0.62251389,-0.123830251
-0.037838012,-0.627033889,-0.126023784
-0.029935293,-0.631434798,-0.128142208
-0.021980254,-0.635789275,-0.130149722
-0.013961305,-0.640076637,-0.132056653
-0.005893121,-0.644322753,-0.133849233
0.002220192,-0.648534954,-0.135523632
0.010345153,-0.652714968,-0.137072459
0.018468166,-0.656872094,-0.138489231
0.026531847,-0.66093713,-0.139780954
0.034553219,-0.664930224,-0.140945733
0.042476844,-0.66876626,-0.141990662
0.050319176,-0.67247057,-0.14291361
0.05801991,-0.675966859,-0.143705189
0.065597109,-0.679278195,-0.144368157
0.072994158,-0.682377696,-0.144861624
0.080228202,-0.685273945,-0.145197824
0.087118603,-0.687881351,-0.145209253
0.093798369,-0.690328956,-0.145018011
0.100251995,-0.692608893,-0.144616351
0.106460966,-0.694717288,-0.143997565
0.112407476,-0.696653008,-0.143156603
0.118059486,-0.698402643,-0.142074734
0.123370275,-0.700007975,-0.140718117
0.128385991,-0.701553702,-0.139128938
0.133101031,-0.703083754,-0.137309417
0.1374228,-0.704660535,-0.13521333
0.14129445,-0.706331313,-0.132820651
0.144979596,-0.708045483,-0.130318746
0.14827013,-0.709852755,-0.127585903
0.151158273,-0.711770594,-0.124641933
0.153839171,-0.713744938,-0.121589169
0.155885756,-0.715906382,-0.118241392
0.157710329,-0.718129992,-0.11480128
0.159100458,-0.72047627,-0.111180708
0.16003558,-0.722944915,-0.107389517
0.160742819,-0.725474834,-0.103513084
0.160777524,-0.728206038,-0.099401645
0.160709009,-0.730974138,-0.095253155
0.160255209,-0.733881593,-0.090966649
0.159472197,-0.736912191,-0.086563982
0.158264115,-0.740110993,-0.082015224
0.156666934,-0.743464351,-0.077336319
0.154668048,-0.746985912,-0.072534926
0.152269036,-0.750672877,-0.067613609
0.149460346,-0.754532695,-0.062586613
0.146246135,-0.758553743,-0.057453845
0.142626554,-0.762704313,-0.052237459
0.138602391,-0.766962826,-0.046945725
0.134176537,-0.771261573,-0.041600373
0.129351273,-0.775546134,-0.036215678
0.124130726,-0.779738486,-0.030799422
0.118530042,-0.783820212,-0.025346117
0.112557799,-0.787764847,-0.019855184
0.106229283,-0.791547894,-0.014335296
0.099550158,-0.795191407,-0.008784775
0.092547752,-0.798727036,-0.003204754
0.085224718,-0.802157938,0.002401361
0.077597156,-0.805503666,0.008028373
0.069692194,-0.808828175,0.013663393
0.06148522,-0.812173665,0.019280897
0.053019933,-0.815511107,0.024846317
0.04425744,-0.818760633,0.030279174
0.035366245,-0.822075486,0.03561689
0.026330739,-0.825365782,0.040846217
0.017138096,-0.828609586,0.045903366
0.007868864,-0.831846774,0.050839458
-0.001474417,-0.83508271,0.05564693
-0.010908908,-0.838353157,0.060193174
-0.020374795,-0.841646254,0.064577468
-0.029869104,-0.844965398,0.068804197
-0.039386336,-0.848363042,0.072816238
-0.048905693,-0.851830363,0.076619618
-0.058408476,-0.855478585,0.080206648
-0.067891113,-0.859097958,0.083557621
-0.077302158,-0.862526894,0.086554989
-0.086678207,-0.865857422,0.089408323
-0.095912002,-0.868872464,0.091929257
-0.105079941,-0.871758163,0.094344288
-0.114102155,-0.874359667,0.096534692
-0.122964442,-0.876700997,0.098548628
-0.131729007,-0.878883541,0.100454874
-0.140199631,-0.880560279,0.102089293
-0.148554295,-0.882035494,0.103626534
-0.156652555,-0.883063197,0.104951784
-0.16450426,-0.883697629,0.106094196
-0.172199875,-0.884083331,0.107120954
-0.179519296,-0.883971572,0.107892446
-0.186652377,-0.883641779,0.108542301
-0.19351995,-0.883013368,0.109022953
-0.200012878,-0.881997526,0.109281465
-0.206155285,-0.880677521,0.10934478
-0.211876154,-0.8790555,0.10919594
-0.217261136,-0.877462208,0.108919092
-0.222256273,-0.875734389,0.10847991
-0.22689274,-0.873865187,0.107888892
-0.231121793,-0.871893287,0.107145362
-0.23497498,-0.869826496,0.106261119
-0.238407671,-0.867686391,0.105238378
-0.241452441,-0.865478635,0.104087852
-0.24431403,-0.863249242,0.102878645
-0.246794596,-0.860975385,0.101547211
-0.248928502,-0.858641028,0.100109935
-0.250642776,-0.856216013,0.09854915
-0.251806587,-0.853651166,0.096831203
-0.252538055,-0.850907207,0.09501145
-0.252856284,-0.847930312,0.093118899
-0.252761811,-0.844705105,0.091167621
-0.252254844,-0.841237724,0.089167707
-0.25127998,-0.837515473,0.087121919
-0.249606207,-0.833412886,0.085043125
-0.247824967,-0.829250991,0.082959317
-0.245362237,-0.824397445,0.080838121
-0.242794931,-0.81944406,0.07871215
-0.239596426,-0.814011991,0.076616317
-0.236300737,-0.808505297,0.074525192
-0.232409984,-0.802493989,0.072508246
-0.228427619,-0.796404004,0.070502773
-0.223888218,-0.789874434,0.068623796
-0.219263062,-0.7832762,0.066764355
-0.214122549,-0.776342809,0.065074138
-0.208902732,-0.769356668,0.063410029
-0.203449577,-0.762259007,0.061839949
-0.197785243,-0.755060315,0.060354982
-0.191876948,-0.747755289,0.058988247
-0.18573007,-0.740345359,0.057735696
-0.179340303,-0.732925296,0.05663839
-0.172708645,-0.725486219,0.055692002
-0.165862471,-0.718128324,0.054921728
-0.158799291,-0.710841179,0.054324724
-0.151542962,-0.703663647,0.053912181
-0.144090995,-0.6965909,0.05368273
-0.136483788,-0.689637601,0.053638738
-0.128717273,-0.682801843,0.053779822
-0.120811358,-0.676075101,0.054105666
-0.112778194,-0.669454217,0.054616284
-0.104648665,-0.66288656,0.055305973
-0.096442796,-0.656384647,0.056176782
-0.088182949,-0.64988935,0.057228677
-0.079894528,-0.643316567,0.058455426
-0.071612664,-0.636595428,0.059873637
-0.063331544,-0.629737735,0.061481867
-0.055077195,-0.622719109,0.063303895
-0.046846967,-0.615542412,0.0653373
-0.038670234,-0.608176291,0.067603484
-0.030545568,-0.600655615,0.07010401
-0.022509562,-0.593060195,0.072851852
-0.014558503,-0.585383594,0.075845659
-0.006731588,-0.577739477,0.079075024
0.000975256,-0.570116341,0.08254081
0.008287888,-0.563108087,0.086463548
0.015549618,-0.556192219,0.090435773
0.022516595,-0.549774706,0.094621457
0.029360209,-0.543549061,0.098875038
0.035852101,-0.537848771,0.103287637
0.042153258,-0.532402813,0.107773408
0.048260171,-0.527215779,0.112333663
0.05403658,-0.522462726,0.116969109
0.059591167,-0.518029511,0.121631689
0.064797759,-0.514123917,0.126317307
0.069663584,-0.510721087,0.131005526
0.074310966,-0.507646203,0.135685593
0.078615166,-0.505096316,0.140340447
0.082749173,-0.502784193,0.144979477
0.086647063,-0.500802696,0.149596617
0.090247832,-0.49928233,0.154163033
0.093532167,-0.498259425,0.158672154
0.09614943,-0.498286039,0.163007379
0.098598465,-0.498577267,0.16729261
0.100679837,-0.499443024,0.171446189
0.102501951,-0.500673473,0.175502196
0.103870176,-0.502474904,0.179379553
0.104821391,-0.504731655,0.183095485
0.105598658,-0.507177711,0.186743855
0.105915189,-0.510051608,0.190201595
0.106039569,-0.513103366,0.193579614
0.10571228,-0.516483903,0.196750075
0.10519661,-0.520001233,0.199833766
0.104237519,-0.523742795,0.202688307
0.103093505,-0.527577579,0.205447078
0.101521149,-0.531636119,0.207966909
0.099770151,-0.535787821,0.210386887
0.097611956,-0.540216804,0.212563768
0.095283903,-0.54476136,0.214639053
0.092573881,-0.549636602,0.21646902
0.089707077,-0.554755628,0.218184635
0.086676762,-0.560134947,0.219779506
0.083430201,-0.565756679,0.221227452
0.079961903,-0.571610868,0.222512558
0.076256819,-0.577709556,0.223620817
0.072335832,-0.584040165,0.22455962
0.068201445,-0.590601981,0.225327566
0.063857034,-0.597331583,0.225915372
0.059304286,-0.604209304,0.22631976
0.054558977,-0.611165404,0.226547331
0.049626425,-0.618173063,0.226599261
0.044525407,-0.625147283,0.226484001
0.039263133,-0.632054746,0.226204455
0.033861365,-0.638803959,0.225774437
0.028328734,-0.645357966,0.225198984
0.022674628,-0.651684344,0.224483401
0.016915966,-0.65771848,0.223637402
0.011072678,-0.663411915,0.222673044
0.005168298,-0.668702722,0.221604452
-0.00078171,-0.673586369,0.220440924
-0.006759366,-0.678055167,0.219193354
-0.012742743,-0.682147384,0.21787262
-0.018731831,-0.685886562,0.21647802
-0.024717301,-0.68931812,0.215008602
-0.03069553,-0.692461491,0.213464364
-0.036656711,-0.695356786,0.211843714
-0.042596858,-0.698021531,0.210146174
-0.048497166,-0.700519741,0.208373219
-0.054358594,-0.702846527,0.206525475
-0.060160954,-0.705053329,0.204612404
-0.065905504,-0.707131386,0.202635989
-0.071574256,-0.709109485,0.200612515
-0.077164687,-0.710981131,0.198549181
-0.082665376,-0.71275115,0.196462587
-0.088073663,-0.714410901,0.194359943
-0.093380645,-0.715952754,0.19225812
-0.098577693,-0.717356801,0.190176666
-0.103656754,-0.718608797,0.188132361
-0.108611368,-0.719680965,0.18613711
-0.113433249,-0.720554531,0.184206843
-0.118112385,-0.721206188,0.182356656
-0.122640543,-0.721614897,0.180599228
-0.127009094,-0.721760392,0.178944036
-0.13120918,-0.721627295,0.177401081
-0.135231942,-0.721201897,0.175978795
-0.139071599,-0.720484138,0.174680114
-0.142721057,-0.719467521,0.173510477
-0.146176159,-0.718158007,0.172467977
-0.149432629,-0.716562808,0.171550557
-0.152489081,-0.71470952,0.170746401
-0.155343756,-0.712623835,0.170044705
-0.157991976,-0.710380673,0.169438392
-0.160433605,-0.707988143,0.168908015
-0.162665784,-0.705487072,0.168436512
-0.164683983,-0.702918887,0.168011814
-0.166483015,-0.700330794,0.167621583
-0.168057933,-0.697752595,0.167266473
-0.169403389,-0.695217252,0.166945711
-0.170517087,-0.692744017,0.166662171
-0.171398684,-0.690357566,0.166419104
-0.172054172,-0.688073158,0.16622442
-0.17248711,-0.685917377,0.166082308
-0.172699049,-0.683891833,0.16599302
-0.172696248,-0.682030439,0.165951163
-0.172478184,-0.680329978,0.165956572
-0.172048703,-0.678802669,0.166000322
-0.171407834,-0.677446306,0.166083053
-0.170559973,-0.67626828,0.166197598
-0.16935201,-0.675431192,0.166356772
-0.167945161,-0.674798369,0.166533664
-0.166347101,-0.674342752,0.166698933
-0.164622292,-0.673988581,0.166848183
-0.162710592,-0.673744261,0.166954681
-0.160638645,-0.673534393,0.166995928
-0.158455133,-0.673335791,0.16698499
-0.1560954,-0.67312324,0.166876122
-0.153532565,-0.672892928,0.166628405
-0.150879204,-0.67265439,0.166317984
-0.148040473,-0.672410667,0.165855184
-0.145119175,-0.67216444,0.16532363
-0.142019659,-0.67193085,0.164625838
-0.138840765,-0.671702862,0.163853049
-0.135583714,-0.671461642,0.162995562
-0.132220328,-0.67120266,0.1620235
-0.128746599,-0.670985162,0.160933763
-0.125153214,-0.670828998,0.159716845
-0.121447086,-0.67076236,0.158376917
-0.117628083,-0.670800924,0.156912774
-0.11369174,-0.671024382,0.155321956
-0.109636433,-0.671465695,0.153603241
-0.105441593,-0.67165041,0.151699156
-0.10112226,-0.671870828,0.149642065
-0.096694827,-0.672383189,0.147449747
-0.092121169,-0.673881233,0.145197958
-0.087432288,-0.675886393,0.142828465
-0.082644902,-0.678206921,0.140312165
-0.077767007,-0.680827141,0.137643382
-0.072808005,-0.683732033,0.134815127
-0.067782722,-0.686865687,0.131826997
-0.06269411,-0.69020921,0.1286809
-0.057549715,-0.69370532,0.125384361
-0.052353352,-0.697327852,0.121940337
-0.047111887,-0.70103097,0.118363731
-0.041828848,-0.70479095,0.114660703
-0.036509119,-0.708603382,0.110846698
-0.031155435,-0.712460041,0.106928982
-0.025773248,-0.716360509,0.102916785
-0.020365272,-0.720302403,0.098815449
-0.014939473,-0.72425878,0.094628185
-0.009499459,-0.72821939,0.090357631
-0.004078179,-0.731931925,0.085939743
0.001329141,-0.735530794,0.081479937
0.006701977,-0.738931477,0.076968499
0.012036584,-0.742143452,0.072418809
0.01730855,-0.745078683,0.067827836
0.022497835,-0.747779727,0.06319727
0.027670894,-0.750437498,0.058558322
0.032757476,-0.752912104,0.0538987
0.037797663,-0.755314767,0.049235117
0.042753946,-0.757610738,0.044572808
0.04762511,-0.759837508,0.03992673
0.052442517,-0.762025595,0.035292543
0.057139494,-0.764152288,0.030699817
0.061761409,-0.766253531,0.026140805
0.066314958,-0.768331766,0.021612387
0.070791267,-0.770407796,0.017123267
0.075199917,-0.772482038,0.012668404
0.079498164,-0.774911582,0.008312021
0.083702162,-0.777507484,0.004026331
0.087811559,-0.780095637,-0.000188117
0.091817409,-0.782494843,-0.004357448
0.095709369,-0.78466475,-0.00845736
0.099499464,-0.786774337,-0.012475532
0.103178352,-0.788751483,-0.016403366
0.106742926,-0.790572286,-0.020237876
0.110180095,-0.792164147,-0.023977671
0.113482691,-0.793480754,-0.027619392
0.116631098,-0.794435799,-0.031164497
0.119630434,-0.79505223,-0.034612689
0.122455403,-0.795275927,-0.037969146
0.125062719,-0.795025885,-0.04121032
0.127312422,-0.794069171,-0.044283964
0.1293616,-0.792784393,-0.04727478
0.131233394,-0.791209519,-0.050192416
0.132731974,-0.789144218,-0.052966714
0.134068385,-0.786905289,-0.055680212
0.135104626,-0.784363925,-0.058280855
0.135991514,-0.781706572,-0.060823802
0.136647657,-0.778869689,-0.063277103
0.137062341,-0.775896907,-0.065628402
0.137215823,-0.772793293,-0.067866743
0.137109488,-0.76960361,-0.069983922
0.136738077,-0.766346931,-0.07197348
0.136101633,-0.763051569,-0.073828846
0.135200232,-0.75973475,-0.075545996
0.1340352,-0.756404698,-0.077124141
0.132503673,-0.753013492,-0.07852032
0.130729318,-0.749550879,-0.079808019
0.128684476,-0.745977104,-0.080984265
0.126344979,-0.742278934,-0.082053185
0.123717308,-0.738477707,-0.083033964
0.120850384,-0.734594285,-0.08394976
0.11774379,-0.730619311,-0.084804676
0.114397034,-0.726539612,-0.085601941
0.11081665,-0.722343683,-0.086345673
0.107021026,-0.718012869,-0.087042503
0.10303244,-0.713560462,-0.087697476
0.098784588,-0.708917677,-0.088300236
0.094299629,-0.704106688,-0.088854402
0.089558318,-0.699076891,-0.08936394
0.084567182,-0.69384557,-0.089827858
0.079324208,-0.688406646,-0.09026061
0.073833801,-0.682742476,-0.090668306
0.068122953,-0.676391721,-0.091129899
0.06214536,-0.669855118,-0.091568008
0.055641528,-0.663098395,-0.092021652
0.049057886,-0.656333029,-0.09248805
0.042160161,-0.649937391,-0.092797458
0.035007153,-0.643683374,-0.093119733
0.027708774,-0.637448251,-0.093485869
0.020213744,-0.631244183,-0.093913108
0.012556511,-0.625123084,-0.094393678
0.004771646,-0.619084179,-0.094918169
-0.003150296,-0.613162577,-0.095495187
-0.011211124,-0.60741502,-0.096141189
-0.019382879,-0.601838589,-0.096853524
-0.027629344,-0.596415997,-0.09762603
-0.035951406,-0.591174841,-0.098478623
-0.044322882,-0.586059868,-0.09938968
-0.052716386,-0.581067026,-0.100374557
-0.061131921,-0.576196373,-0.101433262
-0.069537409,-0.571434617,-0.102570765
-0.077932857,-0.566781938,-0.103787072
-0.086295813,-0.562189937,-0.105073966
-0.094626285,-0.557658732,-0.106431454
-0.102893598,-0.553161621,-0.107856713
-0.111097775,-0.548698843,-0.109349765
-0.119278945,-0.544252992,-0.11086116
-0.127353594,-0.539827764,-0.11244449
-0.135372385,-0.536036968,-0.114005469
-0.143267512,-0.532518506,-0.115600802
-0.151052803,-0.528929472,-0.117251404
-0.158681273,-0.525242031,-0.118966408
-0.16616711,-0.521463573,-0.120729811
-0.173501298,-0.517593443,-0.122537777
-0.180618033,-0.51362747,-0.124385022
-0.187529415,-0.509599805,-0.126249269
-0.194255918,-0.505537629,-0.1281223
-0.200790286,-0.501451194,-0.129999787
-0.207015008,-0.497299224,-0.131862983
-0.213012725,-0.49307704,-0.133707449
-0.21878767,-0.488772005,-0.135530934
-0.224314407,-0.484358639,-0.137327999
-0.22948122,-0.479755521,-0.139082447
-0.234392047,-0.475018978,-0.140805662
-0.239040822,-0.470146805,-0.142495409
-0.243361056,-0.465105951,-0.14414002
-0.247296184,-0.459883183,-0.145724133
-0.250933409,-0.454565138,-0.147261798
-0.254272252,-0.449160725,-0.148749501
-0.257225215,-0.443632931,-0.150156021
-0.259829909,-0.437995285,-0.15148069
-0.26206845,-0.432241648,-0.152717695
-0.263938189,-0.426376879,-0.153864205
-0.265414596,-0.420415729,-0.15491116
-0.266208351,-0.414375991,-0.155780748
-0.266915441,-0.4083336,-0.156627864
-0.266895115,-0.402250975,-0.157283321
-0.266785532,-0.39617759,-0.157913417
-0.265926868,-0.390163988,-0.158327818
-0.264976501,-0.384183556,-0.15871489
-0.263257295,-0.378463626,-0.158870012
-0.261447102,-0.372783959,-0.158994004
-0.258874029,-0.367425203,-0.158854216
-0.256211936,-0.362103879,-0.158682331
-0.252849281,-0.357426047,-0.158088341
-0.249458238,-0.352778256,-0.157473475
-0.245645553,-0.348238558,-0.156706989
-0.24154146,-0.343767166,-0.155836433
-0.237030908,-0.339308947,-0.154827625
-0.232155666,-0.33487615,-0.153693289
-0.226923689,-0.330378741,-0.152439818
-0.221332312,-0.325848758,-0.151065007
-0.215384096,-0.321285456,-0.149569958
-0.209079847,-0.316687763,-0.147954509
-0.202440828,-0.312040836,-0.146221578
-0.195460528,-0.307358682,-0.144368708
-0.18815273,-0.302749932,-0.142378673
-0.180510119,-0.298247516,-0.14024885
-0.172535554,-0.294191897,-0.137931347
-0.164242119,-0.290251791,-0.135465294
-0.155644774,-0.286568403,-0.132820398
-0.146679878,-0.283174545,-0.129970238
-0.13709043,-0.280570447,-0.126734033
-0.127451211,-0.27806735,-0.123468541
-0.117394909,-0.276406854,-0.119953535
-0.107212268,-0.275001943,-0.116370752
-0.096744068,-0.274174124,-0.112633988
-0.086114317,-0.273668706,-0.108825095
-0.075327411,-0.273476779,-0.104946092
-0.064309716,-0.273619533,-0.100994848
-0.053216062,-0.273875296,-0.097024754
-0.041994441,-0.274324894,-0.093026929
-0.03068581,-0.27490598,-0.089032665
-0.0193277,-0.27556175,-0.085040927
-0.007896367,-0.276334614,-0.081055671
0.003564679,-0.277143598,-0.077066563
0.015037413,-0.277922779,-0.073064022
0.026675276,-0.279510289,-0.06953644
0.038280562,-0.281077564,-0.065947257
0.0498011,-0.282740355,-0.06220369
0.061274685,-0.284228563,-0.058434673
0.07265415,-0.285443842,-0.054640949
0.083949402,-0.286407381,-0.050822586
0.095122084,-0.28706944,-0.046993483
0.106180467,-0.287441105,-0.043150824
0.117069207,-0.287469983,-0.039313324
0.127799883,-0.287167192,-0.035477031
0.138346344,-0.286524266,-0.031655367
0.148697764,-0.285537004,-0.027853645
0.15882197,-0.284211606,-0.024088934
0.168698192,-0.282546908,-0.020371895
0.178284928,-0.280572355,-0.016724247
0.18759191,-0.278281897,-0.013140856
0.196582511,-0.275715381,-0.00964183
0.205264404,-0.272864401,-0.006222923
0.21360898,-0.269842029,-0.002912223
0.221623734,-0.2666834,0.000288958
0.229275748,-0.263406187,0.003366333
0.236571595,-0.259989053,0.006325149
0.243253469,-0.256447613,0.009074392
0.249565363,-0.252774954,0.011686946
0.255270422,-0.248896673,0.014064454
0.260578126,-0.244889855,0.016285278
0.265479088,-0.240698203,0.018347122
0.270007432,-0.23633711,0.020263288
0.273969114,-0.231815413,0.021959938
0.277712405,-0.22723107,0.023571629
0.280927867,-0.222579345,0.024986975
0.283674777,-0.217913061,0.026251718
0.285993338,-0.213289991,0.027383912
0.287933588,-0.208768457,0.028402977
0.289348602,-0.204404727,0.029274641
0.290347546,-0.200228304,0.030034289
0.291100919,-0.196175009,0.03072485
0.291518748,-0.192310214,0.031317145
0.291610062,-0.188666105,0.031812474
0.291310698,-0.185329869,0.032190368
0.29062894,-0.18230474,0.032456633
0.289553761,-0.1796128,0.032609254
0.287883252,-0.177343205,0.032594528
0.285820186,-0.17530334,0.032469623
0.283363461,-0.173438087,0.032226391
0.280504286,-0.171663791,0.031848684
0.276911825,-0.169658288,0.031204436
0.273122013,-0.167576551,0.030487372
0.268667668,-0.164868861,0.029521199
0.264010757,-0.161969617,0.028478725
0.258758932,-0.158276126,0.027227953
0.25332576,-0.15433988,0.025913371
0.247123092,-0.149167746,0.024387563
0.240773648,-0.143745184,0.022827884
0.23382391,-0.137288511,0.02113718
0.226608962,-0.130364195,0.019401779
0.218935952,-0.122632861,0.017589502
0.211006626,-0.114481762,0.015747823
0.202634603,-0.10560631,0.013855613
0.19402802,-0.096393004,0.011939341
0.185016289,-0.086596869,0.00998168
0.175796092,-0.076587014,0.007998371
0.166209742,-0.066327021,0.005983381
0.156427503,-0.056149852,0.003965927
0.146325484,-0.04575821,0.001906305
0.136061043,-0.035301756,-0.000180138
0.125516132,-0.02473421,-0.002312878
0.11483039,-0.014153197,-0.004477229
0.103903726,-0.003648679,-0.006708656
0.092855752,0.00687082,-0.008970005
0.081598334,0.017415371,-0.011283033
0.070296712,0.027966976,-0.013610084
0.058849454,0.038539529,-0.015983483
0.047295786,0.049116395,-0.018387903
0.035624817,0.05967322,-0.020820322
0.023848135,0.07021258,-0.02327849
0.011981537,0.080716252,-0.025754247
2.77E-05,0.091172189,-0.028242653
-0.01199156,0.101534627,-0.030724222
-0.02408028,0.111814424,-0.033202831
-0.036219589,0.121980295,-0.035662446
-0.048402023,0.132020935,-0.038095817
-0.060614616,0.141922012,-0.040491898
-0.072848827,0.151636541,-0.042849194
-0.085090376,0.161163151,-0.045191877
-0.097322285,0.170519248,-0.047537889
-0.109527752,0.179686502,-0.049891111
-0.121695302,0.18867825,-0.052246969
-0.133803532,0.197466776,-0.054596089
-0.145847932,0.206053331,-0.056933288
-0.15779914,0.214384243,-0.059242211
-0.169653445,0.222459465,-0.061516613
-0.181366131,0.230216339,-0.063719876
-0.192939445,0.237659559,-0.065853968
-0.20432733,0.244729161,-0.067881517
-0.215533853,0.251432359,-0.069814295
-0.2265165,0.257719487,-0.071641386
-0.237131983,0.263379455,-0.073345371
-0.247347474,0.268430263,-0.074970245
-0.257292658,0.273145288,-0.076569803
-0.266995758,0.277559429,-0.078146733
-0.276189178,0.281454355,-0.079690427
-0.285159826,0.285150826,-0.08123184
-0.293723047,0.288934648,-0.082792304
-0.30182448,0.292343527,-0.084311627
-0.309665114,0.295542687,-0.085807212
-0.31689027,0.298291773,-0.087236285
-0.323796093,0.300834149,-0.088637449
-0.330274552,0.303100199,-0.090001225
-0.336162269,0.305035383,-0.091313496
-0.341840267,0.306857169,-0.092606515
-0.347118169,0.308487028,-0.093857981
-0.352006018,0.309947342,-0.095069177
-0.356306404,0.311201185,-0.096226022
-0.360156655,0.312336028,-0.097344808
-0.363538802,0.313382059,-0.098426342
-0.366553605,0.314386547,-0.099478513
-0.369154483,0.315359414,-0.100497045
-0.370759279,0.316471994,-0.101441227
-0.372080773,0.317641675,-0.102364987
-0.372855544,0.318919539,-0.103256091
-0.373146981,0.320265561,-0.10412129
-0.37289241,0.321671933,-0.104959041
-0.371936023,0.32308206,-0.105752029
-0.370521575,0.324429244,-0.106514923
-0.368648589,0.325711846,-0.107246518
-0.366146624,0.32691437,-0.10793113
-0.363059074,0.327985615,-0.108573504
-0.359516293,0.328946412,-0.109181754
-0.35550186,0.32978785,-0.109753847
-0.350756198,0.330439925,-0.110267006
-0.34556371,0.330982894,-0.110742331
-0.340009093,0.3314372,-0.111185662
-0.334021628,0.33178702,-0.111580946
-0.327663571,0.33204785,-0.111935124
-0.320801556,0.332194656,-0.112233236
-0.313469529,0.332246244,-0.11247839
-0.305642307,0.332217336,-0.112666704
-0.297329456,0.332175434,-0.112797834
-0.288533151,0.332145691,-0.112871632
-0.279258519,0.332200378,-0.11288745
-0.269506991,0.332406461,-0.112841867
-0.259073555,0.332914293,-0.112705797
-0.248033643,0.333781123,-0.112486601
-0.236440271,0.334968358,-0.112162776
-0.224526554,0.336336583,-0.111775935
-0.212096438,0.337994128,-0.111283436
-0.199370995,0.3393915,-0.110959932
-0.186273649,0.340867907,-0.110632405
-0.172810212,0.342577487,-0.110203452
-0.158998743,0.344514728,-0.109688863
-0.144841641,0.346698731,-0.109097555
-0.130361393,0.348981261,-0.108454466
-0.115576074,0.351260275,-0.107766435
-0.100505181,0.3534455,-0.107044786
-0.085162394,0.355514675,-0.10629686
-0.069567569,0.357329965,-0.105510481
-0.053725678,0.358876109,-0.104685716
-0.037650388,0.360101223,-0.103821486
-0.02135171,0.360864431,-0.102904342
-0.004846859,0.361061633,-0.101909764
0.011854755,0.360671699,-0.100824133
0.028735643,0.359673172,-0.099631287
0.045773078,0.358076274,-0.098323949
0.062943093,0.355891079,-0.096910864
0.080223627,0.353131413,-0.095407873
0.09760645,0.349633098,-0.093823723
0.115028612,0.345646352,-0.092206709
0.132443771,0.341333956,-0.090573356
0.149809942,0.336783141,-0.088913664
0.167087644,0.332135111,-0.087214299
0.184279516,0.327460408,-0.085482955
0.201359212,0.322761059,-0.083710596
0.218274653,0.318137109,-0.081885099
0.235021144,0.313596129,-0.080005258
0.251549006,0.309247762,-0.078066826
0.267853647,0.305101722,-0.076069251
0.283863246,0.301293999,-0.07401669
0.299590796,0.297795892,-0.071908779
0.314977556,0.294693679,-0.069748543
0.330021232,0.291984379,-0.067534924
0.344674021,0.289724171,-0.065267906
0.358622223,0.28827402,-0.062910363
0.37218675,0.287263483,-0.060507808
0.385249078,0.286816478,-0.058051385
0.397661954,0.287086993,-0.055543929
0.409571975,0.287907302,-0.05299494
0.420772374,0.289479107,-0.050418764
0.43135643,0.291710049,-0.047842387
0.441298395,0.294570804,-0.045280971
0.450584382,0.298029959,-0.042740081
0.459291279,0.30198127,-0.040222701
0.467364639,0.306291282,-0.037763361
0.474902868,0.310831815,-0.035355136
0.481720358,0.31564644,-0.032987677
0.487886012,0.320708394,-0.030634794
0.493026584,0.326200634,-0.028291415
0.497652888,0.331930906,-0.025949389
0.501567483,0.338055909,-0.023604436
0.504520237,0.344928056,-0.021250583
0.506675422,0.352495134,-0.018893791
0.508027732,0.360855281,-0.016534047
0.508839548,0.369787276,-0.0141727
0.508991003,0.379437357,-0.011809771
0.508353233,0.390066475,-0.00943227
0.506846666,0.401808143,-0.007035019
0.504149497,0.415062755,-0.004622644
0.500382125,0.429601699,-0.002218793
0.495880455,0.445011765,0.000180515
0.490436614,0.461380661,0.002577632
0.48405391,0.478539497,0.004982964
0.476471454,0.496248484,0.007439762
0.467996806,0.514175355,0.009950211
0.458587587,0.531958938,0.012540421
0.448560297,0.549537063,0.015186125
0.4374865,0.566488385,0.017931223
0.425650567,0.582721055,0.020749273
0.413284034,0.598403275,0.023617869
0.400011361,0.612931192,0.02657005
0.386141658,0.626520157,0.029576948
0.371821553,0.639380515,0.032626186
0.356708258,0.650798202,0.035756495
0.341147453,0.661319494,0.038945287
0.325236708,0.671140373,0.042180762
0.308987647,0.67972374,0.045261402
0.292425424,0.687582493,0.048360791
0.275438488,0.694598317,0.051562969
0.25806272,0.700841069,0.054853886
0.240361318,0.706428409,0.058263175
0.222314775,0.711324573,0.061781622
0.203992248,0.715670705,0.065441199
0.185372725,0.719423413,0.069231741
0.166542634,0.722738385,0.073179916
0.14747493,0.725570798,0.07727734
0.1282527,0.728190541,0.081549205
0.108841404,0.730496347,0.08599899
0.089213833,0.732469738,0.090787746
0.069568962,0.734512687,0.095687591
0.049899451,0.736682653,0.100727342
0.03027459,0.738903165,0.105968736
0.010689129,0.741151571,0.111296602
-0.008790285,0.743459404,0.116782226
-0.028138394,0.745706797,0.122355655
-0.047401972,0.747915983,0.127985492
-0.066444091,0.750014067,0.133699074
-0.085284665,0.751983523,0.139448076
-0.103925705,0.75383985,0.145220369
-0.122296132,0.755571604,0.151004001
-0.140357062,0.757193625,0.156781644
-0.158094198,0.758726776,0.162539616
-0.175434917,0.760172606,0.168260008
-0.192050457,0.761460245,0.173895508
-0.208577588,0.762751997,0.179521516
-0.224344075,0.764067233,0.185062021
-0.239871189,0.765364468,0.190573454
-0.254849702,0.766618371,0.196017623
-0.269293219,0.767769039,0.201397523
-0.283070892,0.768714488,0.206710801
-0.296153158,0.769388378,0.211958498
-0.308603436,0.769717157,0.217145443
-0.320221007,0.7695539,0.222258583
-0.331169844,0.768929541,0.227314457
-0.341432154,0.767804086,0.232310921
-0.351030052,0.76617384,0.237248912
-0.360026389,0.764057815,0.242131308
-0.368489563,0.761510789,0.246963903
-0.376066089,0.758227408,0.251701504
-0.382877916,0.754312634,0.256358922
-0.388908058,0.749744534,0.260917813
-0.394158155,0.744529843,0.265382946
-0.398529649,0.73864758,0.269720197
-0.402056396,0.73210597,0.273940772
-0.404726684,0.724931479,0.278027654
-0.40653798,0.717131913,0.281977087
-0.407476723,0.708789349,0.285771757
-0.407537043,0.699930787,0.289403051
-0.406725794,0.690657318,0.292867094
-0.405038476,0.681021929,0.296154708
-0.402493119,0.671124637,0.299270153
-0.399092227,0.661036909,0.302208036
-0.394860268,0.650837362,0.304974794
-0.389807314,0.640603602,0.307569236
-0.383960247,0.630380273,0.309995174
-0.37733677,0.620239913,0.312253952
-0.369983286,0.610228002,0.31434682
-0.361885607,0.60032928,0.316273332
-0.3530913,0.590565324,0.318034053
-0.343586266,0.580928385,0.319629073
-0.333425075,0.571410477,0.321063697
-0.322591186,0.562013745,0.322336912
-0.311089188,0.552425742,0.323308051
-0.298806012,0.542501628,0.323867887
-0.285208434,0.532888353,0.324186653
-0.271563649,0.523287952,0.324494869
-0.25719285,0.513857424,0.324645191
-0.242416188,0.504517198,0.324685842
-0.227281839,0.495257705,0.324627429
-0.21154654,0.486142367,0.324378699
-0.195466459,0.477136016,0.324010402
-0.179093659,0.468229622,0.323539883
-0.162249222,0.459539503,0.322898924
-0.145135283,0.451038808,0.322157383
-0.127803132,0.44271037,0.32133317
-0.110146292,0.434757471,0.320378542
-0.092316061,0.427095294,0.319344044
-0.074355029,0.419675708,0.318244904
-0.056228228,0.412689298,0.317039698
-0.038066734,0.405871004,0.315787643
-0.01990862,0.398961455,0.314645827
-0.001838935,0.391712219,0.313750535
0.016240709,0.384846181,0.312755555
0.034287062,0.378360987,0.311668068
0.052271314,0.372272491,0.310488045
0.070155829,0.366563797,0.309216648
0.087909788,0.361231357,0.307854503
0.105497643,0.356203288,0.306398183
0.12288902,0.351438969,0.304846078
0.140070796,0.346903533,0.303196102
0.156999886,0.342516571,0.301444113
0.173643544,0.338208437,0.299583793
0.189973697,0.333915293,0.297607362
0.205950901,0.329556823,0.29550302
0.221553013,0.325096607,0.293259293
0.236762464,0.320481777,0.290863812
0.251562953,0.315716207,0.288315177
0.26593712,0.310858071,0.285620034
0.279867411,0.306011111,0.282789201
0.293334842,0.301314145,0.279833585
0.306318015,0.296922654,0.276762813
0.318794608,0.2929793,0.273583204
0.330746919,0.289584696,0.270299077
0.342142344,0.286921531,0.266918153
0.352927774,0.285223454,0.26345259
0.362684667,0.28525719,0.259889245
0.371728808,0.286571413,0.256291479
0.380043954,0.289192796,0.252677023
0.387440741,0.293457508,0.249060988
0.394187033,0.298892677,0.245448127
0.400379628,0.305307299,0.241840601
0.405832678,0.313055784,0.238247722
0.410093904,0.32287845,0.234686866
0.413509816,0.333945483,0.231137723
0.416080087,0.346042037,0.227588817
0.417809427,0.358935952,0.224028081
0.41870746,0.372394323,0.220443547
0.418947816,0.386138409,0.216830686
0.418486595,0.400026351,0.213176772
0.417349845,0.413962573,0.209477514
0.415444076,0.427809209,0.205717236
0.412811548,0.441534907,0.20189628
0.409458101,0.454879344,0.197995901
0.405410349,0.467558622,0.193996385
0.400699079,0.479371041,0.189892381
0.395330608,0.490076363,0.185684413
0.389124691,0.49918741,0.181358561
0.38241142,0.507193983,0.176973909
0.375186235,0.51406008,0.172539771
0.367474437,0.519849896,0.168067396
0.359391451,0.524833441,0.16357021
0.350906253,0.528966665,0.15904972
0.342006892,0.532256186,0.154508293
0.332704544,0.534784079,0.149950787
0.323002517,0.536579072,0.145378917
0.312494338,0.53703469,0.140802369
0.301814109,0.537240863,0.136238471
0.290808976,0.536982775,0.131701395
0.279353827,0.536135674,0.127237663
0.267592072,0.534907341,0.122838743
0.25556764,0.533356547,0.118499964
0.243329763,0.531545818,0.114212491
0.23088339,0.529485166,0.109979019
0.21825628,0.527203858,0.105788462
0.205405861,0.524627149,0.101625726
0.192354679,0.521784604,0.097489849
0.179145455,0.518686175,0.093337491
0.165769979,0.515326977,0.089177534
0.152279407,0.511698723,0.084961601
0.138659596,0.507804096,0.080704883
0.124955237,0.503640592,0.076381043
0.111178964,0.499210805,0.071987204
0.097381085,0.494541913,0.067533791
0.083592616,0.489634305,0.063018799
0.069865435,0.484464586,0.058471475
0.056190073,0.479052067,0.053891391
0.042636286,0.473467231,0.049347341
0.029197931,0.467722356,0.044832766
0.015920956,0.461906195,0.040391874
0.002824439,0.456154257,0.036027886
-0.010079555,0.450520456,0.031746238
-0.022768397,0.445100397,0.027552811
-0.035228949,0.439933449,0.023447979
-0.047394838,0.435201257,0.019452892
-0.059264477,0.430952817,0.015552195
-0.070825614,0.427109659,0.011739747
-0.082076594,0.423576653,0.008027291
-0.093004562,0.420265615,0.004437534
-0.103432335,0.417151272,0.001061682
-0.113506824,0.414088339,-0.002156917
-0.123250037,0.411044747,-0.005232212
-0.132574886,0.407982975,-0.008132712
-0.141611189,0.404829979,-0.010924133
-0.150276721,0.401537538,-0.013581884
-0.158497885,0.398040324,-0.016090563
-0.166275308,0.39430064,-0.018464992
-0.173585042,0.390342623,-0.020708583
-0.180405363,0.386175454,-0.022826064
-0.186727777,0.381798744,-0.024826266
-0.192537144,0.377256602,-0.026715146
-0.197819635,0.37259689,-0.028494259
-0.202567622,0.36787802,-0.030152693
-0.206786573,0.362844884,-0.031703271
-0.210470349,0.357825696,-0.033075251
-0.213624835,0.352857679,-0.034224316
-0.216259629,0.347957015,-0.035106316
-0.218385249,0.343140513,-0.035685729
-0.220015898,0.338432848,-0.035926681
-0.221160322,0.333856314,-0.035821024
-0.221827045,0.329452038,-0.035370864
-0.222019792,0.325253963,-0.034584954
-0.221742854,0.321299791,-0.033473581
-0.22099866,0.317630708,-0.032054678
-0.219787061,0.314258277,-0.030348003
-0.218109444,0.311193168,-0.028369145
-0.215894163,0.308499068,-0.026108148
-0.212940037,0.30630362,-0.023505406
-0.20957315,0.304276645,-0.020756602
-0.205769345,0.302350461,-0.017874513
-0.201528564,0.300449878,-0.01487541
-0.19684425,0.298487842,-0.011769431
-0.191864818,0.296446115,-0.008597479
-0.186536655,0.294489563,-0.005367198
-0.180798426,0.292402714,-0.002048997
-0.174635842,0.290095389,0.001372463
-0.168057755,0.287571967,0.004904489
-0.161068186,0.284820616,0.0085642
-0.1536742,0.281856388,0.012357447
-0.145881355,0.278685302,0.016292807
-0.137709662,0.275335997,0.020384246
-0.129160702,0.271810949,0.024632273
-0.120272532,0.268171042,0.029036146
-0.110933162,0.264395416,0.033621922
-0.101139031,0.260564387,0.038351949
-0.091188282,0.256723791,0.043106243
-0.08103653,0.252870202,0.047891684
-0.070633397,0.249061435,0.05267778
-0.060121,0.245310709,0.057451028
-0.049434483,0.241687417,0.062190808
-0.038631905,0.238267854,0.066885933
-0.027762925,0.234959051,0.071547329
-0.016774675,0.231812909,0.076102465
-0.005736145,0.228795096,0.080575176
0.005344901,0.225885972,0.084978387
0.016475456,0.223236069,0.08919467
0.027611863,0.220642254,0.093367502
0.038760372,0.218201056,0.097415112
0.0499059,0.215910673,0.1013202
0.061041754,0.213776141,0.105068155
0.07214573,0.211788133,0.108631507
0.083207183,0.209919214,0.112004124
0.094213329,0.208148167,0.115174621
0.105145179,0.206441656,0.118130155
0.115988024,0.204808608,0.120860144
0.126718238,0.203267843,0.123349577
0.137318119,0.201807335,0.125600085
0.147760779,0.20049946,0.12760897
0.158022985,0.199303448,0.129358321
0.168085828,0.198247507,0.130843803
0.177935317,0.197358757,0.132063568
0.187536016,0.196726397,0.133019477
0.196657434,0.196638718,0.133529708
0.205559209,0.19682391,0.13385734
0.214000627,0.197639987,0.133855
0.222184494,0.19884114,0.133680955
0.230102837,0.20044598,0.133333474
0.237592697,0.202721968,0.132717744
0.24483496,0.205377549,0.131953612
0.251709491,0.208591193,0.13097097
0.258195281,0.212381303,0.129763141
0.264270633,0.216748312,0.128326267
0.26992625,0.221676022,0.126660034
0.275148273,0.22713311,0.124764755
0.279921293,0.233050138,0.122643173
0.284242868,0.239404827,0.120296277
0.288101107,0.246121481,0.117727131
0.291486561,0.253106058,0.114939719
0.29438886,0.260250032,0.111939572
0.296805859,0.267505497,0.108731061
0.298734128,0.274783432,0.105323322
0.299728096,0.281809479,0.101575546
0.300320238,0.288574457,0.097714111
0.300512105,0.295056969,0.09374658
0.300100416,0.301022917,0.089650236
0.299040318,0.306290895,0.085469782
0.2976996,0.311256766,0.081252955
0.295737028,0.315450102,0.077006705
0.293505341,0.319308996,0.072747774
0.290679276,0.322526157,0.068509832
0.287596017,0.32546562,0.064281054
0.284021795,0.327990144,0.060094912
0.280235261,0.330335319,0.055927314
0.275846094,0.332303792,0.051830947
0.271264225,0.334208369,0.04776635
0.266134024,0.335947096,0.043794345
0.260678679,0.33760047,0.039890341
0.254915208,0.3391729,0.036050785
0.248720571,0.340612888,0.032325685
0.242280766,0.34197858,0.028678197
0.235413268,0.343215436,0.025185678
0.22820875,0.344354838,0.02184421
0.220773414,0.345424294,0.018613163
0.212830886,0.346322149,0.015659263
0.204824254,0.347196043,0.012747475
0.196338415,0.347888142,0.010145722
0.187795997,0.348550916,0.007586535
0.178829744,0.348992616,0.005340858
0.169815198,0.349397182,0.003137047
0.160437971,0.349523664,0.001241754
0.151046261,0.349639893,-0.000638422
0.141471863,0.349627316,-0.002339361
0.131773695,0.34952268,-0.003916024
0.12193206,0.349274188,-0.005323729
0.111955367,0.348930478,-0.006581523
0.101876616,0.348446339,-0.00768541
0.091688007,0.347817451,-0.008635038
0.081426471,0.346971899,-0.009425382
0.071080573,0.345933974,-0.010058392
0.060677387,0.344680309,-0.010535702
0.050223418,0.343206346,-0.010857165
0.039746121,0.341505051,-0.011016619
0.029259935,0.339570373,-0.011013101
0.018785136,0.33743611,-0.010840479
0.008339997,0.335105717,-0.010495947
-0.002055692,0.332638174,-0.009977098
-0.012379938,0.330053955,-0.009281886
-0.022591995,0.327384204,-0.008424383
-0.032703076,0.324678093,-0.00739333
-0.042661496,0.32189998,-0.006217364
-0.052480619,0.31900385,-0.00489644
-0.062112302,0.315928817,-0.003461651
-0.071568854,0.312689662,-0.001905461
-0.080795385,0.309209377,-0.00026744
-0.08975707,0.30547452,0.001478583
-0.098223761,0.301343054,0.003354214
-0.106545411,0.297146976,0.005244844
-0.114559211,0.292812854,0.007167733
-0.122231901,0.288419604,0.009095201
-0.129715085,0.284005284,0.011022119
-0.136741877,0.279621154,0.012927389
-0.143658116,0.275261521,0.014822872
-0.15029566,0.27096349,0.016694065
-0.156628624,0.2667813,0.018536553
-0.162651911,0.262732625,0.020350073
-0.168354809,0.258886963,0.022134762
-0.1737317,0.255256057,0.023889348
-0.178755715,0.251881868,0.025610713
-0.183104619,0.249122083,0.027260834
-0.187276006,0.246554434,0.02887778
-0.191104636,0.244365305,0.030421576
-0.194568038,0.242596567,0.031861395
-0.197381154,0.24154821,0.033054851
-0.200164899,0.240528703,0.034235079
-0.202260405,0.240191951,0.035107389
-0.204326242,0.239880353,0.035965715
-0.205696374,0.240163997,0.036498103
-0.207036704,0.240469724,0.037016515
-0.20767802,0.241298288,0.03720887
-0.208289415,0.242147267,0.037387233
-0.208197773,0.243479803,0.037238948
-0.208095729,0.244818866,0.037085533
-0.207625374,0.24639526,0.036753453
-0.20690605,0.248131886,0.03630073
-0.20582445,0.25009799,0.035677657
-0.204419419,0.252270252,0.034901157
-0.202692941,0.254663765,0.03396764
-0.200644165,0.257274389,0.03287819
-0.198266372,0.260140657,0.031627201
-0.195562109,0.263249874,0.030216618
-0.192541987,0.266626596,0.028647069
-0.189208284,0.270276427,0.026918383
-0.185572803,0.274241477,0.025017405
-0.18164134,0.27853784,0.022941349
-0.177424878,0.283180356,0.020668101
-0.172931463,0.288189322,0.018189093
-0.168171495,0.293542325,0.015489307
-0.163154095,0.299249619,0.012556704
-0.157890886,0.305268615,0.009401397
-0.152392298,0.311591357,0.006016383
-0.146684125,0.318149984,0.002454783
-0.140758395,0.324965835,-0.001299548
-0.13464725,0.331969649,-0.005175317
-0.128340542,0.339183301,-0.009195288
-0.121878929,0.346373796,-0.013285325
-0.115243793,0.353714019,-0.017478563
-0.108467579,0.361157537,-0.021731267
-0.101530001,0.368727207,-0.026062332
-0.094314404,0.376303703,-0.030501805
-0.087092414,0.383877516,-0.034943137
-0.079721265,0.391388744,-0.039426096
-0.072285101,0.398837596,-0.043909851
-0.064771637,0.40621233,-0.048394531
-0.057176642,0.413544029,-0.052866507
-0.049549207,0.420859605,-0.057324037
-0.041871343,0.428150922,-0.061750483
-0.034168746,0.435438186,-0.066123851
-0.026455211,0.442730606,-0.07046473
-0.018737491,0.450072169,-0.074730784
-0.011032198,0.457466036,-0.078939587
-0.003337562,0.464904845,-0.083099261
0.004309566,0.472467631,-0.087136894
0.011926559,0.480088174,-0.091112852
0.019496182,0.487796664,-0.094993904
0.02698851,0.49558863,-0.098739244
0.034435421,0.50342083,-0.102408059
0.04178619,0.511321783,-0.105920643
0.04904915,0.519261062,-0.109298028
0.056252386,0.527225077,-0.112583913
0.063299365,0.535217464,-0.115640469
0.07026466,0.543198287,-0.118583106
0.077130876,0.551164985,-0.121387564
0.083824515,0.559059322,-0.123964518
0.090439409,0.566913545,-0.126439273
0.096921384,0.574708879,-0.128745034
0.103257023,0.582395971,-0.130879492
0.109459549,0.589967728,-0.132862478
0.115475588,0.59737134,-0.134640664
0.121300645,0.604631186,-0.136219919
0.127005234,0.611786366,-0.137678012
0.132592261,0.618834257,-0.139019489
0.137932643,0.625634313,-0.140130773
0.143098548,0.632246077,-0.141099632
0.148096099,0.638679326,-0.141933516
0.152870521,0.644889355,-0.142599046
0.157441437,0.65091145,-0.143126905
0.161848232,0.656781852,-0.143549874
0.16605179,0.662463665,-0.143849641
0.169995561,0.667936146,-0.144003987
0.173785508,0.673287272,-0.144075394
0.177426219,0.678520739,-0.144067615
0.18079704,0.683511257,-0.143930241
0.183964655,0.68828398,-0.143702731
0.186933726,0.692834437,-0.143393159
0.189702913,0.697153509,-0.14300704
0.192239404,0.701195538,-0.142541513
0.19437778,0.704771221,-0.141980022
0.196467042,0.708290517,-0.141406998
0.198140517,0.711368024,-0.140785873
0.199762702,0.714392066,-0.140159115
0.200962707,0.716935575,-0.1395282
0.202110648,0.71942091,-0.138897046
0.202830747,0.72149688,-0.138291597
0.203498065,0.723523438,-0.137689576
0.203735501,0.725214481,-0.137149706
0.203919902,0.726865232,-0.13661775
0.203674361,0.728241742,-0.136189386
0.203375801,0.729585528,-0.135774046
0.20264861,0.730726004,-0.135502741
0.201868564,0.731842637,-0.135249436
0.200662568,0.732809007,-0.135175854
0.199404046,0.733758032,-0.135124639
0.197935909,0.734628856,-0.135175824
0.196288005,0.735432804,-0.135314852
0.194421008,0.736110806,-0.135581121
0.192342773,0.736670315,-0.135967657
0.189926147,0.737017334,-0.136552006
0.18730554,0.737312973,-0.137276739
0.184478939,0.737584412,-0.138151243
0.181443766,0.737851143,-0.139185011
0.178171501,0.738127887,-0.140409812
0.174516886,0.73843956,-0.141957417
0.170799345,0.738763332,-0.143559247
0.166698396,0.739153922,-0.145490468
0.162536845,0.739562511,-0.1474756
0.157999307,0.740205467,-0.149800792
0.153361529,0.741743386,-0.152261823
0.148376316,0.743395925,-0.155043736
0.143337622,0.745069921,-0.157876894
0.137972847,0.746867716,-0.161021382
0.132589355,0.748670161,-0.164184257
0.127020985,0.750506222,-0.167526722
0.121324196,0.752364516,-0.170995519
0.115460388,0.754238188,-0.174641475
0.109444678,0.756128073,-0.178445384
0.103285871,0.758020461,-0.182401672
0.096981622,0.759928763,-0.186511427
0.090539694,0.761927068,-0.190766424
0.083958082,0.763990998,-0.195168689
0.077246554,0.76615262,-0.199706763
0.070407204,0.768422127,-0.204377696
0.063445598,0.770856857,-0.20916903
0.056365855,0.773475468,-0.214074686
0.04917052,0.776271224,-0.219088703
0.041864857,0.779257476,-0.224202484
0.034459651,0.782348216,-0.229403108
0.026953077,0.785562992,-0.23469241
0.019364554,0.788798034,-0.240043566
0.011690712,0.792080641,-0.245459974
0.003964778,0.795315087,-0.250884712
-0.003822176,0.798534393,-0.256332248
-0.011641393,0.801719964,-0.261745542
-0.01950039,0.804880083,-0.267139435
-0.027372403,0.808028579,-0.272460312
-0.035263781,0.811164618,-0.277721345
-0.043143846,0.814325035,-0.282865256
-0.051009834,0.817522347,-0.287871361
-0.058778569,0.820641994,-0.292559415
-0.066506475,0.823636353,-0.297143489
-0.074170083,0.826687634,-0.301554739
-0.08167924,0.829787791,-0.305630177
-0.089059472,0.832881033,-0.309445322
-0.096335061,0.835965395,-0.313050658
-0.103463709,0.839037538,-0.316389591
-0.110462412,0.842099011,-0.319492936
-0.117283151,0.845174372,-0.322306901
-0.123946503,0.84826225,-0.324864924
-0.130408168,0.851394415,-0.327121586
-0.136691451,0.854565859,-0.329111725
-0.142876327,0.857757092,-0.330957681
-0.14886184,0.860987425,-0.332511455
-0.154663682,0.864256442,-0.333799809
-0.160243928,0.867574394,-0.334770948
-0.165610358,0.870944262,-0.335439742
-0.170750707,0.874374747,-0.335793763
-0.175656229,0.877876699,-0.335828155
-0.180311427,0.881465971,-0.335531294
-0.184717715,0.885141551,-0.334905386
-0.188862324,0.888917327,-0.33394286
-0.19273755,0.892787457,-0.332639873
-0.196330607,0.896828651,-0.330977231
-0.199633881,0.901035607,-0.328948915
-0.202637851,0.905298531,-0.32656005
-0.205332339,0.909587622,-0.323804259
-0.207707435,0.91384995,-0.32067433
-0.209755659,0.918061793,-0.317165494
-0.211471245,0.922190189,-0.313274533
-0.212848231,0.92621845,-0.30900684
-0.213883787,0.930144548,-0.304378718
-0.214572042,0.93395263,-0.299408525
-0.214912847,0.937648773,-0.294114381
-0.21490711,0.941254377,-0.288532168
-0.214555308,0.944793582,-0.282708734
-0.213856369,0.948265493,-0.2766487
-0.212809488,0.95168227,-0.270381868
-0.211414739,0.955045223,-0.263919115
-0.209671766,0.958362222,-0.257287532
-0.207260817,0.961532056,-0.250374287
-0.204485357,0.964603722,-0.24333103
-0.201418325,0.967618346,-0.236195445
-0.198093429,0.970582306,-0.228978246
-0.194228873,0.973448694,-0.221623421
-0.190165251,0.976001918,-0.214191288
-0.185693324,0.978379548,-0.206654668
-0.181059778,0.980732381,-0.199095085
-0.17600219,0.983021915,-0.19147478
-0.170796037,0.985264778,-0.183850691
-0.16520007,0.987386882,-0.176216125
-0.159470573,0.989434898,-0.16859439
-0.15339072,0.991290569,-0.161005706
-0.147263631,0.993116319,-0.153425813
-0.140916213,0.994807541,-0.145885587
-0.134409726,0.996402323,-0.138379514
-0.127713472,0.997885704,-0.130932689
-0.120845407,0.999257505,-0.123540893
-0.113825954,1.000495434,-0.116225652
-0.106653199,1.001591206,-0.108986653
-0.099350162,1.002481818,-0.101854384
-0.091911957,1.003184915,-0.094820179
-0.084361404,1.003660321,-0.087902881
-0.076706134,1.003888011,-0.081108302
-0.068970375,1.003791571,-0.074453898
-0.061167412,1.003345966,-0.067947321
-0.053315546,1.002534032,-0.061588034
-0.045435805,1.001338959,-0.055382654
-0.037550014,0.999825418,-0.049322963
-0.029655524,0.99799341,-0.043411501
-0.021776725,0.995934486,-0.037646297
-0.0139118,0.993635893,-0.032031383
-0.00608996,0.991185367,-0.026578676
0.001694586,0.988551319,-0.021288112
0.009420055,0.985746801,-0.016177021
0.017090484,0.982761085,-0.011242361
0.024681255,0.979565322,-0.006504675
0.032181378,0.976151288,-0.001969092
0.039566617,0.972507477,0.002358912
0.046761774,0.968493819,0.006381937
0.053695273,0.964017868,0.010068727
0.060543522,0.959541798,0.013644825
0.06717781,0.955336213,0.016926723
0.073630325,0.951005697,0.020042922
0.079883851,0.946468532,0.022967344
0.085851155,0.94165653,0.025649004
0.091681242,0.936712205,0.028214289
0.097308181,0.93159461,0.030619614
0.102738313,0.926309168,0.032871902
0.107886575,0.920784414,0.034940135
0.112780288,0.915043354,0.036840376
0.117404275,0.909073174,0.038581636
0.121744946,0.902820945,0.040167287
0.125774622,0.896202624,0.041606918
0.129498735,0.889225721,0.042905439
0.132909223,0.881854177,0.044074431
0.135996506,0.874018848,0.04512573
0.138752341,0.865667164,0.046070166
0.141178161,0.856797457,0.046907473
0.143270269,0.847386241,0.04764308
0.145035684,0.837489426,0.048269361
0.146478251,0.827140212,0.048786864
0.147604868,0.816396296,0.049193505
0.148420334,0.805270076,0.049496878
0.148928344,0.793779433,0.049700204
0.149135903,0.78196454,0.049824584
0.149043173,0.769827664,0.049870901
0.148662657,0.757460952,0.049878325
0.147993967,0.74486047,0.049841709
0.147051141,0.732123733,0.049789313
0.145643741,0.719191074,0.049720541
0.143958971,0.706185162,0.049655441
0.14197287,0.693111598,0.049602717
0.139842302,0.680005074,0.049555995
0.137333855,0.666846216,0.04954337
0.134740159,0.653676152,0.049540743
0.131762624,0.640470564,0.049599666
0.128675446,0.627255738,0.049684703
0.125301167,0.614018202,0.049837992
0.12184836,0.600778699,0.050013259
0.118202604,0.587535679,0.050242465
0.114391498,0.574280322,0.050525207
0.110384777,0.560961843,0.050882965
0.106171742,0.547079504,0.051360559
0.101795018,0.533181548,0.051906712
0.097257674,0.519261062,0.05252216
0.092569657,0.50530535,0.053210579
0.087732606,0.491318882,0.053969111
0.082761556,0.477297872,0.054795269
0.07766705,0.463250607,0.055682432
0.072471566,0.449197084,0.056615572
0.067184821,0.435145706,0.057588235
0.061817616,0.421115428,0.058588948
0.056387488,0.4071289,0.059604783
0.050916221,0.39322564,0.060616717
0.045415863,0.379429013,0.061616022
0.039896227,0.365771353,0.062596515
0.034379717,0.352286935,0.063549265
0.02888177,0.338912666,0.064484343
0.023403328,0.325652629,0.065413795
0.017949678,0.312619328,0.066345595
0.012525359,0.29982993,0.067281015
0.007142844,0.287323713,0.068232588
0.00180325,0.275098741,0.069196559
-0.003483716,0.26317817,0.070176102
-0.00871361,0.251565933,0.071165308
-0.013874047,0.240282506,0.072158292
-0.018966135,0.229320422,0.073153257
-0.023978451,0.218685299,0.074139416
-0.028905515,0.208369419,0.075106479
-0.033736151,0.198354006,0.076031968
-0.038464531,0.188631788,0.076906152
-0.043085285,0.179185107,0.077715792
-0.047591012,0.169996828,0.078443997
-0.051975138,0.161038756,0.079069585
-0.056232318,0.152294889,0.079578631
-0.060359199,0.143746868,0.079957671
-0.064349435,0.135372758,0.080184326
-0.068201609,0.127166837,0.080248021
-0.071904093,0.119304709,0.080127813
-0.075439021,0.112031855,0.079785846
-0.078830786,0.104931571,0.079262815
-0.082078047,0.098007113,0.078554668
-0.085180871,0.091263629,0.077658102
-0.088139392,0.08470159,0.076573886
-0.090955205,0.078334279,0.075310498
-0.093628824,0.072159179,0.073868059
-0.096163981,0.066182338,0.072256356
-0.098560788,0.060402595,0.070475847
-0.100822881,0.054822158,0.068536602
-0.10295473,0.049439132,0.066449054
-0.104960315,0.044251125,0.064221673
-0.106809489,0.039303295,0.061826713
-0.108511902,0.034567546,0.059276007
-0.110089496,0.029996008,0.056594841
-0.111543573,0.025571624,0.053783335
-0.112870932,0.021263244,0.050837092
-0.114073195,0.01696986,0.047767136
-0.115157776,0.012627359,0.044585399
-0.116137907,0.008348233,0.041284993
-0.116981886,0.004137394,0.037823725
-0.117712356,-3.69E-05,0.034222763
-0.118273281,-0.004212787,0.030420557
-0.118745208,-0.008393508,0.026512822
-0.119102582,-0.012569164,0.022473857
-0.119389877,-0.01674108,0.01835423
-0.119530655,-0.020861423,0.014084036
-0.11963696,-0.024969196,0.009777987
-0.119609252,-0.029077532,0.005347834
-0.119557947,-0.033178531,0.000896902
-0.119421311,-0.037257653,-0.00362703
-0.119225554,-0.041306831,-0.008192861
-0.118992262,-0.045335237,-0.012784255
-0.118690588,-0.049316652,-0.017408056
-0.118360713,-0.053271309,-0.022034135
-0.118002988,-0.057199549,-0.026662461
-0.117623895,-0.061053049,-0.031288877
-0.117224649,-0.064824022,-0.035915125
-0.116816908,-0.068557419,-0.040518343
-0.116398975,-0.072254933,-0.045102447
-0.115984417,-0.075923868,-0.049651146
-0.115570173,-0.079562753,-0.054168187
-0.115166187,-0.083180048,-0.058638133
-0.114770114,-0.086773887,-0.063064545
-0.114385672,-0.090344921,-0.067440987
-0.114014313,-0.093893565,-0.071764968
-0.113654733,-0.097404927,-0.076035678
-0.113307752,-0.100874238,-0.080250636
-0.112970427,-0.10428416,-0.084411047
-0.112642042,-0.107624359,-0.088515885
-0.112317875,-0.110875838,-0.092566632
-0.111995541,-0.114024341,-0.096563414
-0.111670576,-0.117063619,-0.100504272
-0.111339599,-0.11998155,-0.104388766
-0.110993475,-0.12278045,-0.108207308
-0.110634364,-0.125460356,-0.11196205
-0.110250287,-0.12802799,-0.115632042
-0.109843925,-0.130481869,-0.11922197
-0.109404907,-0.132804707,-0.12271063
-0.108935617,-0.135000303,-0.126102895
-0.108426951,-0.137036115,-0.129373983
-0.107880995,-0.138919532,-0.132529557
-0.107292473,-0.14062047,-0.135543898
-0.106662631,-0.142145932,-0.138422921
-0.105990328,-0.143485442,-0.141150728
-0.105275065,-0.144634917,-0.143721387
-0.104519077,-0.145612225,-0.146123812
-0.103722721,-0.146419927,-0.148348927
-0.102890864,-0.147098601,-0.15038614
-0.102013558,-0.147492364,-0.15225333
-0.101102561,-0.14773199,-0.15394704
-0.10016121,-0.147887424,-0.155457944
-0.099193379,-0.147995353,-0.156795233
-0.098198138,-0.148047149,-0.157956868
-0.097176351,-0.148060009,-0.158959076
-0.096127793,-0.148029834,-0.15979819
-0.095049113,-0.147956565,-0.160493076
-0.093941048,-0.147840083,-0.161039427
-0.092796512,-0.147675052,-0.161456689
-0.091617092,-0.147462666,-0.161740407
-0.090392783,-0.147199497,-0.161908716
-0.089125857,-0.146886393,-0.161957428
-0.087804139,-0.146518886,-0.161901727
-0.086439602,-0.14591305,-0.161756337
-0.085022494,-0.144984826,-0.161539808
-0.083542645,-0.144002631,-0.161223263
-0.081988148,-0.142957211,-0.160817191
-0.080361754,-0.141850695,-0.160319149
-0.078653678,-0.140677154,-0.159737825
-0.076866202,-0.139437973,-0.159071192
-0.07499291,-0.138129056,-0.158326969
-0.073035315,-0.136751369,-0.157503381
-0.070991196,-0.135301411,-0.156608716
-0.068861112,-0.133780017,-0.155641079
-0.066647701,-0.132193536,-0.154611558
-0.064350419,-0.130540639,-0.153517649
-0.061976869,-0.12884818,-0.152374119
-0.059525378,-0.127110213,-0.151177615
-0.057008084,-0.125375271,-0.149945483
-0.054422256,-0.123632409,-0.148673773
-0.051783659,-0.121943958,-0.147380233
-0.049088717,-0.120295726,-0.146060809
-0.046355743,-0.11875046,-0.14473246
-0.043580562,-0.117293738,-0.143391266
-0.040783081,-0.115976743,-0.142053142
-0.037958745,-0.114787549,-0.140714407
-0.035127744,-0.113760434,-0.139389634
-0.032285437,-0.112887278,-0.138075456
-0.029451115,-0.112183318,-0.136783853
-0.026620323,-0.11164479,-0.135512039
-0.023810454,-0.111272238,-0.134268641
-0.021017484,-0.111065321,-0.133051649
-0.018256713,-0.11101608,-0.131866738
-0.015524587,-0.111126184,-0.130712554
-0.012834327,-0.111384042,-0.129592374
-0.010182858,-0.111792244,-0.128505394
-0.007577277,-0.112343766,-0.127452478
-0.005020263,-0.113035984,-0.126433983
-0.002517082,-0.113859236,-0.125448644
-7.19E-05,-0.114807881,-0.124496311
0.002313317,-0.11587327,-0.123575181
0.004635077,-0.117048219,-0.122684427
0.006891361,-0.118309133,-0.12182074
0.009079339,-0.119642943,-0.120982312
0.011197891,-0.121030539,-0.120166101
0.013244889,-0.1224555,-0.119369686
0.01521869,-0.123904601,-0.118589491
0.017132785,-0.125667781,-0.117792271
0.018976312,-0.127623215,-0.116983354
0.020741293,-0.129589811,-0.116182417
0.022419542,-0.131631002,-0.115378387
0.024012903,-0.133732811,-0.114573732
0.025511732,-0.135934383,-0.113760248
0.026918251,-0.138226524,-0.112939842
0.028219851,-0.140633911,-0.112104885
0.02941942,-0.143150762,-0.111257128
0.030508304,-0.145779341,-0.110392533
0.031483304,-0.148520902,-0.109509557
0.03233581,-0.151365772,-0.108602941
0.033060007,-0.154311687,-0.107669502
0.033651549,-0.157346949,-0.106706411
0.034104753,-0.160465136,-0.10571032
0.034414712,-0.163653985,-0.104676425
0.034576144,-0.16690436,-0.103600912
0.034585677,-0.170203105,-0.102481
0.03443874,-0.173539281,-0.101313122
0.034130335,-0.176873654,-0.100095235
0.033661764,-0.180215463,-0.098827943
0.033031035,-0.183512151,-0.097510658
0.032238629,-0.186775684,-0.096143514
0.031286709,-0.189954624,-0.094725765
0.030174838,-0.19306092,-0.093257591
0.028911067,-0.196044549,-0.09173692
0.02749363,-0.198917136,-0.090164244
0.025745369,-0.201413989,-0.088456683
0.023978889,-0.203888431,-0.086741395
0.022018785,-0.206088543,-0.08491189
0.02001939,-0.208229721,-0.083056584
0.01785367,-0.210108191,-0.081085078
0.015634498,-0.211894453,-0.079075679
0.013307168,-0.213493034,-0.076989457
0.010903267,-0.214945361,-0.074852198
0.00843179,-0.216268927,-0.072669923
0.00586538,-0.217399493,-0.070430681
0.003264178,-0.218460366,-0.068170682
0.000545146,-0.219257042,-0.065846376
-0.002182425,-0.220036119,-0.063517608
-0.005029134,-0.220606819,-0.061128139
-0.007884474,-0.221164227,-0.058734499
-0.010855274,-0.221498102,-0.056288052
-0.013834431,-0.221817717,-0.053838037
-0.016927343,-0.221905664,-0.051338781
-0.020028487,-0.221978888,-0.048836235
-0.023187254,-0.221923247,-0.046310961
-0.026391011,-0.221767575,-0.043768018
-0.029655863,-0.221504241,-0.041205563
-0.032977674,-0.221136466,-0.038624261
-0.03635497,-0.220689341,-0.036028735
-0.039787866,-0.220157713,-0.033418022
-0.043270987,-0.219530448,-0.030800564
-0.046805516,-0.218809888,-0.028174486
-0.050416328,-0.217971087,-0.025542358
-0.054061696,-0.217039868,-0.022913653
-0.057738148,-0.215996489,-0.020289106
-0.061444245,-0.214773804,-0.017675139
-0.065170586,-0.2133881,-0.015072829
-0.068896092,-0.211885452,-0.012490432
-0.072620541,-0.21022296,-0.009934873
-0.076325126,-0.208439395,-0.007411599
-0.080002837,-0.206490308,-0.004931939
-0.083643101,-0.204432279,-0.002492643
-0.087232649,-0.202225119,-0.00010791
-0.090770908,-0.199937508,0.002231741
-0.094239652,-0.197539344,0.004510436
-0.097683713,-0.195117936,0.006767495
-0.101060472,-0.192625299,0.008966238
-0.104377329,-0.190071017,0.011117405
-0.107613206,-0.187433511,0.013210475
-0.110774539,-0.184733272,0.015249993
-0.113855772,-0.181988686,0.017235501
-0.116854541,-0.179192841,0.019169541
-0.119762316,-0.176348299,0.021056183
-0.122581936,-0.173460007,0.022894846
-0.125310406,-0.170545086,0.024689157
-0.127946675,-0.167614654,0.026439121
-0.13048844,-0.164695993,0.028143935
-0.132933885,-0.161802143,0.029799039
-0.135280579,-0.158950821,0.031389106
-0.137523502,-0.156159207,0.032898273
-0.139656946,-0.153430521,0.034303587
-0.14167808,-0.150758728,0.035604373
-0.143577322,-0.148137391,0.036780525
-0.14535144,-0.145564944,0.037836611
-0.14698717,-0.143033519,0.038764533
-0.148483247,-0.140555754,0.039574396
-0.149826914,-0.138147399,0.040277336
-0.150911763,-0.135855153,0.040807266
-0.151801974,-0.133657247,0.041221831
-0.152531952,-0.131573692,0.041535702
-0.153106675,-0.129613101,0.04174947
-0.153374612,-0.127930567,0.041757435
-0.153582484,-0.12631616,0.041725278
-0.153478548,-0.125038564,0.041485876
-0.153324202,-0.123838738,0.041213341
-0.152908519,-0.12302658,0.040769998
-0.152469382,-0.122258134,0.040312987
-0.151832759,-0.121832065,0.039742559
-0.151015446,-0.121703692,0.039077256
-0.149892807,-0.122020274,0.038283233
-0.148731932,-0.122396015,0.037472513
-0.147373393,-0.123063795,0.036576435
-0.145810917,-0.124020331,0.035576411
-0.144137502,-0.125135317,0.034519777
-0.142257288,-0.126534507,0.033339154
-0.140264571,-0.128089592,0.032091055
-0.138067141,-0.129910201,0.030707287
-0.135756597,-0.131799549,0.029259512
-0.133352414,-0.133760229,0.02775351
-0.130809963,-0.135926574,0.026147392
-0.128134593,-0.138278827,0.024453811
-0.125313401,-0.140829846,0.022667857
-0.122277923,-0.143644348,0.020747518
-0.119115956,-0.146567792,0.018766476
-0.115830757,-0.149522856,0.016739709
-0.112355702,-0.152329355,0.014621544
-0.108740389,-0.155132636,0.012429356
-0.104956858,-0.157917634,0.010133974
-0.101081073,-0.160692737,0.007780904
-0.097063415,-0.163465589,0.005337892
-0.09295743,-0.166237906,0.002838858
-0.088678509,-0.169022992,0.00024463
-0.084357083,-0.171816051,-0.002372204
-0.079850517,-0.174557999,-0.005073589
-0.075329095,-0.17730011,-0.007781299
-0.070714839,-0.180031747,-0.010527713
-0.06603051,-0.182750523,-0.013299597
-0.061257776,-0.185426176,-0.016085083
-0.056405287,-0.188063845,-0.018885801
-0.051481083,-0.19063054,-0.021686569
-0.046483614,-0.193116412,-0.024489522
-0.041420806,-0.195405826,-0.027275501
-0.03629059,-0.197533876,-0.030050315
-0.031099772,-0.199434191,-0.032802731
-0.025850397,-0.201086104,-0.035531539
-0.020549797,-0.202412233,-0.038239695
-0.015203441,-0.203375086,-0.040927969
-0.009821661,-0.203960076,-0.043615922
-0.004403738,-0.204173952,-0.046298966
0.001033095,-0.204016849,-0.048991963
0.006490909,-0.203491956,-0.051688004
0.011946327,-0.202616468,-0.054380894
0.017398052,-0.201391041,-0.057065435
0.022826198,-0.199829921,-0.059726939
0.028221482,-0.1979357,-0.062355097
0.033571761,-0.19571425,-0.064938508
0.038861301,-0.193173513,-0.067464717
0.044085432,-0.190305516,-0.069930159
0.049103193,-0.186763987,-0.072237208
0.054084346,-0.183142915,-0.074521944
0.058932904,-0.179231837,-0.076724686
0.063592553,-0.175019413,-0.078814514
0.068083629,-0.170583472,-0.080803029
0.072407022,-0.165939242,-0.082690582
0.076591663,-0.161150619,-0.08449021
0.080595374,-0.156173468,-0.086175025
0.08438731,-0.15098989,-0.087722592
0.088057056,-0.14568755,-0.089191183
0.091436341,-0.140122145,-0.090481848
0.094745435,-0.134494543,-0.091730691
0.097701393,-0.128568992,-0.09278556
0.100622348,-0.122614332,-0.093823269
0.103337765,-0.116484888,-0.094757639
0.105898693,-0.110347971,-0.095598198
0.108241156,-0.10417337,-0.096312918
0.110379428,-0.097829357,-0.096929282
0.112298854,-0.091313988,-0.097447023
0.114000417,-0.084631905,-0.097866222
0.115462229,-0.077801079,-0.098186828
0.116690807,-0.07081788,-0.098409139
0.117673159,-0.063704081,-0.098535031
0.11840447,-0.05646931,-0.098565057
0.118865572,-0.04915569,-0.098501064
0.119048074,-0.041778799,-0.098343559
0.118940182,-0.034359068,-0.098090567
0.118530013,-0.026922196,-0.097741239
0.117802665,-0.019510664,-0.097286277
0.116746783,-0.012147898,-0.096723154
0.115354694,-0.004846673,-0.096044496
0.113617621,0.002369103,-0.095243938
0.111544468,0.009495748,-0.094305247
0.109130375,0.016505526,-0.093219228
0.106382847,0.023353361,-0.091975376
0.103303127,0.030045653,-0.090578869
0.099910274,0.036528736,-0.089033522
0.09620332,0.042788066,-0.087348677
0.092189185,0.048781324,-0.085539073
0.087868921,0.054468811,-0.08363086
0.083242632,0.059836101,-0.081652202
0.0783097,0.064878523,-0.079614721
0.073071145,0.069601268,-0.077532716
0.067530565,0.074021518,-0.075421482
0.061692473,0.078156352,-0.073280998
0.055565801,0.082040854,-0.071118131
0.049157012,0.08569479,-0.068932429
0.042483956,0.089178629,-0.066728465
0.035552811,0.092506357,-0.064506166
0.028387876,0.095748387,-0.062268954
0.02098801,0.098896578,-0.060016971
0.01338086,0.102017447,-0.057754926
0.00557793,0.105133362,-0.055485759
-0.002395269,0.108290926,-0.053216472
-0.010521827,0.111519277,-0.050951131
-0.018780788,0.114840269,-0.048695941
-0.027150759,0.118280515,-0.046456277
-0.035606463,0.12184944,-0.044238694
-0.044125292,0.125560179,-0.042048793
-0.052681051,0.129399881,-0.039892435
-0.061236989,0.133357093,-0.037778929
-0.069766171,0.137392789,-0.03571514
-0.078263626,0.141469002,-0.033704594
-0.086697876,0.145491675,-0.031759035
-0.095067643,0.149447024,-0.029882926
-0.103346325,0.153238565,-0.028092895
-0.111534186,0.156874597,-0.0263895
-0.119610995,0.160293981,-0.024786588
-0.127580091,0.163520709,-0.023279261
-0.135425076,0.166542977,-0.021871617
-0.143140763,0.16935052,-0.020558169
-0.150716648,0.171917647,-0.019323003
-0.158138841,0.174186215,-0.018154513
-0.165396556,0.176073492,-0.017036304
-0.172478542,0.177530378,-0.01597161
-0.179373696,0.178499058,-0.014957559
-0.186050117,0.178888962,-0.014017458
-0.192503706,0.178718045,-0.013158946
-0.198704079,0.177960619,-0.012411938
-0.204637006,0.176646009,-0.011788403
-0.210293427,0.174772128,-0.011295438
-0.215603143,0.172279745,-0.010976042
-0.220456362,0.169129714,-0.010862017
-0.224964082,0.165543362,-0.010870948
-0.22886537,0.161321476,-0.011019383
-0.232534394,0.156863853,-0.011217227
-0.235655516,0.151823759,-0.01148362
-0.238534778,0.146527246,-0.011780315
-0.240957141,0.140865937,-0.012120927
-0.243139967,0.135020375,-0.012482739
-0.244679376,0.128768712,-0.012874993
-0.245909601,0.122338094,-0.013268529
-0.24670817,0.115657091,-0.013663818
-0.24699086,0.108700097,-0.014054528
-0.247034118,0.101617247,-0.014441877
-0.246508956,0.094239458,-0.014816778
-0.245852172,0.08681602,-0.015188747
-0.244881451,0.079281792,-0.01555379
-0.24355498,0.071637362,-0.015910381
-0.241864309,0.063876376,-0.016257551
-0.239785612,0.055969656,-0.016590802
-0.237325832,0.04790407,-0.016909456
-0.234472871,0.039490797,-0.017193394
-0.231242299,0.030867694,-0.017455947
-0.227639169,0.022082608,-0.017700313
-0.223677099,0.013166947,-0.017922619
-0.219365507,0.00401188,-0.018137032
-0.214699075,-0.005254372,-0.018326264
-0.209425956,-0.014262911,-0.018425597
-0.203993723,-0.023071986,-0.018480221
-0.198320299,-0.031579364,-0.018467201
-0.192388535,-0.039617028,-0.018340115
-0.186339691,-0.047424138,-0.018154157
-0.18003571,-0.054643329,-0.01780425
-0.173677161,-0.061723948,-0.017407877
-0.167181224,-0.068457313,-0.016894808
-0.160549924,-0.074860044,-0.016250856
-0.153783053,-0.080932327,-0.015471437
-0.146893382,-0.086704835,-0.014548711
-0.139879271,-0.092175268,-0.013481426
-0.132741854,-0.097348385,-0.012264686
-0.12548767,-0.102242395,-0.010897484
-0.11812254,-0.106874101,-0.009377303
-0.110653259,-0.111252427,-0.007700024
-0.103088193,-0.115392558,-0.005861047
-0.095437422,-0.119311422,-0.003853144
-0.087713256,-0.123030156,-0.001668154
-0.079918802,-0.126554623,0.000696398
-0.07207074,-0.12991412,0.003252261
-0.064181857,-0.133132055,0.00600499
-0.05627355,-0.136247531,0.008963888
-0.048356947,-0.139284119,0.012132946
-0.040444631,-0.142270654,0.015514598
-0.032554056,-0.145236313,0.019108992
-0.024703909,-0.148210779,0.022911038
-0.016908206,-0.151215866,0.026918555
-0.009180994,-0.154268757,0.031124538
-0.001541039,-0.157377884,0.035524592
0.005991371,-0.160537735,0.040111668
0.013385208,-0.163744137,0.044880405
0.02062746,-0.166982844,0.049830083
0.027694512,-0.170224965,0.054959908
0.034559511,-0.173440218,0.06026854
0.041210763,-0.176618025,0.065750152
0.04762606,-0.179735512,0.071399279
0.053793516,-0.182780534,0.077208035
0.059692923,-0.185732335,0.083167329
0.065019146,-0.188404694,0.089367524
0.07005018,-0.190910786,0.095665991
0.074779071,-0.193227381,0.102046065
0.079278737,-0.195400685,0.108488031
0.083213359,-0.197196588,0.115055338
0.086918861,-0.198847592,0.121666342
0.090203136,-0.200233012,0.128355414
0.09327703,-0.201477423,0.135067582
0.095895357,-0.202414304,0.141829967
0.098307855,-0.203198791,0.148597464
0.100274615,-0.203650936,0.15537636
0.102041781,-0.20393984,0.1621456
0.103376649,-0.203872874,0.16889438
0.104635566,-0.20373939,0.175636441
0.105591826,-0.203334764,0.182353228
0.106313996,-0.202728406,0.189046621
0.106726423,-0.201874286,0.195699438
0.106862791,-0.200799435,0.202317551
0.106728129,-0.199497774,0.208894059
0.106315337,-0.19794406,0.215421855
0.105616063,-0.196173757,0.221884534
0.104636393,-0.194180802,0.228285715
0.103384033,-0.191990688,0.234616101
0.101858355,-0.189616024,0.240874603
0.10006699,-0.187125474,0.247046724
0.098011546,-0.1844901,0.253133863
0.095706113,-0.181708857,0.259122431
0.0930112,-0.178700045,0.264952511
0.089941271,-0.175510883,0.270603031
0.086770333,-0.172398046,0.276170939
0.083372585,-0.169077784,0.281607211
0.079733029,-0.165504009,0.286875039
0.075966105,-0.161792919,0.29204753
0.071968369,-0.157811776,0.297022194
0.06783691,-0.153662205,0.301852494
0.06359569,-0.149374589,0.306563944
0.059147902,-0.144818515,0.311000109
0.054623134,-0.140165418,0.315310091
0.049981948,-0.135365322,0.319426119
0.045220252,-0.130433217,0.323290855
0.040401679,-0.125448704,0.327021539
0.035484772,-0.120401248,0.330487698
0.030520642,-0.115424901,0.333779186
0.025521958,-0.110446125,0.336945325
0.020461012,-0.105513595,0.339794159
0.015387388,-0.100640312,0.342503995
0.010296397,-0.095846452,0.345026344
0.005210226,-0.091260739,0.347263813
0.000133843,-0.086792454,0.349370807
-0.004916442,-0.08255551,0.35125187
-0.009926234,-0.078553788,0.352931201
-0.014908864,-0.074702159,0.354484379
-0.019811848,-0.071219675,0.355756104
-0.02466925,-0.067910135,0.356894314
-0.029477265,-0.064788036,0.357887775
-0.034174323,-0.062034816,0.35862267
-0.038815372,-0.05945427,0.359242201
-0.043358762,-0.05716766,0.359669179
-0.04778064,-0.055221733,0.359889209
-0.052132875,-0.05346898,0.359993547
-0.056340262,-0.052109133,0.35987249
-0.060452878,-0.050994996,0.359611511
-0.064482786,-0.050095189,0.359228343
-0.068337388,-0.049636312,0.35860604
-0.072113127,-0.049370699,0.357883662
-0.075764932,-0.049407911,0.357006043
-0.079265393,-0.049801666,0.355957031
-0.082683824,-0.050384514,0.354819477
-0.085936576,-0.051339615,0.353514969
-0.089068577,-0.052551556,0.352103263
-0.092116065,-0.053943064,0.350616395
-0.094955951,-0.055751294,0.348968595
-0.09770938,-0.057722628,0.347261816
-0.100338914,-0.059927836,0.345470846
-0.102794848,-0.062439814,0.343576998
-0.105163664,-0.065101959,0.341635287
-0.10736993,-0.068039723,0.339610368
-0.109512463,-0.071104668,0.337550074
-0.111546956,-0.074385688,0.335430115
-0.113469832,-0.07789629,0.333258539
-0.11526908,-0.081663825,0.331033945
-0.116945237,-0.085625269,0.3287673
-0.118493684,-0.089747041,0.326467454
-0.119914643,-0.093982883,0.324152768
-0.121193863,-0.09825106,0.321850479
-0.1223187,-0.10244526,0.319578737
-0.123279043,-0.106502116,0.317317575
-0.12413653,-0.110466167,0.315052927
-0.124809541,-0.114307076,0.312748849
-0.125382885,-0.118109763,0.310416102
-0.125856847,-0.121876419,0.308054864
-0.126132682,-0.125155345,0.30560413
-0.126308113,-0.128359601,0.303140193
-0.126393542,-0.131551623,0.300673753
-0.126333222,-0.134728417,0.298230082
-0.126178429,-0.137898967,0.295822859
-0.125958264,-0.141068593,0.2934421
-0.125651315,-0.144267187,0.291108638
-0.125273556,-0.147492245,0.288816243
-0.12480817,-0.150772125,0.286594927
-0.124262303,-0.154097438,0.284436166
-0.123643458,-0.157476529,0.282360137
-0.122949913,-0.160903975,0.280360669
-0.122190006,-0.164360896,0.27844733
-0.121361323,-0.167849958,0.27661556
-0.120469056,-0.171336576,0.274857312
-0.119511373,-0.174828485,0.273172617
-0.118488871,-0.178285256,0.271538377
-0.117377885,-0.181685597,0.269965053
-0.116111152,-0.184879377,0.268426508
-0.114819564,-0.188040391,0.266883373
-0.113387838,-0.190920353,0.265304506
-0.111889333,-0.1936481,0.263701558
-0.110275812,-0.196154118,0.262061656
-0.108545005,-0.198367938,0.260388762
-0.106725462,-0.200360864,0.258690894
-0.104751647,-0.201915309,0.256954223
-0.102733359,-0.203343973,0.255206257
-0.100505352,-0.204113066,0.253406465
-0.098273806,-0.204871863,0.25160563
-0.095822789,-0.204907909,0.249742448
-0.093368098,-0.204932675,0.247878075
-0.090694271,-0.204292864,0.245918542
-0.088066667,-0.203352571,0.244110584
-0.085473917,-0.201282367,0.242684439
-0.082801655,-0.199033558,0.241203725
-0.080017224,-0.196553826,0.239620835
-0.07713107,-0.193860143,0.237950698
-0.074142814,-0.190963432,0.236168072
-0.071052708,-0.187860504,0.234280914
-0.067856997,-0.184610397,0.2322568
-0.064556867,-0.181194857,0.230105788
-0.061153483,-0.177642852,0.227813438
-0.05764712,-0.173961207,0.225376323
-0.054035835,-0.170202643,0.222776338
-0.050319538,-0.16638875,0.220004588
-0.046493072,-0.162579298,0.217033148
-0.042558044,-0.158755437,0.213870779
-0.038329959,-0.154615656,0.210149169
-0.034081701,-0.150160015,0.206384584
-0.029637713,-0.14594467,0.202226967
-0.025190655,-0.141733378,0.198062792
-0.020561665,-0.137734234,0.193521261
-0.015929833,-0.133738592,0.188973427
-0.011148521,-0.129907742,0.184096679
-0.00633859,-0.126108944,0.179153726
-0.001412095,-0.122440487,0.173941404
0.0035592,-0.118842155,0.168619588
0.008602448,-0.115356348,0.163122207
0.013702849,-0.112010032,0.157472566
0.018843932,-0.108762957,0.151714429
0.024017183,-0.105606578,0.145859763
0.029227648,-0.102555066,0.139893502
0.034481611,-0.099626794,0.133792922
0.039780166,-0.096824825,0.127554387
0.045113653,-0.094175458,0.121188588
0.050481379,-0.091681622,0.114695892
0.055873457,-0.089402765,0.108082972
0.061288852,-0.08734487,0.101350538
0.066722311,-0.085527539,0.094503261
0.072168492,-0.083973743,0.087545551
0.077614136,-0.082726054,0.080487534
0.083047636,-0.081823818,0.073338225
0.088442869,-0.081307963,0.066112727
0.093799457,-0.081175059,0.058810864
0.098978184,-0.081982523,0.051406261
0.104113713,-0.082984686,0.04398647
0.109040596,-0.084617913,0.036564428
0.113909975,-0.086424179,0.029141786
0.118521906,-0.088835873,0.021766016
0.123062909,-0.091413476,0.014403194
0.127311125,-0.09452685,0.007130177
0.131478682,-0.097786911,-0.000118057
0.135327548,-0.101508476,-0.007239008
0.139088631,-0.105356216,-0.014324844
0.142511278,-0.109584108,-0.021252612
0.145841122,-0.113893285,-0.028134141
0.148817003,-0.11851456,-0.034818854
0.151695237,-0.12323042,-0.041450419
0.154207021,-0.128258675,-0.047852557
0.156617895,-0.133371934,-0.054191433
0.158851966,-0.138622865,-0.060411513
0.160892829,-0.144024402,-0.066501759
0.162710845,-0.14959538,-0.072435431
0.164300382,-0.155339837,-0.078208074
0.165664732,-0.161252692,-0.083815619
0.166803226,-0.167334199,-0.089256898
0.167699501,-0.17359218,-0.094512381
0.168351963,-0.18002741,-0.099580057
0.168763578,-0.186551139,-0.10446173
0.168958634,-0.192624286,-0.109207675
0.168895945,-0.198867828,-0.113744505
0.168566719,-0.205288321,-0.11806149
0.167960793,-0.211883843,-0.122149825
0.167067826,-0.218654856,-0.125999719
0.165879115,-0.22559233,-0.129605174
0.164385289,-0.232689217,-0.132959202
0.162582099,-0.239930257,-0.136059463
0.160463959,-0.247301608,-0.138902575
0.158030927,-0.25476563,-0.141488194
0.155284479,-0.262321264,-0.143817261
0.152229369,-0.269935757,-0.145891026
0.148866102,-0.277605534,-0.147709653
0.145201385,-0.285292089,-0.149273857
0.141235903,-0.292991281,-0.150583714
0.136980429,-0.300662518,-0.151641384
0.132436097,-0.308301359,-0.152447045
0.127295613,-0.315717757,-0.152719975
0.122039884,-0.323075831,-0.152888298
0.116507433,-0.330278933,-0.152786702
0.110679105,-0.336484015,-0.152059332
0.104601339,-0.342527092,-0.151051641
0.098375194,-0.348490179,-0.149868295
0.092050172,-0.354399711,-0.148567602
0.085606866,-0.36025247,-0.147103101
0.079072416,-0.36606127,-0.14551203
0.072439,-0.371822536,-0.143751115
0.065709539,-0.377537578,-0.141834974
0.058920324,-0.383212715,-0.139776796
0.052059494,-0.388845772,-0.137572303
0.045168642,-0.394418687,-0.135243282
0.038233981,-0.39993751,-0.132782504
0.031283844,-0.405386746,-0.130204737
0.024323978,-0.410763025,-0.127512932
0.017380664,-0.415998578,-0.124719277
0.010472327,-0.420997888,-0.121839583
0.003624105,-0.425773472,-0.118870854
-0.003173519,-0.430347145,-0.115811139
-0.009878748,-0.434611946,-0.112669468
-0.016505336,-0.438603431,-0.109442919
-0.023016622,-0.442265302,-0.106146149
-0.029424621,-0.445616335,-0.102774456
-0.035690349,-0.448630065,-0.099354587
-0.04182674,-0.451315403,-0.095877707
-0.047808617,-0.453667104,-0.092367671
-0.053630877,-0.455684185,-0.088829361
-0.059270911,-0.457374752,-0.085292913
-0.06471616,-0.458738834,-0.081771962
-0.069956377,-0.459788084,-0.078282371
-0.074977443,-0.460526586,-0.074841544
-0.079765163,-0.460981131,-0.071466118
-0.084306225,-0.461161822,-0.068172969
-0.088592067,-0.461093754,-0.064965717
-0.092610158,-0.460793465,-0.061858512
-0.096350498,-0.460301042,-0.05884799
-0.099801756,-0.459639817,-0.055942684
-0.10294456,-0.458875358,-0.053136896
-0.105785236,-0.457986116,-0.050432485
-0.108298704,-0.457045287,-0.047820635
-0.110493228,-0.456028491,-0.045304302
-0.112347424,-0.454975963,-0.042880215
-0.113868341,-0.45387429,-0.040549468
-0.115037754,-0.452738851,-0.038309582
-0.115861684,-0.451564342,-0.036161378
-0.116328575,-0.450339586,-0.034102425
-0.11643482,-0.449066937,-0.032135561
-0.115673125,-0.447642416,-0.030398771
-0.11490494,-0.446215987,-0.028663747
-0.113584377,-0.444678992,-0.027076568
-0.112032987,-0.443103105,-0.025555821
-0.110110804,-0.441465139,-0.024141783
-0.107747562,-0.439743072,-0.022860715
-0.105241835,-0.437993258,-0.021622662
-0.10228949,-0.436139822,-0.020534892
-0.099192873,-0.434252352,-0.019495729
-0.095689021,-0.432247758,-0.018606324
-0.0920536,-0.430204719,-0.017765369
-0.088051319,-0.428033203,-0.017063599
-0.083930507,-0.425819546,-0.01640689
-0.079650439,-0.423537225,-0.015807865
-0.075184934,-0.421175063,-0.015276006
-0.070532434,-0.418700278,-0.01481289
-0.065687306,-0.416105211,-0.014420735
-0.060673013,-0.413395077,-0.014088783
-0.055492289,-0.410569221,-0.01381573
-0.050159633,-0.407636493,-0.013594394
-0.04467801,-0.404598206,-0.013423337
-0.039058387,-0.401458353,-0.013298144
-0.033312924,-0.398221552,-0.013213646
-0.027456587,-0.394914299,-0.013159261
-0.021505268,-0.391559929,-0.013124723
-0.01547102,-0.38819167,-0.013097514
-0.009367362,-0.384843379,-0.013064746
-0.003206424,-0.381551176,-0.013015844
0.002999482,-0.378352731,-0.012939333
0.009224104,-0.375296563,-0.012831219
0.015466488,-0.372381628,-0.01269391
0.021700183,-0.369649798,-0.012537842
0.027920214,-0.367109001,-0.012364862
0.034102194,-0.364794582,-0.012188192
0.04024107,-0.362714052,-0.012010394
0.046309661,-0.360890985,-0.011847857
0.052302442,-0.359330863,-0.011703813
0.058089554,-0.358276933,-0.011606877
0.063824326,-0.357334226,-0.011522635
0.069396146,-0.356623918,-0.011459674
0.074834384,-0.35601151,-0.011401083
0.080122322,-0.355455726,-0.011345647
0.08519683,-0.354863435,-0.011295203
0.090198129,-0.354264081,-0.011239367
0.094961785,-0.353708118,-0.01115681
0.099576086,-0.353109419,-0.01105818
0.103994608,-0.352454811,-0.010938339
0.108176194,-0.351735562,-0.010786981
0.112220317,-0.350978702,-0.010617534
0.115931995,-0.350168496,-0.010399423
0.119572081,-0.349347204,-0.010171287
0.122984149,-0.348514259,-0.009914021
0.126231432,-0.347674072,-0.009636031
0.129215434,-0.346874088,-0.009333203
0.131969199,-0.346099675,-0.009007118
0.134469926,-0.345413715,-0.008665818
0.1367248,-0.344796658,-0.008306805
0.138708338,-0.344328284,-0.007941005
0.14042908,-0.343982399,-0.007564864
0.141879395,-0.343810171,-0.007188294
0.143057838,-0.343821883,-0.006813453
0.143966779,-0.344046116,-0.006455352
0.14460431,-0.344504565,-0.00612015
0.144973636,-0.345196247,-0.005816233
0.145074829,-0.346138924,-0.005552162
0.144917905,-0.347287029,-0.005345686
0.144505545,-0.348642349,-0.005207009
0.143848717,-0.349984497,-0.005123261
0.142950386,-0.351456314,-0.005124509
0.141829476,-0.35297823,-0.005233049
0.140525401,-0.353680968,-0.005543787
0.139030844,-0.354264677,-0.005965442
0.137363732,-0.355466604,-0.006414764
0.135550648,-0.357224464,-0.006897274
0.133547932,-0.358969122,-0.00748206
0.131388366,-0.360680223,-0.00815787
0.129061401,-0.362364739,-0.008928344
0.126595095,-0.364024818,-0.009785459
0.12398044,-0.365660071,-0.010731834
0.12124113,-0.367284447,-0.01176291
0.118361793,-0.368890285,-0.012885519
0.11520303,-0.370404035,-0.01420614
0.112037085,-0.371915549,-0.015533137
0.108659916,-0.373354375,-0.017042024
0.105275787,-0.374792427,-0.018557951
0.101686932,-0.376200408,-0.020275649
0.098091722,-0.377609044,-0.02200068
0.094309792,-0.379030257,-0.023936383
0.090525873,-0.380452365,-0.025874883
0.086653359,-0.381906867,-0.027931144
0.082721591,-0.383382976,-0.030066963
0.078722887,-0.384880781,-0.032324977
0.074660301,-0.386399359,-0.034690712
0.070552766,-0.387900561,-0.037166763
0.066394381,-0.389395684,-0.039752245
0.062209666,-0.390810132,-0.042447705
0.057990555,-0.392168343,-0.045252919
0.05375329,-0.39341709,-0.048166372
0.049501203,-0.394545466,-0.051187843
0.045246858,-0.395513147,-0.054321576
0.040998075,-0.396294653,-0.057568118
0.036763906,-0.396864355,-0.060936578
0.032541662,-0.397231787,-0.064424023
0.028350389,-0.397431284,-0.068038538
0.024163039,-0.397103578,-0.071819536
0.020017697,-0.396613687,-0.075719178
0.015909294,-0.395960629,-0.079738371
0.011860277,-0.395169467,-0.083857425
0.007867744,-0.394222975,-0.088087171
0.00404015,-0.392952323,-0.092490122
0.000216359,-0.39167586,-0.096895158
-0.003494181,-0.390231907,-0.101358064
-0.007134303,-0.388929665,-0.105814919
-0.010702884,-0.38755554,-0.110288426
-0.014190264,-0.386083573,-0.114761896
-0.01760643,-0.384525716,-0.119235352
-0.020945596,-0.382867187,-0.123691961
-0.024217231,-0.381120265,-0.128133804
-0.027401602,-0.379231513,-0.132535249
-0.030509438,-0.377218306,-0.136901259
-0.033538423,-0.375062793,-0.141216546
-0.036498256,-0.372782439,-0.145487353
-0.039374847,-0.370329559,-0.149692267
-0.042178433,-0.367725283,-0.153839424
-0.044898,-0.364929914,-0.157908678
-0.047543872,-0.361966848,-0.16190964
-0.050151546,-0.358906388,-0.165870339
-0.052682318,-0.355650455,-0.169749931
-0.055145577,-0.352218628,-0.173551738
-0.057530284,-0.348578721,-0.177257434
-0.059840884,-0.344746619,-0.180868536
-0.062076014,-0.340721309,-0.184376895
-0.064234406,-0.336518377,-0.187777057
-0.066314049,-0.332153112,-0.191059202
-0.068314917,-0.327644169,-0.194219172
-0.070235893,-0.323018491,-0.19724758
-0.072075456,-0.318297952,-0.200138882
-0.073831469,-0.313519061,-0.202882469
-0.075502515,-0.30869776,-0.205472812
-0.077086002,-0.303869635,-0.207898676
-0.078580268,-0.299042732,-0.210154906
-0.079982266,-0.29424414,-0.21223034
-0.08119458,-0.28957817,-0.213950306
-0.082298853,-0.285018563,-0.215471119
-0.083293684,-0.280547738,-0.216797754
-0.084192522,-0.276154548,-0.217954099
-0.084935583,-0.271829277,-0.218839288
-0.085621797,-0.267527908,-0.219625577
-0.086106144,-0.263267249,-0.220063359
-0.086565413,-0.259007305,-0.220457494
-0.086909987,-0.254735202,-0.220648468
-0.08716663,-0.250454694,-0.220678911
-0.087317318,-0.246167809,-0.220503017
-0.087288953,-0.241946012,-0.219997495
-0.087167419,-0.237784758,-0.219324753
-0.086937174,-0.233774856,-0.21846883
-0.08662314,-0.229893014,-0.217482045
-0.086173952,-0.226235896,-0.216299027
-0.085597724,-0.222773999,-0.21493338
-0.084933482,-0.219444007,-0.21344389
-0.08414197,-0.216302082,-0.211778432
-0.083279341,-0.213248923,-0.21000956
-0.08232633,-0.210309073,-0.2081092
-0.081265256,-0.207533628,-0.206052959
-0.080093637,-0.204928219,-0.203837305
-0.078754716,-0.202594206,-0.201390445
-0.07731802,-0.200506076,-0.198810101
-0.075777628,-0.198675469,-0.196118519
-0.074115537,-0.197120249,-0.193317041
-0.072330818,-0.195818186,-0.190412626
-0.070341446,-0.194830343,-0.187367499
-0.068225466,-0.194016099,-0.184240997
-0.06595584,-0.193338573,-0.181033835
-0.063553795,-0.192778617,-0.177757144
-0.060996946,-0.192310438,-0.174418673
-0.058306664,-0.1919211,-0.171026945
-0.055464346,-0.191603303,-0.167599931
-0.052490994,-0.191346943,-0.164142489
-0.049370576,-0.191155627,-0.160674796
-0.046123412,-0.191020146,-0.15719825
-0.04273697,-0.190954119,-0.153740078
-0.039230485,-0.190947756,-0.150297716
-0.035666451,-0.190972403,-0.146869689
-0.031987846,-0.191060528,-0.143470198
-0.028209971,-0.191229001,-0.140109435
-0.024318188,-0.191511512,-0.136804909
-0.020322764,-0.191901013,-0.13355799
-0.016226219,-0.192408115,-0.130379185
-0.012029497,-0.193044513,-0.127278581
-0.007734846,-0.193827257,-0.124271706
-0.003343748,-0.194753394,-0.121356837
0.001138801,-0.19583413,-0.118546061
0.005709878,-0.197067022,-0.115843713
0.010364234,-0.198447019,-0.113257349
0.015095349,-0.199954078,-0.110789552
0.019899756,-0.201565847,-0.108436927
0.024773808,-0.203266248,-0.106199168
0.029711813,-0.205027699,-0.104074679
0.034707908,-0.206832916,-0.102067918
0.039753303,-0.208650351,-0.100182451
0.044840403,-0.210463092,-0.098430388
0.049957097,-0.212237939,-0.096825555
0.055099159,-0.213962987,-0.095376782
0.060256083,-0.215609163,-0.094100013
0.065423191,-0.217074513,-0.093123958
0.070585258,-0.218414366,-0.092313461
0.075718313,-0.219500124,-0.091783851
0.080805637,-0.2203646,-0.09147808
0.085852161,-0.221031398,-0.09137211
0.090834156,-0.221494436,-0.091476783
0.09575858,-0.221775413,-0.091769472
0.100598343,-0.221860543,-0.092267618
0.105362549,-0.221770704,-0.092949137
0.110084631,-0.221596852,-0.093717776
0.114720829,-0.221253425,-0.094663836
0.119271472,-0.220758632,-0.095769919
0.123713255,-0.220085189,-0.097066708
0.128049389,-0.219246492,-0.098535597
0.132270589,-0.218241721,-0.100173853
0.136366963,-0.217073813,-0.101976551
0.140323207,-0.215745404,-0.103937112
0.144141614,-0.21425733,-0.10605298
0.147811294,-0.212613851,-0.108312607
0.151324302,-0.21082361,-0.110704035
0.154665977,-0.20890294,-0.113204874
0.157828182,-0.206864834,-0.115801632
0.160800889,-0.204731509,-0.118474744
0.163575694,-0.202516258,-0.121211298
0.166145831,-0.200235248,-0.124000058
0.168504134,-0.197893992,-0.126832008
0.170645908,-0.195488229,-0.12970528
0.17256245,-0.193002075,-0.13261354
0.174251631,-0.190409228,-0.135560319
0.175604731,-0.187645629,-0.138556391
0.176698953,-0.184720784,-0.141579226
0.177557021,-0.181642294,-0.144614086
0.178149849,-0.178397045,-0.147645593
0.178317085,-0.174916923,-0.150635719
0.178422362,-0.171406597,-0.153613076
0.17810443,-0.167699039,-0.156503886
0.177725226,-0.16396527,-0.159375086
0.176927552,-0.160061449,-0.162113205
0.176069915,-0.156139255,-0.164824605
0.174802542,-0.152100191,-0.167354509
0.173477113,-0.148054585,-0.169851005
0.171754971,-0.143972531,-0.172120571
0.170012638,-0.139888749,-0.174376443
0.168046206,-0.135799617,-0.176483303
0.165923476,-0.13171111,-0.178483367
0.163582593,-0.127669618,-0.180308104
0.161046609,-0.123661116,-0.181980491
0.15832153,-0.119713135,-0.183481574
0.155405626,-0.115824722,-0.184815407
0.152303368,-0.11208535,-0.185953721
0.149015054,-0.108465515,-0.186905935
0.145559773,-0.104994252,-0.187663808
0.14193289,-0.101666316,-0.188229769
0.138157159,-0.098533839,-0.18859835
0.134225562,-0.095579594,-0.188771456
0.130154341,-0.092825033,-0.188747674
0.125948489,-0.090274274,-0.188527361
0.121628344,-0.087929256,-0.188116312
0.117202975,-0.08577843,-0.187520042
0.112605892,-0.084004313,-0.186573669
0.107947879,-0.082374938,-0.185494319
0.103230916,-0.080896214,-0.184251368
0.098472543,-0.07952553,-0.182887435
0.093645908,-0.078353152,-0.181273401
0.088788837,-0.077313282,-0.179500505
0.083906598,-0.0763833,-0.177595794
0.079010718,-0.075759746,-0.175499797
0.074099988,-0.075284436,-0.173244759
0.069177985,-0.074977875,-0.170794353
0.064255305,-0.074846134,-0.168157965
0.059335399,-0.07489875,-0.165336445
0.054428492,-0.07516145,-0.162331417
0.049592286,-0.075895771,-0.159018219
0.044791017,-0.076781422,-0.155617774
0.04005513,-0.077898711,-0.152080849
0.035422161,-0.079282299,-0.1483742
0.030877573,-0.080836192,-0.144519329
0.026452322,-0.082567714,-0.140505105
0.02214573,-0.084451638,-0.136341721
0.017960384,-0.086470105,-0.132037997
0.01390497,-0.088617012,-0.12759845
0.009993827,-0.090892814,-0.12302421
0.006232829,-0.093287565,-0.118317373
0.002621491,-0.095793217,-0.113502063
-0.00083403,-0.098406322,-0.108590215
-0.004128757,-0.1011189,-0.103593372
-0.007257947,-0.103919223,-0.098521598
-0.010214855,-0.106792718,-0.093382515
-0.013022888,-0.109707542,-0.088187985
-0.015692284,-0.112660937,-0.082941823
-0.017900759,-0.115646698,-0.077592246
-0.020105155,-0.118633196,-0.072241813
-0.021963881,-0.121552505,-0.066834614
-0.023734994,-0.124443009,-0.061414361
-0.025191499,-0.127226412,-0.055947557
-0.026563752,-0.129979089,-0.050470065
-0.027620612,-0.132614642,-0.044952694
-0.028593104,-0.135221079,-0.039429501
-0.029249752,-0.137716204,-0.033884637
-0.029822497,-0.140184879,-0.028340489
-0.030081123,-0.142552018,-0.022799168
-0.030257231,-0.144894317,-0.017265137
-0.030124394,-0.147140875,-0.011758565
-0.029911295,-0.149359658,-0.006264608
-0.029397685,-0.151471391,-0.000818052
-0.028814275,-0.153557256,0.004614467
-0.027969517,-0.155543104,0.009994259
-0.027018744,-0.157491446,0.015350751
-0.025915898,-0.159385517,0.020673791
-0.024550349,-0.161160827,0.025923362
-0.023056909,-0.162866026,0.031135172
-0.021438086,-0.164500654,0.036309514
-0.019603172,-0.166000679,0.041412119
-0.017622193,-0.167398632,0.046458863
-0.01552862,-0.168718234,0.051462565
-0.013300573,-0.169914395,0.056404412
-0.010968864,-0.171015754,0.061298598
-0.008507057,-0.171942994,0.066117294
-0.005944961,-0.172736406,0.070877805
-0.003279036,-0.1733668,0.075560637
-0.000533068,-0.173871934,0.080183603
0.002294434,-0.174230233,0.084724389
0.005184795,-0.174475729,0.089201853
0.008107253,-0.174653366,0.09363585
0.011089104,-0.174704045,0.097989343
0.014117307,-0.174639225,0.102268063
0.017193597,-0.174440905,0.106459446
0.020309877,-0.174109712,0.11056719
0.023460072,-0.173637703,0.114588514
0.026640536,-0.173018023,0.118523657
0.029845314,-0.172241077,0.122371525
0.03307014,-0.17130141,0.126132488
0.036302201,-0.170180708,0.129806191
0.039533596,-0.168873489,0.133390352
0.042750977,-0.167370543,0.136881053
0.045945778,-0.16566436,0.140275061
0.049108267,-0.16374892,0.143566966
0.052227523,-0.16162248,0.146750897
0.055292219,-0.15928857,0.14981848
0.058293827,-0.156748787,0.152762547
0.06122487,-0.154011056,0.155573681
0.064077452,-0.151082382,0.158245578
0.066846885,-0.147979781,0.160772681
0.069530495,-0.144717142,0.163153142
0.072131135,-0.141312584,0.165391907
0.074649684,-0.137780309,0.167494178
0.0770882,-0.134127021,0.169471681
0.079446927,-0.130358696,0.171335742
0.081721596,-0.126474544,0.173095345
0.08390446,-0.122485816,0.174760565
0.085987844,-0.118396029,0.176331341
0.087966658,-0.114221051,0.177808136
0.089832932,-0.109976359,0.179192021
0.091582134,-0.105691716,0.180484757
0.093206652,-0.10139975,0.181688383
0.094705604,-0.097131968,0.182810843
0.096074656,-0.092930533,0.183859885
0.097203977,-0.088803343,0.184791431
0.098219208,-0.084710687,0.185675427
0.099072494,-0.080687553,0.186492145
0.099799931,-0.076734923,0.187251493
0.10040009,-0.072862104,0.187950179
0.100792177,-0.069149345,0.188540637
0.101109274,-0.065510802,0.189089715
0.101292245,-0.062003769,0.189564914
0.10134203,-0.058642089,0.189971268
0.101248838,-0.055442531,0.19030565
0.101023361,-0.05239879,0.19058454
0.100667626,-0.049513351,0.190815076
0.100190207,-0.046763811,0.191010669
0.099596031,-0.044139866,0.191180378
0.098887876,-0.04162544,0.191324696
0.098077416,-0.039259978,0.191460192
0.09716323,-0.03695666,0.191572398
0.096149117,-0.034683131,0.191653922
0.095037274,-0.032423869,0.191695958
0.093829244,-0.030162675,0.191684976
0.092527628,-0.027893154,0.191610381
0.091134273,-0.025614025,0.191458181
0.089656271,-0.023331901,0.191220254
0.08809597,-0.021056114,0.190897986
0.086461492,-0.018801499,0.190504417
0.084757775,-0.016578147,0.190045908
0.082996309,-0.014395464,0.189541757
0.081179716,-0.012253433,0.18899554
0.07932023,-0.010150485,0.188423693
0.077418551,-0.008083659,0.187824026
0.075478606,-0.006050573,0.187199295
0.073505968,-0.004043503,0.18654497
0.071499966,-0.002063433,0.185860336
0.069464386,-0.000106699,0.185139477
0.067402311,0.001826348,0.184377491
0.065317638,0.003735365,0.183568418
0.063213564,0.005617211,0.182710513
0.061094817,0.007476968,0.181801841
0.058968097,0.009328469,0.180844218
0.056838002,0.011158235,0.179843366
0.054711133,0.012967766,0.178805739
0.052595604,0.014785215,0.177741483
0.050493017,0.016615419,0.176648006
0.048406102,0.018467478,0.175525516
0.046338756,0.020362861,0.174366504
0.044291385,0.022306826,0.173166886
0.042267516,0.024323825,0.171914056
0.040270843,0.026433939,0.17059651
0.038323123,0.02874984,0.169170991
0.036407448,0.031207014,0.167689055
0.034523394,0.033793237,0.166165873
0.032731872,0.036724731,0.16461204
0.03094206,0.039660309,0.163058475
0.029256219,0.042881727,0.161523297
0.027572354,0.046106748,0.159988642
0.026009312,0.049585011,0.158489242
0.02444711,0.053063937,0.156990036
0.022956314,0.056637112,0.155510798
0.021513501,0.060273062,0.154044747
0.020151539,0.063974313,0.152578652
0.018859535,0.067740671,0.151116848
0.01765427,0.071634158,0.149646685
0.016530199,0.075634606,0.148172498
0.015497618,0.079810023,0.146703497
0.014553091,0.084138006,0.145236686
0.013699324,0.088665232,0.143782839
0.012935448,0.093376234,0.142338663
0.012265299,0.098294698,0.140936494
0.0116876,0.10341268,0.139565781
0.011203128,0.108732648,0.138259307
0.010814178,0.114259697,0.137008741
0.010636051,0.120267399,0.13595809
0.010460313,0.126279578,0.134910122
0.010430287,0.132591113,0.134038076
0.010402312,0.138906419,0.133168355
0.01049821,0.145475775,0.132451504
0.010595828,0.152048677,0.131736666
0.010795869,0.158859506,0.131155834
0.010997357,0.165673837,0.130576938
0.011283636,0.172722578,0.130125731
0.011570453,0.179772481,0.12967515
0.01189681,0.186948508,0.129289031
0.0122497,0.194209233,0.128946215
0.012641269,0.201620638,0.12868014
0.013067402,0.209160671,0.128479645
0.013525843,0.216847852,0.128354728
0.014024036,0.224562883,0.128315955
0.014557216,0.232407048,0.128370926
0.015124409,0.240389913,0.128511861
0.015725208,0.248520032,0.12874797
0.016359547,0.256798893,0.1290811
0.017028997,0.265207887,0.129515886
0.017733745,0.273745745,0.130056128
0.018475316,0.282379895,0.130694404
0.019254418,0.29109934,0.131432414
0.020069901,0.299874187,0.132256404
0.020922229,0.308685452,0.133163184
0.021805542,0.31751731,0.134141445
0.022718588,0.32634896,0.135184243
0.02364458,0.335155398,0.136283457
0.024588961,0.343944639,0.137441814
0.025531527,0.352681488,0.138657689
0.026478823,0.361377239,0.139931634
0.02740646,0.369977921,0.141263768
0.028322395,0.378501058,0.142653972
0.029202517,0.386881262,0.144096583
0.03006085,0.395273387,0.145577863
0.0308147,0.403091311,0.147149831
0.031567235,0.410901695,0.148722321
0.032228481,0.418244451,0.15033108
0.0328556,0.42543298,0.151947439
0.033409212,0.432290196,0.153580219
0.03390044,0.438923359,0.155226573
0.034353402,0.445418775,0.156881273
0.034760546,0.451845855,0.15854536
0.035123937,0.458218008,0.160218865
0.035427824,0.464566708,0.161907285
0.035675891,0.470885992,0.163611591
0.03586572,0.477179289,0.165335178
0.035999358,0.483396113,0.167076647
0.03607697,0.489527047,0.168835476
0.036099628,0.49550119,0.17060411
0.036067188,0.501285374,0.172376171
0.035978515,0.506821275,0.174136043
0.0358322,0.512081444,0.175871015
0.035626341,0.517038524,0.177565768
0.035358362,0.521698177,0.17920576
0.035026681,0.52604872,0.180778548
0.034630757,0.530108869,0.182277963
0.034170415,0.53387779,0.183698013
0.033647604,0.537360132,0.185041487
0.033066794,0.540534317,0.18631582
0.032434411,0.543367565,0.187534705
0.031755954,0.545799553,0.188709632
0.031034714,0.547772586,0.18984884
0.030271117,0.549258709,0.190955743
0.02946586,0.550238907,0.192034617
0.028563485,0.551669598,0.192972824
0.027620221,0.552633762,0.193887904
0.026640337,0.553139508,0.194787249
0.02562638,0.553200245,0.195673704
0.024581756,0.552830815,0.196549773
0.023511253,0.55205363,0.197419643
0.022421341,0.550883353,0.198286206
0.02132092,0.549346209,0.199154526
0.020207979,0.547437966,0.20002161
0.019085001,0.54515785,0.200885952
0.017947676,0.542289197,0.2017162
0.016801147,0.539086938,0.202533975
0.015645204,0.535568893,0.203325555
0.014480148,0.531759918,0.204074368
0.013311514,0.52735585,0.204736888
0.012154282,0.522794068,0.205327258
0.011016583,0.518033385,0.205879465
0.009893772,0.513063967,0.206403285
0.008822415,0.507715762,0.206893191
0.007779404,0.502216935,0.207374856
0.006782701,0.496482551,0.207844958
0.005821102,0.490610719,0.208313242
0.004904954,0.484560728,0.208779112
0.004046125,0.478292972,0.209244743
0.003247347,0.471797824,0.209710389
0.002513367,0.465049624,0.210179165
0.001844009,0.458067149,0.210648611
0.00124308,0.450868189,0.211115584
0.000716872,0.443360567,0.21159108
0.000269937,0.435524493,0.212078586
-9.26E-05,0.427335858,0.212581664
-0.00036129,0.418789327,0.213109985
-0.000527081,0.409873426,0.213672429
-0.000582714,0.400593311,0.214277148
-0.000520022,0.390951663,0.214933172
-0.000330371,0.380986452,0.215652645
-5.17E-06,0.370730668,0.216447324
0.000458195,0.360223114,0.217322946
0.001063515,0.349505216,0.218286738
0.001807289,0.338674366,0.21934031
0.002687564,0.327736348,0.220481709
0.003757286,0.316739827,0.221732378
0.004934405,0.305816561,0.22302413
0.006205886,0.294972211,0.224341422
0.007587297,0.284237683,0.225677297
0.009072968,0.273627728,0.227025643
0.010620477,0.263078362,0.22838141
0.01227772,0.252636343,0.22975032
0.013994601,0.242235869,0.231127247
0.015817316,0.231909022,0.232518435
0.017697815,0.221613392,0.233917341
0.019680863,0.211373001,0.235330001
0.021720875,0.20115833,0.236750394
0.023861982,0.190989122,0.238184541
0.026060509,0.180846721,0.239627019
0.028360935,0.170751691,0.241084263
0.030685229,0.160657063,0.242544815
0.033090018,0.150563031,0.244016707
0.035559852,0.14047046,0.245498285
0.038116001,0.130381539,0.246993855
0.040748142,0.120321356,0.248499095
0.043452036,0.110377118,0.250005037
0.046233226,0.10046681,0.25152421
0.049090054,0.090665489,0.253055185
0.052021854,0.08095482,0.254597783
0.055023625,0.071385205,0.256149262
0.058092277,0.061983358,0.257706612
0.061218552,0.052826356,0.259259999
0.064397268,0.043942649,0.260803729
0.067618251,0.03535511,0.262323827
0.07087326,0.027088499,0.263811618
0.074148484,0.019118655,0.26525262
0.077432372,0.011454458,0.266636699
0.080705315,0.004056522,0.267953128
0.083944634,-0.003084259,0.269189239
0.087119944,-0.010142146,0.270321757
0.09023156,-0.016990285,0.271364421
0.09324605,-0.023597948,0.272314638
0.096165821,-0.029966723,0.273172408
0.098961711,-0.036105957,0.273930877
0.101637378,-0.042022288,0.274590641
0.104171693,-0.047741178,0.275145918
0.106570125,-0.053259633,0.275598586
0.108819567,-0.05860668,0.275946379
0.110908329,-0.063678622,0.2761769
0.112833902,-0.068554044,0.276302636
0.114598595,-0.073266722,0.276329786
0.116195746,-0.077822797,0.276266813
0.117624983,-0.082221523,0.276113838
0.118878581,-0.086467497,0.2758798
0.119956315,-0.090561718,0.275563449
0.120849706,-0.094511323,0.275170773
0.121558569,-0.098314852,0.274699688
0.122073792,-0.101976231,0.274151385
0.122395068,-0.105491333,0.273524076
0.122512363,-0.108854465,0.272814572
0.122303508,-0.111952327,0.271975517
0.121806413,-0.114796095,0.271023959
0.121143058,-0.117489651,0.270012379
0.120256618,-0.119985513,0.268923581
0.119103946,-0.122251362,0.267748028
0.117650591,-0.124282755,0.266477406
0.115967907,-0.126146913,0.265138268
0.114120066,-0.127897352,0.263749927
0.11205937,-0.12952067,0.262298405
0.109795138,-0.131033316,0.260787308
0.107257947,-0.132421583,0.259198248
0.104398705,-0.133661479,0.257519394
0.101257302,-0.13479425,0.255765647
0.097889297,-0.135874182,0.253953367
0.094266631,-0.136877671,0.252100319
0.090382263,-0.137836903,0.250212878
0.086034276,-0.13874729,0.248291701
0.081656545,-0.139655486,0.246369332
0.076821737,-0.140550658,0.244433001
0.071958683,-0.141444281,0.242495999
0.06666173,-0.142334566,0.240553096
0.061351225,-0.143152922,0.238601118
0.055812381,-0.143957064,0.236641765
0.050120275,-0.14477919,0.234680086
0.044222768,-0.145691469,0.232707933
0.038138021,-0.146669865,0.230728239
0.031867627,-0.147736683,0.228743538
0.02541233,-0.148883805,0.226753443
0.018801851,-0.150102004,0.224768668
0.012026947,-0.151394293,0.22278592
0.005112291,-0.15275602,0.22081387
-0.001949307,-0.154187754,0.218850002
-0.009126411,-0.155664936,0.216905788
-0.016428605,-0.157195061,0.214977622
-0.023825496,-0.158754826,0.21307385
-0.031326957,-0.160352021,0.211191684
-0.038913094,-0.16197747,0.20933412
-0.046579376,-0.16362913,0.207501665
-0.054300744,-0.165296525,0.205693081
-0.062065504,-0.166974172,0.20390901
-0.069849893,-0.168643087,0.20214799
-0.077635661,-0.170292094,0.200410008
-0.085377708,-0.171864837,0.198698059
-0.093089737,-0.173378214,0.197011337
-0.100724399,-0.1747697,0.195354432
-0.108295828,-0.176058263,0.193725988
-0.115757473,-0.177079663,0.192119196
-0.123180948,-0.176888436,0.190414608
-0.13046065,-0.176541388,0.188744366
-0.137590125,-0.176025495,0.187110931
-0.144328222,-0.175115198,0.185535356
-0.15104273,-0.174190402,0.183960691
-0.157396972,-0.17305766,0.182401985
-0.163725868,-0.171921775,0.180842817
-0.169667169,-0.170751199,0.179278314
-0.175581515,-0.169587538,0.177712947
-0.181083709,-0.168542236,0.176136076
-0.186576039,-0.167501897,0.17455861
-0.191835657,-0.166597411,0.172969103
-0.196935967,-0.165787011,0.171371862
-0.201787099,-0.16515255,0.169774652
-0.206419438,-0.164666027,0.168174818
-0.210814506,-0.164335355,0.166573644
-0.214977086,-0.16415526,0.16497077
-0.21887055,-0.16406706,0.163368568
-0.222507223,-0.164089635,0.161766157
-0.225874469,-0.16417712,0.160162181
-0.228969321,-0.164318696,0.158555731
-0.231772959,-0.164443612,0.156927586
-0.234276727,-0.164522097,0.155271381
-0.236456752,-0.164513484,0.153536007
-0.23832044,-0.164431989,0.151736751
-0.239845738,-0.164271832,0.149815977
-0.241039619,-0.164034948,0.147791922
-0.24188678,-0.16371803,0.145624295
-0.242390782,-0.163319901,0.143322885
-0.242544353,-0.162830576,0.14087005
-0.242349476,-0.162246466,0.138270184
-0.241787851,-0.161861777,0.135557681
-0.240874857,-0.161462739,0.132711217
-0.239617258,-0.16095531,0.129721507
-0.238024026,-0.160357043,0.126596496
-0.236094907,-0.159667552,0.123335943
-0.233842254,-0.158910722,0.119946778
-0.231264949,-0.158084467,0.116428338
-0.228383482,-0.157219291,0.112789281
-0.225196019,-0.156312436,0.109028824
-0.221728101,-0.155389994,0.105155677
-0.217977419,-0.154449537,0.101169035
-0.213972062,-0.153506413,0.097075537
-0.209709451,-0.152559131,0.092874542
-0.205217406,-0.151610672,0.088566527
-0.200493336,-0.150660679,0.08415138
-0.195562869,-0.149701118,0.07962101
-0.190423563,-0.148732662,0.074976087
-0.185098663,-0.147739202,0.070202284
-0.179585963,-0.146722183,0.06530086
-0.173900932,-0.145666569,0.060262144
-0.168052986,-0.144563675,0.05508031
-0.162052184,-0.143401563,0.049754817
-0.155908883,-0.142169282,0.044282157
-0.149633825,-0.14085786,0.038668077
-0.143237665,-0.139457211,0.032913979
-0.136731267,-0.137967855,0.027030341
-0.130125448,-0.136385202,0.021023583
-0.123431213,-0.134720594,0.014905855
-0.116659462,-0.132978022,0.008686889
-0.109832399,-0.131186962,0.002391171
-0.10294693,-0.129344419,-0.003984501
-0.096026294,-0.127479896,-0.010412049
-0.089068435,-0.125590697,-0.016893996
-0.08209683,-0.123698734,-0.023400944
-0.075109303,-0.121801898,-0.029935623
-0.068135627,-0.119925641,-0.036463037
-0.061173089,-0.118067607,-0.042986408
-0.054326415,-0.116551124,-0.049425226
-0.047497783,-0.115089029,-0.055850487
-0.040792733,-0.113922462,-0.062195454
-0.034120142,-0.112823091,-0.068520494
-0.027638298,-0.112013988,-0.074737765
-0.021170935,-0.111216776,-0.080947794
-0.014923178,-0.110589437,-0.087046146
-0.008693529,-0.109971672,-0.093136296
-0.002738765,-0.109488875,-0.099100024
0.00319507,-0.109016702,-0.105054848
0.008811084,-0.108696118,-0.110872552
0.014403771,-0.108388647,-0.11668057
0.019642184,-0.108271502,-0.122339383
0.024871366,-0.108158559,-0.127994359
0.029886464,-0.108129993,-0.133557022
0.034755193,-0.108158477,-0.139056668
0.039400615,-0.10825666,-0.144461736
0.043848522,-0.108421475,-0.149782762
0.048078474,-0.108684532,-0.155009925
0.052096494,-0.109038971,-0.160146147
0.055878662,-0.109580256,-0.16518034
0.059432976,-0.110277355,-0.170116141
0.06275101,-0.111194484,-0.174946904
0.065831184,-0.11234504,-0.179671139
0.068673231,-0.11377655,-0.184280753
0.071274512,-0.115518309,-0.188772023
0.073637009,-0.117581472,-0.193139583
0.075759672,-0.119993493,-0.197378427
0.077649951,-0.122707859,-0.201481506
0.079309016,-0.125734359,-0.205443531
0.080741569,-0.129035428,-0.209263012
0.081950746,-0.132599667,-0.212935105
0.082941316,-0.136376187,-0.216460392
0.083717473,-0.140326932,-0.219838157
0.08427909,-0.144444823,-0.223080292
0.084627897,-0.148701891,-0.226196155
0.084761053,-0.153133929,-0.229205146
0.084678963,-0.157738,-0.232123405
0.084380932,-0.162553519,-0.234974712
0.083868682,-0.16757375,-0.237759888
0.083144531,-0.172809839,-0.240493357
0.08201398,-0.178485945,-0.243148714
0.080748022,-0.184314325,-0.245783895
0.079174362,-0.190496981,-0.248379335
0.0775273,-0.196763486,-0.250966311
0.07551837,-0.203451306,-0.253520966
0.073487356,-0.210164294,-0.256075144
0.071122237,-0.217276603,-0.258621156
0.068735063,-0.224415347,-0.26116842
0.066014074,-0.23197335,-0.263734013
0.063272521,-0.23955746,-0.266302466
0.060219862,-0.24755685,-0.268913954
0.05714776,-0.255581141,-0.271529764
0.053781372,-0.264002949,-0.274210781
0.050398592,-0.272446483,-0.276897252
0.046791907,-0.281671375,-0.279614896
0.04317617,-0.291005671,-0.282328069
0.039347276,-0.30064261,-0.285139084
0.035506681,-0.310293555,-0.28795743
0.031489559,-0.320177376,-0.290887207
0.027463069,-0.330070287,-0.293825388
0.023295481,-0.340120584,-0.296891391
0.019125102,-0.350173205,-0.299960911
0.014891574,-0.360310405,-0.303111464
0.010615714,-0.370503217,-0.306318134
0.006294109,-0.380742401,-0.309625775
0.001928552,-0.39103055,-0.313019514
-0.002467628,-0.401353717,-0.316514671
-0.006898394,-0.411713928,-0.320106626
-0.011349087,-0.422047466,-0.323812366
-0.015824446,-0.43237561,-0.327626228
-0.020314964,-0.442672431,-0.331555784
-0.024818584,-0.452932239,-0.335602611
-0.029326804,-0.463127613,-0.339770734
-0.03383489,-0.473245502,-0.344063282
-0.038337916,-0.483290374,-0.348481029
-0.042830396,-0.493250191,-0.353026867
-0.047309063,-0.503143966,-0.357701629
-0.051769022,-0.512968719,-0.362507343
-0.056208052,-0.52273196,-0.367444456
-0.060621973,-0.532435834,-0.372514248
-0.06500674,-0.542051971,-0.377712786
-0.069360957,-0.551575601,-0.383049428
-0.073659144,-0.560837567,-0.388569951
-0.077906646,-0.569786787,-0.394188821
-0.08210995,-0.578517854,-0.399881214
-0.086261861,-0.586948454,-0.405648708
-0.090364009,-0.594527364,-0.411548823
-0.09442874,-0.60198772,-0.417459905
-0.098383896,-0.609100699,-0.423403084
-0.102295548,-0.616086781,-0.429341584
-0.106079772,-0.62270087,-0.435266137
-0.109814949,-0.62918973,-0.441169202
-0.11340642,-0.635311365,-0.447008997
-0.116943359,-0.641305149,-0.452815086
-0.120320506,-0.6469239,-0.458522081
-0.123675391,-0.652500451,-0.46421358
-0.126916766,-0.65786016,-0.469825238
-0.130072191,-0.663065791,-0.475374311
-0.133106276,-0.668090641,-0.480827004
-0.136031419,-0.672947466,-0.48619315
-0.138840944,-0.677645564,-0.491458029
-0.141534641,-0.682173312,-0.496621579
-0.1441008,-0.686497688,-0.501659513
-0.146543473,-0.690628707,-0.506579518
-0.148859352,-0.694548786,-0.51137042
-0.151047096,-0.698250115,-0.516028464
-0.153101683,-0.701701641,-0.520540893
-0.155019909,-0.704890251,-0.524900317
-0.15679647,-0.707807899,-0.529100776
-0.158432513,-0.710457265,-0.533142686
-0.159923643,-0.712834656,-0.537017524
-0.161199674,-0.714774132,-0.540638149
-0.16221115,-0.716121435,-0.543932378
-0.163144201,-0.717282355,-0.547117114
-0.163847312,-0.717895508,-0.549980223
-0.164470091,-0.718325436,-0.552722991
-0.164857253,-0.718216956,-0.555112243
-0.165213317,-0.718044996,-0.557451844
-0.165410399,-0.717546165,-0.559536099
-0.16548869,-0.716814637,-0.561427593
-0.16540508,-0.715808332,-0.563048422
-0.165175632,-0.714549482,-0.564426363
-0.164796248,-0.713061273,-0.565549076
-0.164266184,-0.711336195,-0.566419601
-0.163575754,-0.709380925,-0.567029893
-0.162688687,-0.707137346,-0.567322254
-0.161601618,-0.704608977,-0.567306042
-0.160353333,-0.701844096,-0.56705904
-0.158922121,-0.698810697,-0.566544056
-0.157330424,-0.69555378,-0.56578052
-0.155582145,-0.692098439,-0.564761221
-0.153680608,-0.688474715,-0.563480198
-0.151629135,-0.68471545,-0.561935425
-0.149430826,-0.680853128,-0.560129106
-0.147088304,-0.67691654,-0.558066964
-0.144603714,-0.672928691,-0.555758119
-0.14197877,-0.668905377,-0.553213477
-0.139197841,-0.664850175,-0.550418913
-0.136278212,-0.66076535,-0.547412872
-0.133224145,-0.65664959,-0.544209242
-0.130055726,-0.652166247,-0.540857494
-0.126765847,-0.647494256,-0.537345946
-0.123308487,-0.642701149,-0.53363061
-0.119693406,-0.637618363,-0.529764473
-0.115992367,-0.632490337,-0.525799632
-0.112159126,-0.627292752,-0.521682858
-0.108248889,-0.622060835,-0.517480433
-0.104220212,-0.616776049,-0.513146341
-0.10012354,-0.61147064,-0.508742571
-0.095922306,-0.606133401,-0.504231572
-0.091662563,-0.600799084,-0.499666244
-0.087312832,-0.595469475,-0.495017231
-0.082914554,-0.590166986,-0.490328193
-0.078441627,-0.58490628,-0.485577613
-0.073952094,-0.579663694,-0.48081249
-0.069412507,-0.574476063,-0.476003438
-0.064834945,-0.569345832,-0.471160173
-0.060213804,-0.564310968,-0.46627605
-0.055540234,-0.559389353,-0.461347997
-0.050830588,-0.554567993,-0.456398457
-0.046096772,-0.549837828,-0.451446265
-0.041345008,-0.545194745,-0.446503013
-0.036589328,-0.54060632,-0.441571385
-0.031838782,-0.536061406,-0.436651617
-0.027101791,-0.531554163,-0.431743979
-0.022386312,-0.52708298,-0.426849335
-0.017699724,-0.522650063,-0.421969712
-0.013054912,-0.518269002,-0.417112797
-0.008452641,-0.513945758,-0.412283063
-0.003895402,-0.509689093,-0.407484531
0.000597784,-0.505509138,-0.402737379
0.005025803,-0.501406491,-0.398047686
0.0093815,-0.497379214,-0.393426061
0.013667202,-0.493431926,-0.388872981
0.017851515,-0.489553392,-0.384419382
0.021940554,-0.485732257,-0.380059779
0.025924969,-0.481956214,-0.375802517
0.029797304,-0.478214592,-0.371653587
0.033553109,-0.474499255,-0.367615938
0.037190974,-0.470806092,-0.363689154
0.040677764,-0.467108071,-0.359898031
0.04404008,-0.46340403,-0.356216282
0.04725923,-0.459692717,-0.352655262
0.050319713,-0.455955058,-0.349221349
0.053055234,-0.452076107,-0.34602201
0.055779342,-0.448191464,-0.34283033
0.058156811,-0.44412756,-0.339871973
0.060522288,-0.440057456,-0.336921036
0.062523536,-0.435790867,-0.334197104
0.064520523,-0.431522846,-0.331475735
0.06632141,-0.42717579,-0.328873873
0.067989863,-0.422776192,-0.326352298
0.069451645,-0.41832754,-0.323935717
0.070731811,-0.413828909,-0.321615636
0.071805589,-0.409568191,-0.31935513
0.072666131,-0.405718833,-0.317134112
0.073314793,-0.401798934,-0.314994872
0.073759206,-0.397821397,-0.312940836
0.073994368,-0.393785685,-0.310961187
0.074033596,-0.389957309,-0.309022158
0.073855765,-0.386012375,-0.307155073
0.073457919,-0.381937623,-0.305356801
0.072841436,-0.377726525,-0.303634167
0.072003707,-0.373362124,-0.301986188
0.070949748,-0.368860215,-0.300419688
0.069679253,-0.364212334,-0.298936605
0.068196781,-0.359425426,-0.297533274
0.066504069,-0.354498148,-0.296210974
0.064603955,-0.349395901,-0.294944882
0.062495492,-0.344129086,-0.293742687
0.060179286,-0.338632494,-0.292569578
0.057655174,-0.332926929,-0.291436732
0.05492489,-0.326947808,-0.290314585
0.051988002,-0.320715874,-0.289212644
0.048851572,-0.31417495,-0.288105518
0.045513544,-0.30734393,-0.287001461
0.041989662,-0.300210744,-0.2858845
0.038274884,-0.292780071,-0.28475982
0.034387123,-0.285081565,-0.283615619
0.030330347,-0.277122498,-0.282449156
0.026126109,-0.268969834,-0.281242192
0.021767538,-0.260602415,-0.280000478
0.017276872,-0.252095193,-0.278704882
0.012647145,-0.243424505,-0.277361602
0.007905834,-0.234673947,-0.275954753
0.003044266,-0.225816682,-0.274489731
-0.001906501,-0.216926038,-0.272966325
-0.00695627,-0.207978472,-0.271384925
-0.012069916,-0.199037209,-0.269759268
-0.017258905,-0.190081567,-0.268084913
-0.022494882,-0.181158602,-0.266373128
-0.027771777,-0.172278538,-0.264626145
-0.033064235,-0.163488373,-0.262842059
-0.038380437,-0.154772937,-0.261021316
-0.043699067,-0.146194041,-0.259150863
-0.049027964,-0.137751579,-0.257232398
-0.054341041,-0.12943998,-0.255253464
-0.059645988,-0.121249177,-0.253219485
-0.064918384,-0.11318586,-0.251118481
-0.070165947,-0.105247639,-0.24895446
-0.075361334,-0.097430043,-0.246725246
-0.080508076,-0.089747481,-0.244428024
-0.085458137,-0.082517445,-0.241991386
-0.090402141,-0.075300425,-0.239551216
-0.095159978,-0.068459295,-0.237003028
-0.099859461,-0.06171364,-0.234426588
-0.104365371,-0.055282902,-0.231756389
-0.108808205,-0.048932225,-0.229062676
-0.113041818,-0.042845454,-0.226290956
-0.117200628,-0.036841467,-0.22350271
-0.121111363,-0.031110507,-0.220659554
-0.124938928,-0.025469225,-0.217808247
-0.128490672,-0.02012391,-0.214929745
-0.131952286,-0.014876422,-0.212048441
-0.135114998,-0.009952003,-0.209157735
-0.138240442,-0.0050644,-0.20626606
-0.141153187,-0.000384362,-0.203368485
-0.143908545,0.004146911,-0.200467914
-0.1464452,0.008493042,-0.197569057
-0.148783982,0.012667524,-0.194670692
-0.150910467,0.016667025,-0.191775814
-0.152826577,0.02048661,-0.18888405
-0.154514894,0.024096834,-0.185999081
-0.155981168,0.027506141,-0.183119282
-0.15721871,0.030694591,-0.180243269
-0.158226296,0.033656094,-0.17736879
-0.1590022,0.036369298,-0.17448248
-0.159544259,0.038822811,-0.171580315
-0.159852803,0.041000638,-0.168651357
-0.159926802,0.042892363,-0.165686771
-0.159770146,0.044508394,-0.162666604
-0.159382746,0.045840327,-0.159581184
-0.158766299,0.046891481,-0.156422958
-0.157922134,0.047662403,-0.15318276
-0.15685302,0.048172649,-0.149868071
-0.155560508,0.048427742,-0.146476239
-0.154045075,0.048441064,-0.143026531
-0.152307391,0.048209272,-0.139520794
-0.150351688,0.047741972,-0.136002585
-0.148177564,0.047034983,-0.132459208
-0.145790845,0.046086241,-0.128910795
-0.143191874,0.044899128,-0.125350863
-0.140392736,0.043485768,-0.121785812
-0.137392178,0.041846775,-0.1182115
-0.134206504,0.040007263,-0.114620179
-0.130760282,0.037901845,-0.110997193
-0.127011657,0.035531346,-0.107310258
-0.123202354,0.033125464,-0.103595577
-0.119191818,0.03060245,-0.099788822
-0.115124613,0.028059434,-0.095943891
-0.110869437,0.025450302,-0.091972314
-0.106568947,0.022828614,-0.08796075
-0.102118127,0.020165525,-0.08381658
-0.097630329,0.017495858,-0.079631567
-0.093019873,0.014804647,-0.075311139
-0.088397659,0.012110015,-0.070975021
-0.083708368,0.009396605,-0.06654942
-0.078972541,0.00666968,-0.062057599
-0.074185491,0.003925949,-0.057473801
-0.06935177,0.001167194,-0.052807484
-0.064485535,-0.001627821,-0.048053145
-0.059584498,-0.004441248,-0.043213546
-0.054665059,-0.007249081,-0.038289037
-0.049722757,-0.010056328,-0.033280052
-0.044771392,-0.012855005,-0.028187828
-0.039815471,-0.015641959,-0.023012893
-0.034871586,-0.018403832,-0.017757522
-0.029947264,-0.021134688,-0.012423025
-0.025049532,-0.023823483,-0.007013444
-0.02018868,-0.026462389,-0.001531199
-0.015377774,-0.029045237,0.004017475
-0.010625994,-0.031563655,0.009629133
-0.005939998,-0.034010198,0.015298273
-0.001319331,-0.036571629,0.021042459
0.003218276,-0.039085429,0.026830986
0.00766037,-0.041508593,0.032652039
0.011997125,-0.043842763,0.038496975
0.016228786,-0.046086583,0.044366524
0.020337362,-0.048235815,0.050247356
0.024326906,-0.050291374,0.056143641
0.028183492,-0.052249584,0.062050574
0.03190925,-0.054109558,0.06796971
0.035488687,-0.055860188,0.073899545
0.038925081,-0.0575024,0.07984066
0.042205419,-0.059020016,0.085793033
0.045333549,-0.060417291,0.091756746
0.048301466,-0.061680585,0.097732216
0.051107425,-0.062807664,0.103718787
0.05374743,-0.063796423,0.109711803
0.056218535,-0.064641811,0.115709908
0.058520667,-0.065339185,0.121707827
0.06065125,-0.065888263,0.127701357
0.062610239,-0.06631092,0.133676514
0.064396344,-0.066608123,0.139627129
0.066010959,-0.066786192,0.145541295
0.067453377,-0.066852838,0.151409596
0.068723381,-0.066823564,0.157216549
0.069820963,-0.066709682,0.162949368
0.07074713,-0.066517234,0.168598369
0.07150276,-0.066254683,0.174151823
0.072090283,-0.065913886,0.179605767
0.072511703,-0.065497294,0.18494913
0.072772019,-0.064988315,0.190175846
0.072870351,-0.064389259,0.195286244
0.072811864,-0.063680887,0.20026952
0.072528668,-0.062844172,0.205066621
0.071966209,-0.06188108,0.209606886
0.071343958,-0.060891759,0.214091137
0.070523232,-0.059813097,0.218389764
0.06955383,-0.058646068,0.222551182
0.068442978,-0.057394989,0.226582035
0.067192711,-0.056040093,0.230484217
0.065809786,-0.054586437,0.234263942
0.064299874,-0.053047787,0.237923473
0.062669121,-0.051428284,0.241468623
0.060925208,-0.0497544,0.244898662
0.059073631,-0.048028789,0.248219177
0.057123262,-0.046284113,0.251426548
0.05507889,-0.044521313,0.254526258
0.052949961,-0.042769186,0.257513762
0.05074057,-0.041027229,0.260394454
0.048460018,-0.039329253,0.263161689
0.046111755,-0.037673149,0.26582092
0.04370537,-0.036080055,0.268367231
0.041243672,-0.034546945,0.270806074
0.038737353,-0.033071335,0.273134559
0.036188565,-0.031650465,0.275357991
0.033608247,-0.030270237,0.277481258
0.030997925,-0.028928706,0.279509217
0.02836767,-0.027612289,0.281450003
0.025718451,-0.026319794,0.28330791
0.023059374,-0.025056146,0.285093367
0.020390917,-0.023819974,0.286809921
0.017722825,-0.022604702,0.288473576
0.01505508,-0.021409348,0.290086955
0.012396077,-0.020248834,0.291662991
0.009745392,-0.019121503,0.293203473
0.007112913,-0.018028777,0.294724524
0.004497758,-0.016969014,0.296227098
0.001909109,-0.015959788,0.297722995
-0.000654318,-0.014998686,0.299212605
-0.003181234,-0.014107447,0.30071041
-0.005673409,-0.013282727,0.302215993
-0.008120446,-0.012556925,0.30373925
-0.010524535,-0.01192529,0.305279315
-0.012874176,-0.011414695,0.306849539
-0.015172007,-0.011019317,0.308448553
-0.017407309,-0.010757623,0.310084403
-0.019583106,-0.010623181,0.311755329
-0.021688906,-0.010622321,0.313469708
-0.023728099,-0.010748619,0.315225422
-0.025734399,-0.010926323,0.317003042
-0.027670799,-0.011212513,0.318827093
-0.029541139,-0.011592644,0.320688844
-0.031328544,-0.012083028,0.322592437
-0.033038482,-0.01267794,0.324536502
-0.03466744,-0.013380271,0.326521873
-0.036213089,-0.014197625,0.328547984
-0.037670784,-0.015140214,0.330614746
-0.039041959,-0.016205916,0.332721263
-0.040324721,-0.017400971,0.334865659
-0.041517779,-0.018728407,0.337051094
-0.042643107,-0.019727452,0.339228809
-0.043680061,-0.020722255,0.341449082
-0.044619381,-0.021833761,0.343739122
-0.045370698,-0.023152528,0.346174777
-0.046011284,-0.024582511,0.34870401
-0.046544269,-0.026118929,0.351314425
-0.04697486,-0.027756693,0.354002118
-0.047297526,-0.029506691,0.356749713
-0.04751749,-0.031363554,0.359554321
-0.047631681,-0.033351172,0.36239472
-0.047645219,-0.035463281,0.365269184
-0.047556438,-0.037717279,0.368159324
-0.047370285,-0.04010636,0.371064335
-0.047084697,-0.042637117,0.373970389
-0.046704482,-0.045302752,0.376877427
-0.046281975,-0.04802189,0.379781336
-0.045769595,-0.050853655,0.38267839
-0.04517746,-0.053803056,0.385563821
-0.044489723,-0.056909598,0.388430089
-0.043713536,-0.060155466,0.391278684
-0.04284789,-0.0635432,0.394106895
-0.041889757,-0.067081407,0.396917105
-0.040835135,-0.070781216,0.399710476
-0.03968453,-0.07463716,0.402488559
-0.038436208,-0.078649469,0.405253679
-0.037087217,-0.082806207,0.408007056
-0.035633225,-0.087094039,0.410751313
-0.033974919,-0.09157268,0.413477808
-0.032194916,-0.096136123,0.416194975
-0.030293081,-0.100740671,0.418877065
-0.028275307,-0.105384387,0.421525836
-0.026141498,-0.110032134,0.424112678
-0.023897266,-0.11468377,0.4266406
-0.02154601,-0.119368009,0.42908439
-0.019092914,-0.12408334,0.431448102
-0.016545348,-0.128831819,0.433720529
-0.013907894,-0.133611888,0.435906112
-0.011187415,-0.138413519,0.438000053
-0.008387935,-0.143235683,0.440006733
-0.005514337,-0.148049563,0.441923201
-0.002571183,-0.152872458,0.443755805
0.000439385,-0.157656476,0.445498675
0.003514262,-0.162400767,0.447155774
0.006616851,-0.167120591,0.448771179
0.009778358,-0.171787217,0.450297683
0.012990119,-0.17640157,0.451744765
0.016260248,-0.180948168,0.453095913
0.019628912,-0.185339257,0.454286426
0.023052936,-0.189625457,0.455386043
0.026524337,-0.193798244,0.456405193
0.030040814,-0.197863102,0.457347721
0.033623308,-0.201751441,0.45816204
0.037232429,-0.205569059,0.458924651
0.04091683,-0.209137797,0.459508926
0.044608414,-0.212683469,0.460076213
0.048361763,-0.215937167,0.460452765
0.052120987,-0.219163626,0.460811108
0.055920377,-0.222080693,0.460985988
0.059723563,-0.224968836,0.461143404
0.063540362,-0.227482244,0.461132526
0.067358389,-0.229960427,0.461105615
0.071162626,-0.231993377,0.460923761
0.074965462,-0.233984321,0.460727155
0.078752279,-0.235741258,0.460454911
0.082526006,-0.237307429,0.460120976
0.086272798,-0.238586396,0.459712416
0.089995407,-0.239598632,0.459232509
0.093683548,-0.240317345,0.458689183
0.097339287,-0.240748718,0.458081216
0.100948483,-0.240838557,0.457419187
0.104513869,-0.240597203,0.45670101
0.108029604,-0.24000527,0.455934525
0.111493051,-0.239053816,0.455123037
0.114897415,-0.237728342,0.454271108
0.11823801,-0.236016288,0.453383118
0.121506952,-0.233942404,0.452453077
0.124706037,-0.23150295,0.451481789
0.127825826,-0.228744879,0.450464517
0.130868122,-0.225659132,0.449402213
0.133821085,-0.222297162,0.448300242
0.136687025,-0.218648881,0.447157651
0.139284343,-0.214505985,0.445981205
0.141860291,-0.210331038,0.444803745
0.144188777,-0.205942482,0.443650544
0.14649342,-0.201533645,0.442499757
0.148525059,-0.197031647,0.441405416
0.150530428,-0.192520842,0.440316617
0.152246267,-0.188020244,0.439306855
0.15393424,-0.18352069,0.438304752
0.155473784,-0.17906265,0.437350482
0.156892255,-0.17463842,0.436435223
0.158152863,-0.170297503,0.435574442
0.159264117,-0.166030183,0.434764713
0.160014331,-0.161956713,0.434076577
0.160737514,-0.157897949,0.433397591
0.16120103,-0.153987154,0.432797998
0.161594614,-0.150056541,0.432211608
0.161696032,-0.145799324,0.431647152
0.161684439,-0.141590729,0.431114942
0.161471099,-0.137469172,0.43064025
0.161139414,-0.133413911,0.43019405
0.16059646,-0.129477322,0.429798722
0.159936607,-0.125607014,0.429428041
0.159068033,-0.121855482,0.429101318
0.158085361,-0.118194714,0.428794175
0.156898946,-0.114696495,0.428521961
0.155599251,-0.111280754,0.428266346
0.154097259,-0.10801284,0.428040296
0.152482212,-0.104810104,0.427825451
0.150665283,-0.101724386,0.427630574
0.148735359,-0.098689534,0.427441061
0.146603644,-0.095746234,0.427261055
0.144359499,-0.092849478,0.427081615
0.141914546,-0.090036646,0.426903248
0.139359474,-0.08727631,0.426721722
0.136607707,-0.084610581,0.426534593
0.133760005,-0.082028322,0.426340252
0.13074097,-0.079596035,0.426133066
0.127572447,-0.077340499,0.425906956
0.124286018,-0.075224027,0.425665915
0.120818391,-0.073378012,0.425395459
0.117293298,-0.071616776,0.425115585
0.113556579,-0.07023222,0.424789965
0.10979861,-0.068889022,0.424459517
0.10593015,-0.067785949,0.424104035
0.101980485,-0.066864483,0.423727781
0.09793058,-0.066209033,0.423308462
0.09378922,-0.065788768,0.422853082
0.089569651,-0.065607458,0.422352016
0.08526925,-0.065660514,0.421806544
0.080905601,-0.065923825,0.421199113
0.076473564,-0.066404462,0.420535266
0.071987361,-0.067083813,0.419805437
0.06745024,-0.067957103,0.419007689
0.062872283,-0.069006085,0.418138146
0.058260284,-0.070220903,0.417194158
0.053618133,-0.071596317,0.416184127
0.048939388,-0.073151819,0.415087909
0.044221621,-0.074866369,0.413872421
0.039502706,-0.076573506,0.412638754
0.034777857,-0.078249693,0.411309361
0.030056706,-0.079895705,0.409959972
0.025355276,-0.081390463,0.408504993
0.020662813,-0.08283788,0.407027215
0.016017986,-0.084043205,0.405429244
0.011386231,-0.085173912,0.403806865
0.006823892,-0.085918136,0.402055621
0.002294955,-0.086895682,0.400318772
-0.002146804,-0.087379813,0.398449481
-0.006569641,-0.087757185,0.396555066
-0.010891973,-0.087577678,0.394527763
-0.015192798,-0.087286413,0.39247635
-0.019379389,-0.086411595,0.390297443
-0.023541769,-0.085438192,0.38809821
-0.027575549,-0.083950609,0.385791689
-0.031582005,-0.082379647,0.383468568
-0.035443328,-0.080374666,0.381057709
-0.039273553,-0.078302823,0.378634483
-0.04293865,-0.075883985,0.376145929
-0.046568185,-0.073420934,0.373649597
-0.050008904,-0.070730373,0.3711119
-0.053409219,-0.06801419,0.368569374
-0.056595046,-0.065168522,0.36600101
-0.059764758,-0.06231606,0.363431334
-0.06279327,-0.059414871,0.360850006
-0.065719314,-0.056484241,0.358259767
-0.068484597,-0.053552628,0.355652511
-0.071108624,-0.050611857,0.353031486
-0.073575221,-0.047679633,0.350398809
-0.075887077,-0.044756174,0.347755373
-0.078018822,-0.041892909,0.345114052
-0.079979002,-0.039070718,0.342470199
-0.081758924,-0.036288228,0.339825124
-0.083356455,-0.033544987,0.337179989
-0.084763937,-0.030838231,0.33454439
-0.085976742,-0.028164253,0.331921697
-0.086990923,-0.02550159,0.329321176
-0.08774814,-0.022850009,0.326746732
-0.08810591,-0.020162316,0.324219584
-0.088402525,-0.01744326,0.321697503
-0.088374682,-0.014561471,0.319201797
-0.088287272,-0.011627317,0.31670925
-0.087883748,-0.008419051,0.314233065
-0.087458834,-0.005185631,0.311757416
-0.086846612,-0.001738642,0.309285402
-0.086102016,0.001860868,0.306816757
-0.085175037,0.005680254,0.304357678
-0.084084429,0.009695393,0.301906615
-0.082832009,0.013913069,0.299469143
-0.081416726,0.018323196,0.297045082
-0.079835661,0.022868156,0.294649005
-0.078090221,0.027565219,0.292276323
-0.076183803,0.032373261,0.289935112
-0.07411661,0.037278097,0.287627012
-0.071885169,0.042202052,0.285355479
-0.069489144,0.047115687,0.283122271
-0.066920295,0.051973268,0.280914932
-0.064176112,0.056732208,0.278731287
-0.061248954,0.061349656,0.27654478
-0.058134805,0.065780595,0.274346113
-0.054833345,0.069964692,0.27210772
-0.051341977,0.07384403,0.269811988
-0.047672737,0.077312514,0.267436832
-0.043823626,0.080398038,0.264989853
-0.039813045,0.083006851,0.262464046
-0.035637453,0.085166588,0.25986281
-0.031321909,0.086823344,0.257192165
-0.026860433,0.088000171,0.254450917
-0.022278327,0.088721074,0.251647115
-0.017569464,0.088986747,0.248777479
-0.012758757,0.088870957,0.245839998
-0.00781819,0.088254809,0.242811695
-0.002731727,0.08698263,0.23962982
0.002366854,0.085635744,0.236422926
0.007530252,0.083894789,0.233082429
0.012709572,0.082019441,0.229671896
0.01791276,0.079943448,0.226156607
0.023117652,0.077653602,0.222515211
0.028323427,0.075244881,0.218803957
0.03349879,0.072481655,0.214944333
0.038657233,0.069541879,0.211055279
0.043766178,0.066367231,0.207015216
0.048844349,0.063094586,0.202914417
0.053869996,0.059654567,0.198709413
0.058829583,0.056050166,0.194404766
0.063747063,0.05234091,0.190036818
0.068551734,0.048400689,0.185526237
0.07332205,0.044394732,0.180974752
0.077950954,0.04014463,0.176265121
0.082519084,0.035801288,0.171494111
0.086967684,0.031274799,0.166601881
0.09129817,0.026580641,0.161600575
0.095542714,0.021764355,0.156520009
0.099755108,0.016886782,0.151407942
0.103814349,0.011729759,0.146150544
0.107740074,0.006349411,0.140778735
0.111528039,0.000790871,0.135304689
0.115184389,-0.004886067,0.129744753
0.118695855,-0.010681792,0.124103405
0.122069605,-0.016733926,0.11841099
0.125225708,-0.022757342,0.112597622
0.128190666,-0.028764328,0.106673978
0.130966455,-0.034766018,0.100643232
0.133539885,-0.040770728,0.094505884
0.135900572,-0.046763435,0.088272713
0.138058066,-0.052720718,0.081965014
0.139996633,-0.058627054,0.075593665
0.141701609,-0.064458638,0.069172107
0.14315176,-0.07017763,0.062715732
0.14436318,-0.075763881,0.05624209
0.145368755,-0.081220597,0.049762417
0.14613463,-0.086518303,0.04328458
0.146655604,-0.091652542,0.036814582
0.146923155,-0.096629664,0.030360343
0.146935716,-0.101467893,0.023927644
0.146690965,-0.106203377,0.017526161
0.146158546,-0.110838227,0.011159986
0.145299017,-0.115368187,0.004836859
0.144183412,-0.119820066,-0.001444465
0.142668933,-0.124154337,-0.007634165
0.140967652,-0.128433973,-0.013769071
0.139025241,-0.132654697,-0.019826427
0.136828408,-0.136842191,-0.02579415
0.134342164,-0.141023383,-0.03164994
0.131648928,-0.145207345,-0.037418589
0.128785849,-0.149394631,-0.043113779
0.125716925,-0.153588817,-0.048719078
0.122385293,-0.157783672,-0.054211635
0.11882209,-0.161967099,-0.059602536
0.114986077,-0.16608651,-0.064865418
0.111006781,-0.170160115,-0.070059001
0.106722042,-0.174038261,-0.0750852
0.102300234,-0.177772492,-0.080025248
0.097696707,-0.181308836,-0.084849894
0.092841625,-0.184484825,-0.089492083
0.087859705,-0.187472671,-0.094028674
0.082681462,-0.190164909,-0.098391607
0.077302456,-0.192494571,-0.102564074
0.071814761,-0.19461906,-0.106630571
0.066156745,-0.196400225,-0.110524654
0.06035791,-0.19786121,-0.114269108
0.054389693,-0.198867902,-0.11781989
0.048254676,-0.199403584,-0.121180981
0.041935287,-0.199387819,-0.124315597
0.03551377,-0.199057177,-0.127320975
0.028925296,-0.19819124,-0.130081922
0.022277012,-0.19712171,-0.132743075
0.015497128,-0.19558391,-0.135160357
0.008646393,-0.193732932,-0.137385681
0.001731295,-0.191597134,-0.139436513
-0.005221231,-0.189207926,-0.141297162
-0.012207732,-0.186588243,-0.142984927
-0.019198738,-0.183773533,-0.144491494
-0.026193788,-0.180781424,-0.145833328
-0.033181317,-0.177712902,-0.147098377
-0.040153898,-0.17448765,-0.148205355
-0.047103561,-0.171135738,-0.149175942
-0.054017764,-0.167645007,-0.149988532
-0.060891245,-0.164043203,-0.150658861
-0.067711547,-0.160353094,-0.151191771
-0.074472412,-0.156591892,-0.151593447
-0.081160344,-0.152790427,-0.151873112
-0.087742649,-0.148958132,-0.151994914
-0.09418314,-0.145206034,-0.151997104
-0.100463726,-0.141570747,-0.151890934
-0.106474072,-0.138141111,-0.151622638
-0.112332702,-0.134830117,-0.151267216
-0.117921717,-0.131739721,-0.150784016
-0.123336233,-0.1287916,-0.150218219
-0.128441736,-0.12605305,-0.149541318
-0.133373767,-0.123431571,-0.148802146
-0.13796331,-0.120992683,-0.147989899
-0.142387077,-0.11864154,-0.147142306
-0.146433681,-0.116444185,-0.14627099
-0.150324151,-0.114309832,-0.14538984
-0.153811857,-0.112304486,-0.14453046
-0.157158494,-0.11034365,-0.143678665
-0.160300761,-0.108425327,-0.142851815
-0.163212836,-0.106555037,-0.142053097
-0.165860832,-0.104730532,-0.141299203
-0.168236375,-0.10295251,-0.14059262
-0.170343444,-0.101216994,-0.139942005
-0.172180951,-0.099523678,-0.13934882
-0.173730224,-0.097887293,-0.138823867
-0.174988851,-0.096309558,-0.138368696
-0.175950482,-0.09480115,-0.137987122
-0.176613927,-0.093363687,-0.13767986
-0.176964298,-0.092006333,-0.137450382
-0.176999629,-0.090730503,-0.137299225
-0.176708147,-0.089545608,-0.137227818
-0.176088154,-0.088453047,-0.137236431
-0.175133452,-0.087456301,-0.137325868
-0.17383714,-0.086559698,-0.137497127
-0.1721894,-0.085766606,-0.137752682
-0.170186877,-0.085076824,-0.138094097
-0.167735428,-0.084515102,-0.138545424
-0.164861813,-0.084070005,-0.139100149
-0.161647752,-0.083703898,-0.139741644
-0.158072293,-0.083388314,-0.140481412
-0.154077441,-0.083080754,-0.141345978
-0.149633899,-0.082723595,-0.142352521
-0.144825429,-0.082208179,-0.143483862
-0.139727622,-0.081567392,-0.144714087
-0.134293512,-0.080733262,-0.146066755
-0.128592759,-0.079745956,-0.147516444
-0.122584932,-0.07855393,-0.149069086
-0.116333649,-0.077199712,-0.150703311
-0.109807782,-0.075620808,-0.152416602
-0.103064202,-0.073863916,-0.154192522
-0.096074603,-0.072009817,-0.156010911
-0.088887282,-0.070130952,-0.157856598
-0.081496328,-0.068037249,-0.159742936
-0.073943891,-0.065773383,-0.161661431
-0.066314556,-0.063430458,-0.163595319
-0.058540821,-0.060938362,-0.165558249
-0.050647914,-0.058329254,-0.167544544
-0.042624924,-0.055600949,-0.169554859
-0.034476284,-0.052771356,-0.171583265
-0.026195852,-0.049848232,-0.173615217
-0.01778782,-0.046841245,-0.175625235
-0.009305288,-0.043782767,-0.177604288
-0.000764854,-0.040646702,-0.179553032
0.007807247,-0.037420943,-0.181481943
0.016371273,-0.034114081,-0.183411971
0.024923638,-0.030692184,-0.185343623
0.033437628,-0.027132075,-0.187278882
0.041913111,-0.0234333,-0.189217731
0.050315287,-0.019527817,-0.191147327
0.058665488,-0.015475516,-0.193070322
0.066901863,-0.011151234,-0.194958374
0.075082377,-0.006693099,-0.196829155
0.083101064,-0.001915094,-0.19863461
0.09106762,0.00296634,-0.20041877
0.098815516,0.00818782,-0.202110231
0.106522299,0.013473501,-0.203783974
0.114090644,0.018928347,-0.205402717
0.121546589,0.02452057,-0.206976742
0.128842518,0.030233629,-0.208477795
0.135987446,0.036066744,-0.209910437
0.142958477,0.041994791,-0.211255461
0.149741948,0.047995083,-0.212500811
0.156231433,0.054057308,-0.213584766
0.162503853,0.060128193,-0.214559361
0.168522403,0.066193357,-0.2154309
0.174302936,0.072248578,-0.216231048
0.179706052,0.078297123,-0.216968581
0.184739918,0.084347151,-0.217666626
0.189480215,0.090410292,-0.218349159
0.193935305,0.096486181,-0.219016626
0.197987825,0.102584295,-0.219661802
0.201835752,0.108693555,-0.220295534
0.205169588,0.114827856,-0.220884517
0.208389699,0.120967492,-0.221463412
0.21098417,0.127123177,-0.221965864
0.21347788,0.133278072,-0.222453788
0.215404913,0.139426157,-0.222859144
0.217145294,0.145558819,-0.223236367
0.218417421,0.1516532,-0.22354345
0.2194006,0.15770784,-0.223810747
0.220017284,0.163712144,-0.224027619
0.220245555,0.169640586,-0.224203274
0.220211193,0.175517693,-0.224350944
0.219693363,0.18124558,-0.224465862
0.219016418,0.186924249,-0.224569812
0.21776405,0.19240658,-0.224656418
0.21641396,0.197857946,-0.224741578
0.214478955,0.203146964,-0.224834889
0.212410018,0.208409742,-0.224936888
0.209862381,0.213578895,-0.225070536
0.20709081,0.218715385,-0.225230247
0.203945056,0.223797277,-0.225433663
0.200492039,0.228833303,-0.225685745
0.196766794,0.233828723,-0.225980952
0.192659691,0.238751873,-0.22634837
0.188377842,0.243642032,-0.226748705
0.183651567,0.248387918,-0.227243528
0.178841799,0.253106833,-0.227755889
0.173538625,0.257571191,-0.22837922
0.168164343,0.261986166,-0.229018763
0.162401706,0.266129792,-0.229747966
0.156510413,0.270154744,-0.23050876
0.150329903,0.273912907,-0.231340826
0.143975347,0.277471364,-0.23222135
0.137419537,0.280798882,-0.233157933
0.130657911,0.283859372,-0.234162301
0.123770013,0.286756039,-0.235208139
0.11665836,0.289327145,-0.236346155
0.10948205,0.291804194,-0.237510636
0.102100663,0.293976545,-0.238778204
0.094655804,0.296079665,-0.240079582
0.08710131,0.298076481,-0.241440743
0.079423875,0.299939752,-0.2428886
0.071652949,0.301585913,-0.24443242
0.063815795,0.302956372,-0.246054873
0.055940427,0.304142505,-0.247724816
0.04802312,0.305112869,-0.249447301
0.040059976,0.305761874,-0.251231909
0.0320585,0.306080759,-0.253071725
0.024046842,0.306243479,-0.254944861
0.016037006,0.306335062,-0.256848186
0.008046059,0.306441873,-0.258797884
8.05E-05,0.30662182,-0.260793954
-0.007847191,0.306945086,-0.262850791
-0.0157276,0.307484269,-0.264979243
-0.023551404,0.30835402,-0.267188728
-0.031319316,0.309584796,-0.269476265
-0.038954183,0.311720937,-0.271913856
-0.04657216,0.313946664,-0.274365097
-0.054102018,0.3166444,-0.276890904
-0.061558455,0.319674224,-0.279450506
-0.068937205,0.323030233,-0.282027692
-0.076230466,0.326701313,-0.284608513
-0.083397329,0.330699325,-0.287174523
-0.090405606,0.33514607,-0.289690495
-0.097318843,0.339911819,-0.292169303
-0.104099378,0.345158786,-0.294594944
-0.110715114,0.350888938,-0.296971679
-0.117191717,0.357046813,-0.299308509
-0.123492412,0.363742828,-0.301601261
-0.129628614,0.370961905,-0.303854138
-0.135615066,0.378775299,-0.306067079
-0.141474217,0.386983633,-0.308253825
-0.1472103,0.395474106,-0.310413033
-0.152784154,0.404298484,-0.312520683
-0.158203468,0.413427651,-0.314560562
-0.163370356,0.423001587,-0.316440552
-0.168431908,0.432756215,-0.318249464
-0.173273981,0.442853808,-0.31989184
-0.178024769,0.453078568,-0.321465373
-0.182563633,0.463543504,-0.322880208
-0.186921328,0.474064797,-0.32417345
-0.191130877,0.484577209,-0.325371861
-0.195076659,0.494915336,-0.326414287
-0.198810592,0.504950225,-0.327335864
-0.20238179,0.514707208,-0.32816577
-0.205686793,0.523903012,-0.328847975
-0.208734587,0.532429457,-0.329387128
-0.21159187,0.540433526,-0.329819977
-0.21415028,0.547565997,-0.330085099
-0.216401368,0.553756237,-0.330177128
-0.218432546,0.559273005,-0.330145746
-0.220132247,0.563771725,-0.329928815
-0.221472368,0.567189574,-0.329514772
-0.222564504,0.569881439,-0.328967214
-0.223298371,0.571543932,-0.328229487
-0.223625004,0.572136581,-0.327283919
-0.223682895,0.572082996,-0.326204747
-0.223370254,0.571191669,-0.324944705
-0.222615838,0.569392741,-0.323484778
-0.221581474,0.567081153,-0.321902812
-0.220177531,0.56413728,-0.32016319
-0.218313262,0.560520291,-0.318239838
-0.216170594,0.556582153,-0.316208541
-0.213676721,0.552288353,-0.314042926
-0.210729063,0.547716796,-0.311715662
-0.207519203,0.543067634,-0.309301496
-0.203992635,0.53836143,-0.306785315
-0.200038671,0.533757806,-0.304147124
-0.195848763,0.529286146,-0.301448166
-0.191385865,0.524992526,-0.298681229
-0.186536551,0.521103144,-0.295830518
-0.181483299,0.517490208,-0.292940438
-0.176203832,0.514199197,-0.290007949
-0.170587435,0.511507869,-0.28702122
-0.164800674,0.509168327,-0.284011006
-0.158832625,0.507210732,-0.280976474
-0.152577907,0.505935311,-0.277911305
-0.146182984,0.505021155,-0.274834991
-0.139644876,0.504478455,-0.271747708
-0.132863417,0.504596531,-0.268649638
-0.125939563,0.505106509,-0.265550464
-0.118875489,0.506002665,-0.262450337
-0.111683473,0.50724262,-0.259358257
-0.104362093,0.50883019,-0.256274343
-0.096923821,0.510721028,-0.253206104
-0.089367338,0.512918472,-0.250153691
-0.081708878,0.515354633,-0.247123688
-0.073947281,0.518032074,-0.244116336
-0.066098727,0.52087909,-0.241136551
-0.058162242,0.523897469,-0.238184646
-0.050155081,0.527006209,-0.235263437
-0.042076446,0.530206203,-0.232373267
-0.033944279,0.533470452,-0.229512438
-0.025757972,0.53679955,-0.226681322
-0.017538847,0.540160418,-0.223874167
-0.009286533,0.543553233,-0.221091256
-0.00102162,0.546948731,-0.218329981
0.007256038,0.550346911,-0.215590611
0.015533525,0.553729773,-0.212856889
0.023810459,0.557075262,-0.210135505
0.032079145,0.560365021,-0.207428128
0.040329978,0.563563228,-0.204740912
0.048558768,0.566670895,-0.202071801
0.056754582,0.569667459,-0.199422047
0.064909324,0.572563529,-0.19679381
0.073006496,0.575359643,-0.194190413
0.081009977,0.578031182,-0.191622004
0.088924021,0.580622494,-0.189080238
0.096736677,0.583169639,-0.186547503
0.104366519,0.585814059,-0.183971182
0.111877829,0.588441193,-0.181356326
0.119189814,0.591169655,-0.178668469
0.126331657,0.593969166,-0.175917178
0.133292183,0.596868992,-0.173105851
0.140055642,0.599903047,-0.170239672
0.146614134,0.603082538,-0.167328224
0.15295808,0.606394768,-0.164382771
0.159094587,0.609810472,-0.161408082
0.165048748,0.61331439,-0.158425197
0.170766577,0.616894543,-0.155447528
0.176263705,0.620538771,-0.152479395
0.181520537,0.624270678,-0.149520397
0.186593279,0.628073931,-0.146564901
0.191363961,0.632008433,-0.143606752
0.195842162,0.636079133,-0.140639171
0.199947238,0.640312493,-0.137649268
0.203814119,0.644626915,-0.134635493
0.207469329,0.649001062,-0.131597638
0.210849091,0.653430104,-0.128523052
0.213924766,0.657889664,-0.125400901
0.216866344,0.662356555,-0.12225733
0.2195739,0.666824758,-0.119075201
0.222066477,0.671290219,-0.115859114
0.224294096,0.675745785,-0.112603456
0.226271883,0.680191755,-0.109312378
0.227986082,0.684622586,-0.10598886
0.229437292,0.689042628,-0.102633998
0.230615005,0.693455517,-0.099252343
0.231520727,0.697865725,-0.095842548
0.232144818,0.702291608,-0.09240675
0.232484296,0.706730843,-0.08894556
0.232532829,0.711171985,-0.085460238
0.232284009,0.71560955,-0.081950769
0.231733441,0.720037997,-0.078416735
0.230873704,0.724614799,-0.074875742
0.229701728,0.729022264,-0.071287498
0.228219911,0.73332423,-0.067659378
0.226432681,0.737623096,-0.064003117
0.224341854,0.741961598,-0.060336784
0.221948072,0.746334732,-0.056662384
0.219253227,0.750755548,-0.052992627
0.216262132,0.755219579,-0.049344134
0.212976143,0.759724736,-0.045721564
0.209399953,0.764256537,-0.042138997
0.205538139,0.768791914,-0.038604558
0.201397866,0.773292184,-0.035129339
0.196991846,0.777690887,-0.031708423
0.192323357,0.781979263,-0.028337175
0.187403604,0.786113441,-0.025004881
0.182239681,0.790087819,-0.021705702
0.176835701,0.793893516,-0.018437883
0.171206266,0.797498882,-0.01519666
0.165253878,0.800824404,-0.011990861
0.159090877,0.803932548,-0.008809115
0.152719125,0.806818783,-0.005665212
0.146162227,0.809500158,-0.002570241
0.139364988,0.811896384,0.000431297
0.13246128,0.814163923,0.003388118
0.125392467,0.816200614,0.006250043
0.11822544,0.818099022,0.009055324
0.110920221,0.81976229,0.01175966
0.103532821,0.821284771,0.014403753
0.096032493,0.822579086,0.016944729
0.088465042,0.823736668,0.019424168
0.080806531,0.824716091,0.021800889
0.073093921,0.825588524,0.024116315
0.065317675,0.826320469,0.02632967
0.057503659,0.826967895,0.028482119
0.04962818,0.827482522,0.030483246
0.041739047,0.827964306,0.032447059
0.033811554,0.828318059,0.034213018
0.025882643,0.828646779,0.035927683
0.017947989,0.828894615,0.037467796
0.01002493,0.829102218,0.038902953
0.002117325,0.829256415,0.040197119
-0.005775752,0.829387844,0.041413791
-0.013644882,0.829482496,0.042501517
-0.021485819,0.829529583,0.043467671
-0.029293191,0.829518557,0.04430075
-0.037050158,0.829461038,0.044997793
-0.04475176,0.829358101,0.045559142
-0.052384678,0.829212487,0.045989662
-0.059939981,0.829030275,0.046286728
-0.067409225,0.828815639,0.046447303
-0.074773572,0.828575969,0.046455152
-0.082029022,0.828315556,0.046304069
-0.089158349,0.828037202,0.045975551
-0.096140645,0.827733874,0.045444988
-0.102967024,0.827415466,0.044705667
-0.10953927,0.827052772,0.043662436
-0.115911618,0.826640308,0.04241487
-0.122098096,0.82617563,0.041010514
-0.128027722,0.825640857,0.039434876
-0.133742541,0.825055718,0.037745398
-0.139235303,0.824428618,0.035954583
-0.144499525,0.823768854,0.034073506
-0.149511263,0.823086679,0.032106481
-0.153989956,0.822377384,0.030007513
-0.158436537,0.821664631,0.027900539
-0.162356511,0.820969701,0.02568836
-0.16624476,0.820274055,0.023469767
-0.169587225,0.81963408,0.021155918
-0.172896832,0.818995714,0.018836245
-0.175647795,0.81844914,0.016425759
-0.178365156,0.81790632,0.014009709
-0.180797264,0.81744653,0.011548927
-0.183012739,0.817049444,0.009054138
-0.184931502,0.816755354,0.006508593
-0.186575517,0.81655395,0.003916739
-0.187536776,0.816468179,0.001214199
-0.188550666,0.816965401,-0.001208936
-0.189176738,0.817698359,-0.003555219
-0.189519703,0.818357885,-0.005930897
-0.18957302,0.818939269,-0.008334936
-0.189149886,0.819419324,-0.010769487
-0.188464031,0.81983465,-0.013208659
-0.187515497,0.820185065,-0.015651379
-0.186095476,0.820417404,-0.018083148
-0.184326142,0.820571244,-0.020492638
-0.182301119,0.820667326,-0.022885881
-0.179896727,0.820657313,-0.025232162
-0.177214593,0.820569396,-0.027544133
-0.17415978,0.820356011,-0.029789412
-0.170832127,0.820050418,-0.031985946
-0.167138442,0.819638968,-0.034101885
-0.16317679,0.819149554,-0.036158908
-0.158860207,0.818544507,-0.038120888
-0.154283792,0.817854345,-0.04001338
-0.149366021,0.817046821,-0.041801881
-0.144198328,0.81615293,-0.043514345
-0.138705567,0.815140069,-0.045116775
-0.132974789,0.814039648,-0.04663875
-0.126937807,0.812815905,-0.048045915
-0.120676614,0.811501563,-0.049369123
-0.114286616,0.810136497,-0.050638847
-0.10766615,0.808681846,-0.051812556
-0.100841857,0.807144403,-0.052897174
-0.093789279,0.805512071,-0.053879134
-0.086530037,0.803786278,-0.05476306
-0.0790703,0.801962793,-0.055546526
-0.071414843,0.80002141,-0.056225877
-0.063570209,0.797944307,-0.056797132
-0.05554061,0.79573226,-0.05726102
-0.047338855,0.793370187,-0.05761509
-0.038972504,0.790844977,-0.057854254
-0.030453967,0.788135588,-0.057970233
-0.02179715,0.785235226,-0.057950709
-0.013013579,0.782282948,-0.057804987
-0.004012687,0.779063702,-0.057381
0.005079315,0.775685668,-0.056818254
0.014236202,0.772110164,-0.056087453
0.023440706,0.768389463,-0.055233736
0.032665785,0.764483154,-0.054227397
0.041906063,0.76044029,-0.053109437
0.051125634,0.756210864,-0.051863238
0.06033019,0.751844227,-0.050523262
0.069475718,0.747306049,-0.049083382
0.078578182,0.742641687,-0.047570448
0.08758495,0.737822115,-0.045983214
0.09652181,0.732888401,-0.044341661
0.105326667,0.727799594,-0.042640477
0.114035048,0.722596645,-0.040895712
0.122578405,0.717270136,-0.039107278
0.13100113,0.711852551,-0.037286937
0.139224648,0.706316888,-0.035426807
0.147302493,0.700694025,-0.033537615
0.155147567,0.694955945,-0.031609051
0.16282241,0.689132929,-0.029651726
0.17023541,0.683234572,-0.027666921
0.177456886,0.677280366,-0.025662061
0.184339941,0.670453191,-0.023538826
0.190988928,0.66320473,-0.021356104
0.197317496,0.655842364,-0.019152572
0.203411683,0.648395956,-0.016933855
0.209160596,0.640848815,-0.014705794
0.214656949,0.633227348,-0.012470935
0.219783843,0.625557065,-0.010240779
0.224640489,0.617850482,-0.008014103
0.229106575,0.610139489,-0.0058123
0.233286932,0.602424741,-0.003628738
0.237056464,0.594712794,-0.001483017
0.24052541,0.587002337,0.000634974
0.243566692,0.579304874,0.002702242
0.246295035,0.571616411,0.004732354
0.248582229,0.563954353,0.006700844
0.250546634,0.556310952,0.008624204
0.252058446,0.54871279,0.010482427
0.253239095,0.541147172,0.012292947
0.253961831,0.533654869,0.014033222
0.2543495,0.526215613,0.015722057
0.254276603,0.51890254,0.017338663
0.253866762,0.511681199,0.018902378
0.25299716,0.504622936,0.020393891
0.25179112,0.497683525,0.021832529
0.250130236,0.490905851,0.023199039
0.248118848,0.484366953,0.024571594
0.245557189,0.478770912,0.026223404
0.242696047,0.473734319,0.02776839
0.239641011,0.468751162,0.029285045
0.236238599,0.463865221,0.03075109
0.232517481,0.45907253,0.032162037
0.228431657,0.454389572,0.033504352
0.223689348,0.449905574,0.034722481
0.218642846,0.445513695,0.035881326
0.213289127,0.44120881,0.036983646
0.207710549,0.436967224,0.038044564
0.201601639,0.432814896,0.039036814
0.195294783,0.428696483,0.040005628
0.188615248,0.424643636,0.040931299
0.181771964,0.420606822,0.041838773
0.17456013,0.416607678,0.042705484
0.167203292,0.412623763,0.043552998
0.159520149,0.408675611,0.044357486
0.151712045,0.404745787,0.045142684
0.143622845,0.400858581,0.045884624
0.13542901,0.396995932,0.046609625
0.12699984,0.393189818,0.047296651
0.118534923,0.389397293,0.047978159
0.10992448,0.38566336,0.048637509
0.101210274,0.381978571,0.049279965
0.092381515,0.378370851,0.049900584
0.083449632,0.374834687,0.050503377
0.074436247,0.371388644,0.051094409
0.065341473,0.368028581,0.051674407
0.056193307,0.364765346,0.052253332
0.046985254,0.361596972,0.052828681
0.037740171,0.358534575,0.053407703
0.028466435,0.355580747,0.053993955
0.019189315,0.35274145,0.054599535
0.009922587,0.350019217,0.055229705
0.000685069,0.347408056,0.055892237
-0.008506007,0.344905943,0.056592904
-0.017632464,0.342491537,0.057332646
-0.026676156,0.340154856,0.058115009
-0.035617292,0.337861389,0.058933701
-0.044430677,0.335582554,0.059787378
-0.053089667,0.333269745,0.060665064
-0.061595991,0.330928475,0.061568532
-0.069919541,0.328552395,0.062493552
-0.078061759,0.326124877,0.063440248
-0.085988894,0.323597968,0.064404815
-0.093705185,0.320983142,0.065390252
-0.101181023,0.318272054,0.0664028
-0.108267762,0.315419644,0.06746351
-0.114913486,0.312425315,0.068585888
-0.121377237,0.309388041,0.069727615
-0.127430707,0.306255341,0.070913017
-0.133290574,0.303098857,0.072113216
-0.138730437,0.299621761,0.073380485
-0.143978432,0.295968711,0.074682459
-0.148769438,0.292320043,0.076012492
-0.153478965,0.288678885,0.077346087
-0.157853767,0.285072356,0.078694329
-0.16196765,0.281494766,0.080054499
-0.165725842,0.277963251,0.081432372
-0.169163898,0.274473906,0.082824513
-0.17227082,0.271036416,0.084227636
-0.175044075,0.267646909,0.085641779
-0.177461699,0.264305681,0.087062828
-0.179532111,0.261011541,0.088491164
-0.181252524,0.257759571,0.089920893
-0.182621658,0.25454706,0.091346867
-0.183635473,0.251364619,0.092749223
-0.184292361,0.248208523,0.09411744
-0.184591144,0.245073766,0.095422573
-0.184530243,0.241956055,0.096648276
-0.184110552,0.238854468,0.097766548
-0.183332011,0.235765532,0.098758742
-0.182199582,0.23268944,0.099610217
-0.18071799,0.229624823,0.100302726
-0.178900659,0.226574957,0.100838833
-0.176748052,0.223542333,0.101220362
-0.1742789,0.220538512,0.101454161
-0.17149353,0.217566878,0.101539709
-0.168416783,0.214652464,0.10148409
-0.165050834,0.211886927,0.101272523
-0.161418661,0.209288225,0.100905612
-0.157513499,0.206782326,0.100389667
-0.153356493,0.204408213,0.099714242
-0.148812637,0.202229291,0.098792166
-0.143894389,0.20026879,0.097610295
-0.138847366,0.198389322,0.096324094
-0.133509845,0.196693286,0.094803095
-0.128056973,0.195076108,0.093171202
-0.122343905,0.193637297,0.091289729
-0.116531424,0.1922649,0.089294575
-0.110494651,0.191042706,0.087043613
-0.104423963,0.18984592,0.084745727
-0.098213345,0.188754171,0.08225625
-0.091904655,0.187734783,0.07962054
-0.085492127,0.186787948,0.076794408
-0.078985237,0.185910478,0.073795676
-0.072405957,0.185092419,0.070623122
-0.065754399,0.184323162,0.067278035
-0.059058942,0.183556795,0.063762903
-0.052313019,0.182808161,0.06007788
-0.045539808,0.18205829,0.056228328
-0.038746994,0.181301162,0.05221406
-0.031954553,0.180552736,0.048027158
-0.025151683,0.180185258,0.043616939
-0.018375551,0.179811686,0.039017115
-0.011639779,0.179433376,0.034221057
-0.004953823,0.179080307,0.029209753
0.001669629,0.178761259,0.023975421
0.008220123,0.178494662,0.018517032
0.01468225,0.178295076,0.01283447
0.021041362,0.178165913,0.006956869
0.027298346,0.178109005,0.000887276
0.033435997,0.178135827,-0.005328555
0.039456986,0.178250253,-0.011695216
0.045347642,0.178478673,-0.018168535
0.051109482,0.178813159,-0.024752438
0.05673559,0.179256886,-0.031422805
0.062221918,0.179804623,-0.038165785
0.067459092,0.180449098,-0.04499663
0.072517321,0.181122407,-0.051874127
0.077397682,0.181757107,-0.058777787
0.082159035,0.182366505,-0.065699011
0.086651489,0.182875678,-0.072643839
0.091060229,0.183354735,-0.079596147
0.095186986,0.183702126,-0.086562559
0.099225968,0.184009641,-0.093533479
0.10294646,0.184149891,-0.100502849
0.106567845,0.184239194,-0.107471861
0.109832071,0.184128344,-0.11441943
0.112985164,0.183956355,-0.121360451
0.115792409,0.183591291,-0.128272951
0.118492045,0.183167279,-0.135176703
0.120801643,0.182531551,-0.142033488
0.122989886,0.181831077,-0.148875758
0.124795817,0.180930242,-0.155661568
0.1264828,0.179968148,-0.162429914
0.127788603,0.178812504,-0.1691311
0.128975824,0.177597716,-0.175811499
0.130000725,0.17630437,-0.182460338
0.130827248,0.1749174,-0.189070314
0.131439418,0.173436373,-0.195635989
0.131733388,0.171812221,-0.202130467
0.131782591,0.170071676,-0.208564997
0.131602585,0.168216228,-0.214939773
0.131251857,0.16627197,-0.221268043
0.130701393,0.164220497,-0.227538764
0.129948482,0.162106916,-0.233753368
0.12900582,0.159609839,-0.239868373
0.127877399,0.156689242,-0.245879278
0.126552194,0.15362066,-0.251817584
0.125035092,0.150399923,-0.257682621
0.123332329,0.147019073,-0.263472259
0.121457063,0.143464938,-0.269180328
0.119411252,0.139739126,-0.274804503
0.11718338,0.135822713,-0.280329913
0.11466822,0.131617665,-0.285679907
0.112037025,0.127311066,-0.290944278
0.109272644,0.122895353,-0.296105832
0.106338598,0.118360527,-0.301124483
0.103239954,0.113734201,-0.305989623
0.100019574,0.109056339,-0.31073612
0.096694008,0.104338899,-0.31537801
0.093266465,0.099585406,-0.319911212
0.089725152,0.094812132,-0.324323803
0.0860608,0.090023957,-0.32860449
0.082284585,0.085222304,-0.332761198
0.078397505,0.080429539,-0.336805195
0.07440275,0.075656831,-0.340745568
0.070305929,0.070920661,-0.344595373
0.066112302,0.066230834,-0.348360628
0.061826833,0.061592039,-0.352038473
0.057370503,0.057091437,-0.3554672
0.052863851,0.052638434,-0.358810723
0.048283104,0.048268903,-0.361938298
0.043669149,0.043937467,-0.364969134
0.038986623,0.03971523,-0.367670774
0.03429212,0.035516765,-0.370300323
0.029562443,0.031411979,-0.372612715
0.024831373,0.027335469,-0.374830931
0.020097014,0.023326006,-0.376819581
0.015376432,0.019359197,-0.378667116
0.010670151,0.015436564,-0.380368233
0.005995668,0.011550696,-0.38191241
0.001338844,0.007683738,-0.383375049
-0.003272722,0.003841483,-0.384689718
-0.007833532,3.26E-05,-0.385886252
-0.012322568,-0.003714694,-0.386956006
-0.0167423,-0.007389202,-0.387903154
-0.021040963,-0.010814477,-0.388681054
-0.025278062,-0.014172928,-0.389360785
-0.029413527,-0.017444307,-0.389880657
-0.033479489,-0.020655811,-0.390291184
-0.037418846,-0.023761528,-0.390512347
-0.041271623,-0.026794594,-0.390604019
-0.044984214,-0.029719574,-0.390499711
-0.048600927,-0.032570358,-0.390261352
-0.052067123,-0.035320621,-0.38982442
-0.055430375,-0.038001884,-0.38925162
-0.058633901,-0.040597171,-0.388481319
-0.061728183,-0.043133419,-0.387575984
-0.06463208,-0.045574833,-0.38646543
-0.06740576,-0.047951184,-0.385214478
-0.070025243,-0.050280657,-0.383807302
-0.072539255,-0.052577879,-0.382293284
-0.074799053,-0.054808721,-0.380559176
-0.076981626,-0.057022873,-0.37876153
-0.078916632,-0.059199329,-0.376772255
-0.080725126,-0.061363276,-0.374697447
-0.082338475,-0.06350828,-0.372490704
-0.083812512,-0.065638267,-0.370204002
-0.085071646,-0.067745417,-0.367794007
-0.086186945,-0.06983567,-0.36531046
-0.087080382,-0.071900159,-0.362713486
-0.087914154,-0.073965974,-0.360085696
-0.088567637,-0.076036565,-0.357364804
-0.089071825,-0.078113645,-0.354568332
-0.089381076,-0.080203712,-0.351675868
-0.089512944,-0.082305066,-0.348695993
-0.089461967,-0.084420018,-0.345627815
-0.089224808,-0.086530603,-0.342472434
-0.088789836,-0.088602431,-0.339231431
-0.088161446,-0.090644404,-0.335904896
-0.087337166,-0.092636138,-0.332495332
-0.086315989,-0.094564058,-0.329002798
-0.085095391,-0.096391097,-0.325426698
-0.083674893,-0.098105423,-0.321765631
-0.082055844,-0.099697977,-0.318013251
-0.080238752,-0.101160534,-0.314167708
-0.078228138,-0.102510884,-0.310224354
-0.076028399,-0.1037587,-0.306184798
-0.073647201,-0.104939654,-0.302057803
-0.071084961,-0.106052965,-0.297847927
-0.068349563,-0.107128896,-0.293571919
-0.065384313,-0.107859619,-0.289433837
-0.062148035,-0.108419903,-0.285353482
-0.058758494,-0.109011233,-0.281252265
-0.055179141,-0.109643951,-0.277142465
-0.051450852,-0.110298753,-0.273030698
-0.047621865,-0.11096862,-0.26891762
-0.04366507,-0.11163725,-0.264804125
-0.039621782,-0.112305194,-0.260690391
-0.035467952,-0.112944819,-0.256574571
-0.031239321,-0.11356543,-0.252457321
-0.026967673,-0.114167869,-0.24833855
-0.022622509,-0.114738956,-0.244217113
-0.018211855,-0.115267985,-0.240087718
-0.0137287,-0.115741894,-0.235946134
-0.009177467,-0.116143316,-0.231786758
-0.004558373,-0.116454512,-0.227603897
0.000155212,-0.1166078,-0.223383754
0.004925584,-0.116604358,-0.219136238
0.009736671,-0.116457306,-0.214871213
0.01457025,-0.116096273,-0.210614279
0.019406155,-0.115475096,-0.206390277
0.024228455,-0.114761285,-0.202188283
0.029014461,-0.11379756,-0.198045358
0.03377568,-0.112745769,-0.193928599
0.038470592,-0.111456275,-0.18988207
0.043152947,-0.110131592,-0.185846299
0.047776364,-0.108637147,-0.181861356
0.052354969,-0.107016541,-0.177910045
0.056872029,-0.10523086,-0.173988119
0.061330065,-0.103298143,-0.170094877
0.065713443,-0.101227432,-0.166221365
0.0700223,-0.099024251,-0.162371933
0.074233726,-0.096722886,-0.158549517
0.078353383,-0.094314486,-0.154753909
0.082368106,-0.091817431,-0.150988683
0.086275905,-0.089228056,-0.147257745
0.090049602,-0.086560279,-0.143581182
0.093615256,-0.083779477,-0.139994159
0.096907958,-0.080890514,-0.136540174
0.100094311,-0.077951878,-0.133143872
0.102995411,-0.074878596,-0.129902482
0.105782241,-0.071742743,-0.12672022
0.108262569,-0.068437688,-0.123696692
0.110697038,-0.065104552,-0.120695718
0.11291495,-0.061627872,-0.117800847
0.114972174,-0.058012757,-0.114977308
0.116818756,-0.054241747,-0.112234488
0.118467793,-0.050333705,-0.109567657
0.119894333,-0.046283621,-0.106968045
0.121104628,-0.04210633,-0.104439557
0.122084633,-0.037850063,-0.101983584
0.122839212,-0.033503857,-0.099600002
0.123365521,-0.02909928,-0.097290389
0.123662554,-0.02464216,-0.09505932
0.123722211,-0.020202009,-0.092926346
0.123621203,-0.015350275,-0.091113925
0.123339131,-0.010237061,-0.089588456
0.122816868,-0.005198357,-0.088178664
0.122050509,-0.00027225,-0.086904541
0.12103802,0.004515566,-0.085772105
0.119781137,0.009168067,-0.084785439
0.118279666,0.013667629,-0.083949029
0.11654073,0.018041162,-0.083247103
0.114564158,0.022285577,-0.082678899
0.112359911,0.026427347,-0.082218863
0.109926611,0.03045941,-0.081870988
0.107274018,0.03439486,-0.081611812
0.104401313,0.038230654,-0.081445262
0.101320036,0.041974846,-0.081350803
0.098029241,0.045628365,-0.081333078
0.094542697,0.049206588,-0.081378631
0.090766937,0.052645888,-0.081514724
0.086681403,0.055901296,-0.081734583
0.082511157,0.059075691,-0.081973188
0.078113869,0.062031709,-0.08226233
0.073643915,0.064928994,-0.082567036
0.068979293,0.067667671,-0.082913786
0.064251967,0.070358671,-0.083270431
0.059356678,0.07292071,-0.083653897
0.054408073,0.075442918,-0.084041648
0.049316715,0.077857122,-0.084441178
0.044182159,0.080234677,-0.084839992
0.038932044,0.082512721,-0.085237153
0.033649966,0.08475142,-0.085629225
0.028282523,0.086883381,-0.086007938
0.022905536,0.088998824,-0.086382657
0.017484335,0.091033481,-0.08673922
0.012033399,0.09301427,-0.087082416
0.006554875,0.094945483,-0.087408915
0.001053354,0.096817635,-0.087705605
-0.00444407,0.098650619,-0.087957762
-0.009930849,0.100480303,-0.088192739
-0.015388525,0.102300107,-0.088382028
-0.020774797,0.104084961,-0.088495955
-0.026116198,0.105850749,-0.088562854
-0.031356901,0.107587099,-0.088527873
-0.036518939,0.109289676,-0.088419482
-0.041615386,0.110964142,-0.088249765
-0.046629578,0.112611338,-0.087999381
-0.051575616,0.11423599,-0.087682039
-0.056402657,0.115825176,-0.087268725
-0.061125629,0.11738269,-0.086768135
-0.065552868,0.118873693,-0.08606068
-0.06997285,0.120363578,-0.085347839
-0.074186161,0.121851802,-0.084503546
-0.078260884,0.123310126,-0.083566338
-0.082179651,0.12473315,-0.082524389
-0.085858949,0.126138896,-0.08131168
-0.089404628,0.127540439,-0.080005012
-0.092794932,0.128937677,-0.078589372
-0.095922761,0.130281329,-0.076994002
-0.098908804,0.131584093,-0.075306296
-0.101724364,0.132835135,-0.07350871
-0.104401246,0.134062111,-0.071616866
-0.106942371,0.13526547,-0.069632724
-0.109285749,0.136417672,-0.067540169
-0.111443244,0.137523532,-0.065342896
-0.11315985,0.138441682,-0.062932886
-0.114840321,0.139342412,-0.060505893
-0.116236597,0.14011173,-0.057945237
-0.117497288,0.140824467,-0.055308335
-0.118504122,0.141434759,-0.052522566
-0.119321212,0.142053485,-0.04960357
-0.120025493,0.142673552,-0.046604645
-0.120412722,0.143261939,-0.043377165
-0.120661974,0.143838421,-0.040049445
-0.120750979,0.144401073,-0.03660541
-0.120587721,0.144904122,-0.032987244
-0.120301858,0.145385146,-0.029286731
-0.119768605,0.14583005,-0.025423415
-0.119151406,0.146341667,-0.021502793
-0.1182753,0.146843001,-0.017426135
-0.117320366,0.147354797,-0.013303054
-0.116118379,0.147900254,-0.009035422
-0.114840232,0.148386076,-0.004731506
-0.113327093,0.148885295,-0.000294767
-0.111743391,0.149444461,0.004185974
-0.10993842,0.150192305,0.00880377
-0.108068407,0.150987744,0.013465704
-0.105994403,0.151933417,0.018265164
-0.103861138,0.152904645,0.023105815
-0.101541974,0.153957292,0.028074827
-0.099169649,0.155013636,0.03308063
-0.096630558,0.156083271,0.038201079
-0.094044767,0.157138214,0.0433545
-0.091312416,0.158149078,0.04861068
-0.088539913,0.159129426,0.053897496
-0.085641332,0.160016328,0.059279799
-0.082729615,0.160889953,0.064674228
-0.079745784,0.161696166,0.070133768
-0.076711208,0.1624441,0.075640887
-0.073618054,0.163080439,0.08121004
-0.070471443,0.163621619,0.086835444
-0.067280389,0.16404815,0.092516616
-0.064043559,0.164358631,0.098253191
-0.060770687,0.164513499,0.104042806
-0.057459235,0.16452533,0.109885938
-0.054117188,0.164376244,0.115779944
-0.050747063,0.164066121,0.121724539
-0.047357589,0.163609579,0.127720267
-0.043953504,0.16301392,0.133766651
-0.040542055,0.162344351,0.139865115
-0.037129089,0.161624297,0.146014512
-0.033720184,0.160934463,0.152208313
-0.030320728,0.160312116,0.158443227
-0.02693194,0.159794748,0.164703071
-0.023558091,0.159421906,0.170976058
-0.020197202,0.15917173,0.177231282
-0.016850051,0.159034491,0.18347393
-0.01351718,0.158934966,0.18967241
-0.010199646,0.158869863,0.195832551
-0.006903122,0.158694223,0.201925561
-0.003628408,0.158431321,0.207958028
-0.000389005,0.15793258,0.213909268
0.002787818,0.15710035,0.219745263
0.005851368,0.155712262,0.225421742
0.008873686,0.154127494,0.23105529
0.011766916,0.151930571,0.236554861
0.014611701,0.149508923,0.242016494
0.01730478,0.146387324,0.247359753
0.019945377,0.143016726,0.252672493
0.022420049,0.138896912,0.257886589
0.024873599,0.134685501,0.263089061
0.02721202,0.1299835,0.268229395
0.029464949,0.124923624,0.273324221
0.031600229,0.119400375,0.278359652
0.033630218,0.113466814,0.283341467
0.035553552,0.107174173,0.288271129
0.037370279,0.100530632,0.293146819
0.039078105,0.093660876,0.297963172
0.040678512,0.086532205,0.302721709
0.042174894,0.079244398,0.307419091
0.043568522,0.071833737,0.312052578
0.044864289,0.064438142,0.316608399
0.046064541,0.057117123,0.321080387
0.047173407,0.049937688,0.325448692
0.048193976,0.042966589,0.329703391
0.049129333,0.036201958,0.333829284
0.049982518,0.02969102,0.337815404
0.050754931,0.023398921,0.341660172
0.051449113,0.017347805,0.345354825
0.052064899,0.011511156,0.348908484
0.052602794,0.005877986,0.352324754
0.053060994,0.000447166,0.355615228
0.053437542,-0.004795929,0.358793378
0.053729665,-0.009845033,0.361866623
0.053933024,-0.01469982,0.364839613
0.05404269,-0.019372912,0.367711037
0.054053959,-0.023864403,0.370471478
0.053962279,-0.02817812,0.373114526
0.053709794,-0.032221626,0.375587106
0.053340431,-0.036052622,0.377951592
0.052857056,-0.039658174,0.380220234
0.052203689,-0.042861436,0.38234973
0.051432762,-0.04576806,0.384382516
0.050548587,-0.048341494,0.386308014
0.049552687,-0.050736014,0.388108641
0.048452105,-0.052817736,0.389783531
0.047244336,-0.054537259,0.391335219
0.045994818,-0.056109361,0.392830133
0.04465206,-0.057353809,0.394199312
0.043237001,-0.058312856,0.395452827
0.041743919,-0.058928531,0.396560967
0.040181141,-0.059225731,0.397534788
0.038555384,-0.059199683,0.3983697
0.036869504,-0.058833543,0.399065584
0.035131074,-0.058103826,0.39961952
0.033340402,-0.057018302,0.400033832
0.031506319,-0.055568613,0.400310516
0.029630899,-0.053755425,0.40045312
0.027717719,-0.051581137,0.400469095
0.025767623,-0.049061652,0.400362819
0.023777427,-0.046235513,0.400141835
0.021746915,-0.043131534,0.399811268
0.019671759,-0.039808858,0.39937681
0.017551307,-0.036322597,0.398846149
0.015385623,-0.032708351,0.398222327
0.013177486,-0.02897797,0.397509009
0.010923675,-0.02513301,0.396700323
0.008598116,-0.021095574,0.395751446
0.006249374,-0.016999435,0.394762903
0.003862773,-0.012810355,0.393710017
0.00143596,-0.008529251,0.392589271
-0.001044795,-0.004140155,0.391381174
-0.003568864,0.000324976,0.390106499
-0.006123454,0.004842988,0.388785273
-0.008718835,0.009430585,0.387402534
-0.011349946,0.014076156,0.385967553
-0.014019384,0.018779015,0.384479195
-0.016723514,0.023541393,0.38294515
-0.019458359,0.028366353,0.38137728
-0.022221472,0.033260401,0.37978211
-0.025005832,0.038236413,0.378179282
-0.027810575,0.043285962,0.376572013
-0.030628949,0.048405025,0.37498045
-0.03345995,0.053576224,0.373402089
-0.036296818,0.058768135,0.371848226
-0.039131038,0.063885175,0.370326549
-0.041952819,0.068871424,0.368826836
-0.044756014,0.073709451,0.367324531
-0.047535043,0.078351595,0.365819573
-0.050269518,0.082628123,0.364304185
-0.05298562,0.086762272,0.362782359
-0.055629093,0.090321049,0.361253738
-0.058253512,0.093717434,0.359728485
-0.060821176,0.096620753,0.358216166
-0.063354023,0.099204592,0.356723368
-0.065849088,0.101441719,0.355251759
-0.068292044,0.103181511,0.353823364
-0.070716679,0.104747303,0.352410257
-0.073103033,0.105942003,0.351025045
-0.075461425,0.106866144,0.349660248
-0.07778348,0.107444562,0.34834066
-0.080071986,0.107702352,0.347058058
-0.082327873,0.107690245,0.345830411
-0.084550835,0.107391365,0.344651788
-0.086734168,0.10689687,0.343507707
-0.088880099,0.106176384,0.342403024
-0.090991519,0.105253614,0.341352999
-0.093049154,0.104185246,0.340334922
-0.095055677,0.103030339,0.339309752
-0.096977979,0.101690784,0.338231325
-0.098824158,0.100151554,0.337085217
-0.100577675,0.098332129,0.335841298
-0.102231458,0.096169755,0.334483922
-0.103832208,0.09381377,0.33306542
-0.105351076,0.091142684,0.3315534
-0.106781013,0.088105582,0.329942912
-0.10812518,0.084702291,0.328239948
-0.109387949,0.080915011,0.326470882
-0.110524736,0.076558031,0.324618518
-0.111595444,0.071933694,0.322744042
-0.112586789,0.067035079,0.320852578
-0.113488123,0.061706707,0.318926126
-0.114305712,0.056151778,0.316980541
-0.115016058,0.05036119,0.315007478
-0.115606949,0.044365764,0.313000858
-0.116042286,0.03819399,0.31094411
-0.11640498,0.03196064,0.308863044
-0.116578519,0.025688795,0.306708246
-0.116662301,0.019456493,0.30451104
-0.1166339,0.013273283,0.302260697
-0.116508536,0.007164463,0.299955666
-0.116281331,0.001133692,0.297593147
-0.11592745,-0.004758531,0.295143276
-0.11544957,-0.010517505,0.292608857
-0.114848308,-0.016103027,0.289972425
-0.114123911,-0.021518825,0.287235647
-0.113276049,-0.026729209,0.28438133
-0.112304777,-0.031737391,0.281410992
-0.111211397,-0.036527932,0.278315455
-0.109995797,-0.041102406,0.275095582
-0.108657427,-0.045441158,0.27174902
-0.107196309,-0.049545914,0.268276066
-0.105437592,-0.053019814,0.264555126
-0.103641234,-0.056410648,0.260805398
-0.101647645,-0.05933385,0.256961197
-0.099598244,-0.062117733,0.253095329
-0.097344682,-0.064359359,0.249174029
-0.095015414,-0.066385619,0.245241523
-0.092542872,-0.068004698,0.241287589
-0.089947022,-0.06926465,0.237320095
-0.087265052,-0.070273735,0.233343214
-0.084414028,-0.070743389,0.229345441
-0.081514321,-0.071066439,0.225342363
-0.078437775,-0.070932299,0.221323594
-0.075304039,-0.07069438,0.217299804
-0.072048575,-0.070235886,0.213264927
-0.068700388,-0.069688506,0.209223777
-0.065280095,-0.069071963,0.205177814
-0.061740231,-0.068371579,0.201120421
-0.058164675,-0.067607589,0.197065338
-0.054472908,-0.066870727,0.193016097
-0.050752129,-0.066150486,0.188974351
-0.046961688,-0.065470926,0.184950173
-0.04313273,-0.064739212,0.180953085
-0.039270468,-0.063962407,0.176979437
-0.035358086,-0.063043162,0.173080832
-0.031405903,-0.061977532,0.169277579
-0.027420864,-0.060775392,0.165570334
-0.023406379,-0.059444603,0.161965549
-0.019363165,-0.05799209,0.158473283
-0.015287315,-0.056409821,0.155122891
-0.011185377,-0.054730725,0.151896909
-0.00706182,-0.052972298,0.148783624
-0.002924776,-0.051159743,0.14574632
0.001230979,-0.049257919,0.142838553
0.005404721,-0.047211286,0.140032753
0.009591117,-0.045083713,0.137331873
0.013779659,-0.043053672,0.134748727
0.017966785,-0.041103967,0.132263556
0.022146519,-0.039160442,0.129889756
0.026311275,-0.037145402,0.127634615
0.030453365,-0.035010725,0.125516117
0.034552611,-0.032687671,0.123616099
0.038608488,-0.03020044,0.121923268
0.042626027,-0.027535325,0.120407946
0.046612915,-0.024727866,0.119034879
0.050522927,-0.021840293,0.11798048
0.054403853,-0.018994151,0.117034614
0.0582329,-0.016249748,0.116275832
0.061961528,-0.014028329,0.115778923
0.06562075,-0.012242844,0.115424134
0.069202401,-0.010972518,0.115205005
0.072698139,-0.010295513,0.115115426
0.076048747,-0.010620482,0.11519888
0.079338111,-0.011353334,0.115349896
0.082529023,-0.012740073,0.115608767
0.085584834,-0.014970622,0.115992993
0.088490412,-0.018129084,0.116512202
0.091234587,-0.022246497,0.117166892
0.093810007,-0.027354281,0.117959715
0.096193671,-0.033415593,0.118900798
0.098376654,-0.040427379,0.11999391
0.100340717,-0.048344918,0.121250615
0.102077961,-0.057153754,0.122675419
0.103572287,-0.066729389,0.124288201
0.104816705,-0.07703004,0.126096189
0.105484821,-0.088553615,0.128342152
0.105980158,-0.100379914,0.130719393
0.106122941,-0.112450644,0.133341327
0.106120139,-0.124622621,0.136064887
0.105675176,-0.13672401,0.139044121
0.105129659,-0.148755029,0.142072007
0.104214117,-0.16043362,0.145259023
0.10315039,-0.171859413,0.148485437
0.101845555,-0.182874277,0.151775539
0.100332052,-0.193423286,0.155083105
0.098680645,-0.203575358,0.158411488
0.096780464,-0.213075429,0.161702037
0.09481553,-0.222394735,0.16497986
0.092604212,-0.230896384,0.168166876
0.090329848,-0.2391413,0.171318829
0.087891802,-0.246723503,0.174379662
0.085353337,-0.253834218,0.177369609
0.082715958,-0.260480344,0.180289671
0.079949103,-0.266453385,0.183103293
0.077132955,-0.272115141,0.185883254
0.074164733,-0.276969016,0.188515872
0.071163855,-0.281651348,0.191111326
0.068044066,-0.285725236,0.193567783
0.064870663,-0.289549708,0.195948735
0.061617143,-0.293003201,0.198217273
0.058291636,-0.296150386,0.20036146
0.054920238,-0.299102724,0.202424407
0.051437959,-0.301649004,0.204246283
0.047913287,-0.304071695,0.205964372
0.044332318,-0.306331158,0.207545251
0.040664293,-0.308398873,0.208861664
0.036958136,-0.310399443,0.210053146
0.033183355,-0.312307894,0.211010695
0.029352054,-0.314177901,0.211736679
0.02548562,-0.316025317,0.212315425
0.021538766,-0.317866087,0.212521002
0.017558459,-0.319714844,0.212545544
0.013535539,-0.321573883,0.212340742
0.009455051,-0.323445767,0.211781174
0.005358669,-0.325323641,0.211111754
0.001228557,-0.327226669,0.210187256
-0.002926399,-0.329141557,0.20905526
-0.007103961,-0.331038147,0.207655489
-0.011302764,-0.332935125,0.206014648
-0.015513082,-0.334862381,0.20414573
-0.019736126,-0.336809695,0.202044845
-0.023960592,-0.338783741,0.199717492
-0.028188538,-0.340794653,0.197162494
-0.032409616,-0.342898011,0.194384232
-0.036626171,-0.345082462,0.191380247
-0.040830757,-0.347393602,0.188147411
-0.045018259,-0.349848866,0.184589833
-0.049177028,-0.352453321,0.180647299
-0.053322416,-0.355119646,0.176559165
-0.057449937,-0.357869953,0.172279105
-0.06153677,-0.36080125,0.167704478
-0.065598309,-0.363873154,0.162987992
-0.069634482,-0.367079675,0.158147633
-0.073633857,-0.370470881,0.153166026
-0.077597558,-0.374046892,0.148073792
-0.081529371,-0.377746373,0.142913759
-0.0854256,-0.381566912,0.137690887
-0.089257918,-0.385517985,0.132405415
-0.093067475,-0.389502138,0.127106786
-0.09683191,-0.393553585,0.12178304
-0.100548774,-0.397638768,0.116443425
-0.10420984,-0.401740104,0.111091979
-0.107817456,-0.405835688,0.105734587
-0.111369774,-0.409899682,0.10037791
-0.11486385,-0.413897246,0.0950277
-0.118296444,-0.417788208,0.089691706
-0.121670179,-0.421599984,0.084364749
-0.12498121,-0.425258338,0.079058982
-0.128226802,-0.428722262,0.073774368
-0.13140507,-0.431986183,0.068499982
-0.134514451,-0.435061634,0.063220285
-0.137554079,-0.43797192,0.057919815
-0.14052394,-0.440743178,0.052587997
-0.143424436,-0.443397999,0.047222387
-0.146256015,-0.445953548,0.041829593
-0.149018392,-0.448423028,0.036424045
-0.151710108,-0.450819045,0.031025281
-0.154328316,-0.453157008,0.025654765
-0.156869009,-0.455457926,0.02033318
-0.159327582,-0.457749486,0.015078927
-0.161699995,-0.460073262,0.009909214
-0.163982004,-0.462455094,0.004834254
-0.1661686,-0.464880139,-0.000142378
-0.168255553,-0.467315853,-0.005014851
-0.170239419,-0.469719797,-0.009772432
-0.172115982,-0.472042382,-0.014399578
-0.17385526,-0.474199086,-0.018846743
-0.175463349,-0.4761675,-0.023129305
-0.176974788,-0.477995247,-0.027305637
-0.178365827,-0.479652405,-0.031373255
-0.17962718,-0.481130868,-0.03535077
-0.180752456,-0.482422799,-0.039262082
-0.181737021,-0.483496159,-0.043138996
-0.182577163,-0.48424232,-0.046997182
-0.183278397,-0.48463884,-0.050856449
-0.183817521,-0.484633148,-0.054750841
-0.184213117,-0.48427406,-0.058688212
-0.184469923,-0.483644754,-0.062673807
-0.184625313,-0.482883364,-0.066704117
-0.184660092,-0.482077628,-0.070789538
-0.18452698,-0.481376141,-0.074947037
-0.184335515,-0.480721235,-0.079129554
-0.184022516,-0.480266929,-0.08335375
-0.183658376,-0.479897052,-0.087595791
-0.183151573,-0.479834706,-0.091866657
-0.182614118,-0.479830801,-0.096141189
-0.181945696,-0.480041534,-0.100416377
-0.181235805,-0.480339915,-0.104692355
-0.180431724,-0.480837256,-0.108969294
-0.179599315,-0.481387734,-0.113247305
-0.178702891,-0.482057869,-0.117526963
-0.177752554,-0.482802719,-0.121811502
-0.176741958,-0.483603477,-0.126105011
-0.175673619,-0.484432518,-0.130410716
-0.174546674,-0.48524639,-0.134734809
-0.1733623,-0.486029804,-0.139081135
-0.172121301,-0.486739248,-0.14345783
-0.170774505,-0.487292618,-0.147896886
-0.169365823,-0.487728745,-0.152378723
-0.167877793,-0.487968773,-0.156928226
-0.166305333,-0.487970412,-0.161557257
-0.164640367,-0.487699836,-0.166276187
-0.162910193,-0.487209082,-0.171060517
-0.161081418,-0.486523807,-0.175953299
-0.159190521,-0.485619247,-0.180908531
-0.157209083,-0.484378219,-0.185953528
-0.155158371,-0.48264426,-0.191088513
-0.153017893,-0.480420351,-0.196324229
-0.150829703,-0.478054464,-0.201602235
-0.14857164,-0.475479752,-0.206941992
-0.146274552,-0.472836077,-0.212314159
-0.143920332,-0.470090359,-0.217733636
-0.141534984,-0.467337698,-0.223179474
-0.139104024,-0.46457383,-0.228663728
-0.136649907,-0.461848497,-0.234170109
-0.134161845,-0.459178507,-0.239708766
-0.131666377,-0.456538379,-0.245253891
-0.129149079,-0.453980237,-0.250817478
-0.126618817,-0.451495886,-0.256396353
-0.124080129,-0.449114352,-0.26199472
-0.121533848,-0.446853727,-0.267610818
-0.118985459,-0.444773167,-0.273244858
-0.11643292,-0.442860872,-0.278895319
-0.113876998,-0.441145003,-0.284559667
-0.11131686,-0.439617425,-0.290237486
-0.10875155,-0.438286662,-0.295925945
-0.106178053,-0.437139183,-0.301620692
-0.103589773,-0.436156362,-0.307311058
-0.100987613,-0.435339838,-0.312998593
-0.098365337,-0.434669197,-0.318673342
-0.095719516,-0.434126109,-0.324328631
-0.09304145,-0.433660865,-0.329946727
-0.090325281,-0.433234125,-0.33551392
-0.087566935,-0.432801872,-0.341016471
-0.084767386,-0.43236953,-0.346453011
-0.081923403,-0.431950688,-0.351812452
-0.079036154,-0.431555688,-0.357092232
-0.076106712,-0.431149095,-0.36227119
-0.073136009,-0.430747956,-0.367346197
-0.070125923,-0.430386394,-0.372296453
-0.067077331,-0.430079371,-0.377118528
-0.063993521,-0.429884613,-0.381788105
-0.060875695,-0.429813087,-0.386302769
-0.057728983,-0.429935008,-0.390637219
-0.054555137,-0.430256546,-0.394790709
-0.051361877,-0.430849612,-0.398740262
-0.048151251,-0.43171522,-0.402486026
-0.044933762,-0.43291688,-0.406008661
-0.041711248,-0.434449852,-0.409307778
-0.038496215,-0.436359346,-0.412366122
-0.035289809,-0.438635647,-0.415182203
-0.032104928,-0.441298932,-0.417738467
-0.028941818,-0.444336414,-0.420033097
-0.025812007,-0.447741121,-0.422047645
-0.022715056,-0.451499403,-0.423780978
-0.019659992,-0.455579311,-0.425215125
-0.016681481,-0.460141569,-0.426133066
-0.013771077,-0.465020001,-0.426634848
-0.010896357,-0.4699907,-0.426919669
-0.008073774,-0.475095212,-0.426886946
-0.005324549,-0.480259985,-0.426419735
-0.00260704,-0.485448033,-0.425764441
3.28E-05,-0.490629822,-0.424634337
0.002637047,-0.495781213,-0.423302352
0.005183298,-0.500881374,-0.421641171
0.007664266,-0.505893052,-0.419631362
0.010115109,-0.510864317,-0.417461991
0.012477555,-0.515684783,-0.414848655
0.014826613,-0.520479441,-0.412167847
0.017126489,-0.525172532,-0.409237295
0.019390075,-0.529675364,-0.406113178
0.021638395,-0.53448087,-0.402678609
0.023841193,-0.53924191,-0.399005711
0.025994953,-0.543916166,-0.395109177
0.028099254,-0.548508048,-0.390990496
0.030152647,-0.553036571,-0.386661798
0.032155402,-0.557498813,-0.382121056
0.03410615,-0.561914802,-0.377380073
0.036003511,-0.566290855,-0.372440994
0.037842896,-0.57064265,-0.367307395
0.039620779,-0.574981391,-0.361982137
0.041331682,-0.579312265,-0.356461555
0.042972047,-0.583629966,-0.350746989
0.04452714,-0.587928772,-0.344838232
0.045997862,-0.592207015,-0.338740855
0.047370922,-0.596454799,-0.332468331
0.048645873,-0.600667536,-0.32602793
0.049807653,-0.604823828,-0.319451571
0.050814126,-0.608895183,-0.312701494
0.051675972,-0.612872481,-0.305851102
0.052416202,-0.616788983,-0.298955142
0.052943338,-0.620393038,-0.292100787
0.053343631,-0.623813033,-0.28526476
0.05361082,-0.626999319,-0.278470546
0.053774331,-0.629985392,-0.271717191
0.053827606,-0.632741332,-0.265009373
0.053775199,-0.635271013,-0.25835979
0.05358471,-0.637491703,-0.251820236
0.053230215,-0.639339268,-0.245414659
0.052746013,-0.640878677,-0.239146486
0.052150629,-0.642178118,-0.233064517
0.051449548,-0.64325428,-0.227164835
0.050645433,-0.644082785,-0.221451297
0.049740016,-0.644639671,-0.215921536
0.048733111,-0.644906521,-0.210570589
0.047593337,-0.644799054,-0.205439612
0.046319678,-0.644326389,-0.20052278
0.044974778,-0.643672049,-0.195716754
0.043496426,-0.642677486,-0.191117868
0.041947484,-0.641522169,-0.186632574
0.040266313,-0.64006561,-0.182359606
0.038515046,-0.638470352,-0.178206518
0.036632471,-0.636615098,-0.174277559
0.034721591,-0.63470912,-0.170399323
0.032710694,-0.632623732,-0.166699052
0.03062102,-0.630407572,-0.163142115
0.02842905,-0.628044784,-0.159777924
0.026144074,-0.625548959,-0.156588212
0.023764236,-0.622937202,-0.153579935
0.021289058,-0.620200098,-0.1507539
0.01872316,-0.617172062,-0.148140281
0.016059665,-0.614026427,-0.145713359
0.013298281,-0.610778034,-0.143472895
0.010438109,-0.607429385,-0.141417399
0.007475876,-0.603983879,-0.139541492
0.004410088,-0.600446463,-0.137842357
0.001236751,-0.596819162,-0.136311844
-0.002045762,-0.593105018,-0.134945795
-0.005438322,-0.58930254,-0.133737728
-0.008941262,-0.585412979,-0.13268286
-0.012549245,-0.581432581,-0.131777763
-0.016257657,-0.577362955,-0.131016001
-0.020053994,-0.57320708,-0.130393162
-0.023937698,-0.56896472,-0.129908338
-0.027893784,-0.564638138,-0.129554018
-0.031922061,-0.560229361,-0.129327461
-0.036005948,-0.555746198,-0.129213735
-0.040147342,-0.551198423,-0.129209384
-0.044336207,-0.546571195,-0.129296005
-0.048594493,-0.541906178,-0.129506022
-0.052894354,-0.537415266,-0.129777029
-0.057202075,-0.533037007,-0.130068883
-0.061524566,-0.528869271,-0.130399615
-0.065849282,-0.525018156,-0.130776033
-0.070173457,-0.521326005,-0.131174073
-0.074492194,-0.517911494,-0.131605804
-0.078801066,-0.514692664,-0.132046178
-0.083102927,-0.511609972,-0.132492214
-0.08738035,-0.508822739,-0.132920206
-0.091643341,-0.506152928,-0.133327156
-0.095887221,-0.503638804,-0.133706093
-0.10008768,-0.501364887,-0.13401185
-0.104280189,-0.499134958,-0.134304479
-0.10841006,-0.497118175,-0.134497583
-0.112528481,-0.495140523,-0.134672791
-0.116562955,-0.493305326,-0.134741172
-0.120582111,-0.491496354,-0.134790331
-0.124497145,-0.489864975,-0.134739459
-0.128393188,-0.48826623,-0.134670615
-0.132165968,-0.48684454,-0.134521857
-0.135916278,-0.485455424,-0.134358779
-0.139522016,-0.484222442,-0.134130493
-0.143101394,-0.483018219,-0.133890584
-0.146514788,-0.481970131,-0.13359867
-0.149897933,-0.480950803,-0.133297533
-0.153193951,-0.480001569,-0.132979542
-0.156404212,-0.479054272,-0.132653862
-0.159507245,-0.478175193,-0.132301733
-0.162505105,-0.477369457,-0.131923094
-0.165391997,-0.476625711,-0.131518453
-0.168168426,-0.47594443,-0.131087855
-0.170819461,-0.475383013,-0.13061969
-0.173345953,-0.474938661,-0.13011457
-0.175663725,-0.474716157,-0.129538313
-0.177838296,-0.474713832,-0.128924564
-0.179861411,-0.474960834,-0.128292292
-0.181671813,-0.475540042,-0.127672136
-0.183253258,-0.476459831,-0.127084032
-0.184706196,-0.477538913,-0.126521796
-0.185917944,-0.478916496,-0.12600784
-0.186997563,-0.480425268,-0.125513718
-0.187829182,-0.482179731,-0.125056446
-0.188527375,-0.484038353,-0.124609515
-0.18897514,-0.486091912,-0.124181606
-0.189290553,-0.488224864,-0.123759665
-0.189357519,-0.490506232,-0.123348556
-0.189294174,-0.492886275,-0.122940525
-0.188986167,-0.495450854,-0.122537874
-0.188549533,-0.498115033,-0.122144945
-0.187871426,-0.500965536,-0.121769868
-0.187066987,-0.503897905,-0.121416464
-0.186025336,-0.506983161,-0.121103346
-0.184860587,-0.510126114,-0.120824188
-0.183464706,-0.513376594,-0.120608382
-0.182020411,-0.516648591,-0.12040963
-0.180405021,-0.519994199,-0.120269865
-0.178658292,-0.523397326,-0.120178759
-0.176732019,-0.52652818,-0.120199166
-0.174617767,-0.528886616,-0.120386526
-0.172359571,-0.531287491,-0.120639414
-0.169955388,-0.5337286,-0.120960221
-0.167404503,-0.536190867,-0.121359013
-0.164708838,-0.538680434,-0.121832766
-0.161874577,-0.541189611,-0.122386321
-0.158902764,-0.543711901,-0.123021625
-0.155794844,-0.546225965,-0.123744145
-0.152552575,-0.548725307,-0.124557272
-0.14917551,-0.551202476,-0.125466585
-0.145664945,-0.553648412,-0.126474813
-0.142020807,-0.55605942,-0.127581358
-0.138244271,-0.55842346,-0.128785953
-0.134337515,-0.560719252,-0.130077168
-0.130303651,-0.562933266,-0.131443128
-0.126148716,-0.56505394,-0.132855028
-0.121873274,-0.56709379,-0.134314269
-0.117485352,-0.569070518,-0.135792911
-0.112987138,-0.570994496,-0.13729009
-0.108383626,-0.572881579,-0.138794482
-0.103680134,-0.574739993,-0.140307397
-0.098879315,-0.576571107,-0.141829267
-0.093990594,-0.578370869,-0.143365547
-0.089019537,-0.580124974,-0.144918561
-0.083973125,-0.581821561,-0.146491215
-0.078874424,-0.583566487,-0.148068458
-0.073741026,-0.585647285,-0.149610281
-0.068567961,-0.587622583,-0.151165187
-0.063365608,-0.589683175,-0.152741805
-0.058145832,-0.591565371,-0.15431039
-0.052934118,-0.593150795,-0.155849114
-0.047746625,-0.594507694,-0.15734233
-0.042581305,-0.595687211,-0.158792436
-0.037448689,-0.596658587,-0.160175696
-0.032364659,-0.597413778,-0.161456972
-0.027320776,-0.598020673,-0.162657991
-0.022324853,-0.598464847,-0.163764849
-0.017413445,-0.59866488,-0.16471824
-0.012570281,-0.598682284,-0.165559307
-0.007797106,-0.598516345,-0.166286111
-0.003133895,-0.5980919,-0.166831285
0.001447239,-0.597507536,-0.167237028
0.005941081,-0.596766591,-0.167493954
0.010277729,-0.595770001,-0.167481229
0.01456957,-0.594719529,-0.167391255
0.018689888,-0.593456447,-0.167003095
0.022761736,-0.592145979,-0.16653353
0.026647963,-0.590648293,-0.165749654
0.030514814,-0.589137793,-0.164933309
0.034257911,-0.587535381,-0.163904905
0.037909184,-0.585868716,-0.162724122
0.041424617,-0.584123492,-0.161341205
0.044819411,-0.582302332,-0.159775153
0.048084557,-0.580389857,-0.15802592
0.051220495,-0.578379095,-0.156094357
0.054210704,-0.576200128,-0.153985143
0.057060778,-0.57387352,-0.151697561
0.059765253,-0.571353912,-0.149239764
0.062322538,-0.568625152,-0.146612123
0.06472677,-0.565616906,-0.143808395
0.066975176,-0.562302828,-0.140826732
0.069065891,-0.558665097,-0.137642175
0.070995905,-0.554676056,-0.13424705
0.072765142,-0.550365865,-0.130614772
0.074371539,-0.545723557,-0.12673299
0.075815894,-0.540800095,-0.122596741
0.077097327,-0.535611331,-0.118198395
0.078217693,-0.530216992,-0.11357332
0.079176798,-0.524601519,-0.108718567
0.079977311,-0.518808067,-0.103690982
0.080619015,-0.512824655,-0.098481901
0.081106365,-0.506677389,-0.093163431
0.081438676,-0.500358284,-0.087717332
0.081630722,-0.493687391,-0.082219012
0.081690863,-0.486474961,-0.076676399
0.081608139,-0.479120761,-0.07106407
0.081329785,-0.471598387,-0.065353066
0.080801047,-0.463940948,-0.059532415
0.080226809,-0.456265777,-0.053695235
0.079477951,-0.448523253,-0.047794409
0.07864175,-0.440747291,-0.04186964
0.077677891,-0.432922661,-0.035909854
0.076608397,-0.425031245,-0.029926365
0.075470164,-0.417096138,-0.023927469
0.074195355,-0.409081608,-0.017919449
0.07288672,-0.401046813,-0.011909291
0.071441814,-0.39292258,-0.005907523
0.069973357,-0.384782046,8.78E-05
0.068414561,-0.376581103,0.006058038
0.066840008,-0.368358672,0.012020786
0.065217957,-0.36007306,0.017960718
0.063562602,-0.351736546,0.023874428
0.061877176,-0.34334141,0.029744007
0.060166404,-0.334895015,0.035572216
0.058442,-0.32640484,0.041348998
0.056705438,-0.317889124,0.047070771
0.054969493,-0.309389144,0.052722115
0.053232443,-0.300897092,0.058306333
0.051506322,-0.292445511,0.063812517
0.049795382,-0.284050316,0.069236375
0.048109151,-0.275750875,0.074567944
0.046453141,-0.267560065,0.079801776
0.044831689,-0.259479791,0.084932961
0.043250475,-0.251519412,0.089954764
0.041712537,-0.243660867,0.094861016
0.040225193,-0.235910594,0.099638127
0.038776927,-0.228603706,0.104312606
0.037373219,-0.221657723,0.108872376
0.036034048,-0.214812428,0.113268137
0.034760978,-0.208076671,0.117496036
0.03355753,-0.20145978,0.121547759
0.032426771,-0.194981113,0.125414759
0.031368021,-0.188638553,0.129098848
0.030382151,-0.182439744,0.132597879
0.029469036,-0.176383868,0.135914356
0.028628727,-0.170471519,0.139048874
0.027862253,-0.16469653,0.142006978
0.027169811,-0.159057766,0.14478983
0.026554704,-0.153551146,0.147402555
0.026017612,-0.148175642,0.149846405
0.025563264,-0.142932281,0.152123436
0.025198203,-0.137909248,0.154245481
0.024928547,-0.133136645,0.156214476
0.024748527,-0.128504977,0.158016294
0.024659989,-0.124017209,0.159649506
0.024665611,-0.119676568,0.161112741
0.024766287,-0.115486145,0.162405148
0.024963504,-0.11144948,0.163525626
0.025257235,-0.107569613,0.164474666
0.025647599,-0.103849784,0.165252492
0.026133778,-0.100293405,0.165860638
0.026714884,-0.096903898,0.166300654
0.027389191,-0.09368486,0.166574836
0.028154898,-0.090639919,0.166685581
0.029006908,-0.087772861,0.16663897
0.029944569,-0.08508347,0.166435659
0.030959994,-0.082569331,0.166084975
0.032051463,-0.080230065,0.165588886
0.033207987,-0.078060821,0.164961323
0.034427065,-0.076060593,0.164205357
0.03569565,-0.07422512,0.163337678
0.037010677,-0.072553366,0.162362203
0.038358759,-0.071043305,0.161295891
0.03973664,-0.069694333,0.160142869
0.041137293,-0.068505488,0.158911914
0.042551488,-0.067475364,0.157614619
0.043972123,-0.066601478,0.15625912
0.045390602,-0.065881327,0.154855534
0.046801157,-0.065310098,0.153409734
0.048197377,-0.064883098,0.15192838
0.049573485,-0.064592563,0.150415912
0.050923824,-0.064430796,0.148876637
0.052243441,-0.064387135,0.147312477
0.053527452,-0.06445083,0.14572525
0.054770976,-0.064610668,0.144116029
0.0559696,-0.064853549,0.142484173
0.057119172,-0.065167703,0.140828773
0.058215946,-0.065540649,0.139147609
0.059257071,-0.065964311,0.13743943
0.060239468,-0.06643033,0.135703221
0.061159667,-0.066930152,0.133943886
0.062017918,-0.067463875,0.132161722
0.062810145,-0.068017222,0.13036786
0.063497514,-0.068599619,0.128566176
0.064087577,-0.069198489,0.126773492
0.064599648,-0.069788225,0.125005409
0.065046802,-0.070370227,0.123257734
0.065377101,-0.070908003,0.121556245
0.065667398,-0.071430199,0.119870298
0.065800771,-0.071863256,0.118255258
0.065902449,-0.07206963,0.116622224
0.065872975,-0.071562968,0.114958562
0.065772936,-0.070973553,0.113329008
0.06557022,-0.070247486,0.111747719
0.065276004,-0.069403104,0.110209614
0.064885013,-0.06842801,0.108715445
0.064398147,-0.067335933,0.107265465
0.06380599,-0.066215038,0.105865248
0.063113704,-0.064995401,0.104507603
0.062317982,-0.063707247,0.103189833
0.061417736,-0.062359609,0.101911165
0.060406689,-0.060998768,0.100667402
0.05928247,-0.059642695,0.099456996
0.058041289,-0.058304492,0.098279305
0.056678344,-0.057095669,0.097122677
0.05518936,-0.056023959,0.095985815
0.053572383,-0.055010621,0.094877549
0.051827483,-0.054040611,0.09379857
0.049952973,-0.053115256,0.092748672
0.04795929,-0.052184191,0.091733187
0.045846473,-0.05125716,0.0907517
0.043646947,-0.050260216,0.089817122
0.04135165,-0.049215209,0.088926002
0.038984645,-0.048077259,0.08808922
0.036540426,-0.046858102,0.087304331
0.034047112,-0.045517586,0.086584404
0.031497099,-0.044067524,0.085925944
0.028913334,-0.042483166,0.085339829
0.026289551,-0.040772084,0.084823012
0.023643956,-0.038921557,0.084383428
0.020967785,-0.036913577,0.084040023
0.018267164,-0.034714863,0.083856083
0.01556676,-0.032486845,0.083694242
0.012864634,-0.030045673,0.083655678
0.010165908,-0.027585344,0.083643362
0.007486876,-0.025018528,0.083784431
0.004812961,-0.022439575,0.083950073
0.00216871,-0.019795382,0.084259287
-0.000469341,-0.017145934,0.084590726
-0.003071484,-0.014471683,0.085051976
-0.005670618,-0.011796183,0.085522138
-0.00824191,-0.009119582,0.08607655
-0.01079319,-0.006446344,0.086689413
-0.013313593,-0.003815126,0.08737658
-0.015806299,-0.001216846,0.088132083
-0.018264528,0.001304706,0.088954747
-0.020689417,0.003757904,0.089844741
-0.023069534,0.006076896,0.090799846
-0.025408212,0.008282541,0.091820881
-0.027695796,0.010336973,0.092908055
-0.029929267,0.012234065,0.09406212
-0.032092363,0.013974141,0.095291249
-0.03417863,0.01554679,0.096597493
-0.036178496,0.01696475,0.097988203
-0.038082127,0.018228795,0.099468328
-0.03987205,0.019400435,0.101051502
-0.04153781,0.020492576,0.102744155
-0.043071382,0.021538747,0.104551256
-0.044461422,0.02256559,0.106479637
-0.045701075,0.023600072,0.108525015
-0.046780352,0.024670059,0.11069034
-0.047695354,0.025783567,0.112960711
-0.048447967,0.02692977,0.115336835
-0.049040813,0.028045408,0.117778398
-0.049488802,0.029409166,0.120264903
-0.049777877,0.030756451,0.122799903
-0.049905777,0.032057535,0.125394627
-0.049871877,0.033255119,0.128028274
-0.049676269,0.034364078,0.13070704
-0.049317755,0.035331797,0.133418679
-0.048796721,0.036174368,0.136167288
-0.048112478,0.036855184,0.138948649
-0.047264934,0.037366074,0.141761899
-0.04625418,0.037682101,0.144604936
-0.045080118,0.037787281,0.147476062
-0.043743815,0.037673827,0.150374636
-0.042245537,0.037327338,0.153298646
-0.04058731,0.036760692,0.156242698
-0.038770001,0.035965879,0.159203798
-0.036795568,0.034950111,0.162173837
-0.034663584,0.03371606,0.165155336
-0.032376587,0.032308687,0.168144062
-0.029891985,0.030692738,0.171143293
-0.027096979,0.028887169,0.174156457
-0.024264121,0.027072374,0.177172631
-0.021210266,0.025195982,0.180207163
-0.018073173,0.023294767,0.183247387
-0.014778817,0.021345239,0.186298519
-0.011364455,0.019361854,0.189348295
-0.007850304,0.017350554,0.192396909
-0.004188221,0.01531081,0.195423335
-0.000475745,0.013262362,0.198442101
0.003405098,0.01122027,0.201409593
0.007318873,0.009188185,0.204364121
0.01136895,0.007205797,0.207260773
0.015468341,0.005257695,0.210133925
0.019660931,0.003373077,0.212962776
0.023916036,0.001539329,0.215763479
0.028223112,-0.000251883,0.218540713
0.032608375,-0.001984243,0.221287102
0.037046671,-0.003629376,0.224013641
0.0415323,-0.005185072,0.226724058
0.046061411,-0.006646905,0.229422584
0.0506429,-0.007892842,0.232113063
0.055228796,-0.009119008,0.234802753
0.05983847,-0.010088454,0.237499014
0.064450085,-0.011034633,0.240195736
0.069049694,-0.011793883,0.242915437
0.073647738,-0.012544385,0.245638043
0.078228138,-0.013222208,0.24837558
0.082794398,-0.013841626,0.251125067
0.087330177,-0.014407596,0.253883362
0.091838934,-0.014919912,0.256650895
0.096307896,-0.015389665,0.259425402
0.100739792,-0.015814602,0.262207359
0.105116062,-0.016111823,0.264987171
0.109440565,-0.016297784,0.267766714
0.113705225,-0.016343709,0.270541936
0.117906682,-0.016237261,0.273311108
0.122030728,-0.015906284,0.276077002
0.126069352,-0.015314051,0.278839201
0.130008787,-0.014433277,0.281611979
0.133838162,-0.013226606,0.284400642
0.137545064,-0.011710502,0.287221521
0.141117662,-0.009868251,0.290085018
0.144548535,-0.007739514,0.292997807
0.147827357,-0.005332072,0.295969725
0.150948867,-0.00269849,0.298992842
0.153914616,0.000173036,0.302068263
0.156498283,0.003707421,0.305214554
0.159056187,0.007289444,0.308364451
0.161386356,0.011274289,0.311546147
0.163559914,0.015523146,0.314749479
0.16551505,0.020136897,0.317982972
0.167329803,0.024954708,0.321233809
0.168920934,0.030096499,0.324512333
0.170368046,0.035424534,0.327802688
0.171585754,0.041048098,0.331111819
0.172656819,0.04684931,0.334425688
0.173494324,0.0529323,0.337747037
0.174182743,0.059193425,0.341066778
0.174633712,0.065737054,0.344383955
0.175023317,0.072353624,0.347699642
0.175223187,0.079190984,0.35101071
0.17526941,0.086207181,0.354316622
0.175118953,0.093450904,0.357613266
0.174789101,0.100905024,0.360901684
0.174276263,0.108578518,0.364180297
0.17357792,0.116478302,0.367448449
0.172685415,0.124627106,0.37070328
0.171602562,0.133017898,0.373945355
0.170329213,0.141660169,0.37717244
0.168864816,0.150555402,0.38038373
0.167207554,0.159705356,0.383577138
0.165357411,0.169104531,0.386751235
0.163314909,0.178726137,0.389903933
0.161080793,0.18855539,0.393032491
0.158658952,0.198546499,0.396131307
0.156051904,0.208675385,0.399195015
0.153267026,0.218898609,0.402211428
0.150311619,0.229176864,0.405165523
0.147195637,0.2394844,0.408035994
0.143919498,0.249824956,0.410819381
0.140493706,0.260179222,0.41348806
0.136918351,0.270550132,0.416038573
0.133203268,0.28092581,0.418438077
0.129347354,0.291305691,0.420689046
0.125357389,0.301677465,0.422766238
0.121233195,0.312037051,0.42467466
0.116980597,0.322364509,0.426401496
0.112523109,0.332569182,0.427832931
0.107907593,0.342610329,0.429019809
0.103228144,0.352563351,0.430076987
0.098446779,0.362374157,0.430927485
0.09358532,0.37206921,0.43155247
0.088667199,0.381683081,0.432017773
0.083671212,0.391158968,0.432189226
0.078654021,0.400599182,0.432280332
0.073597133,0.409968287,0.432167649
0.068510979,0.419285595,0.431904584
0.063395292,0.428546876,0.431422591
0.058250271,0.437753558,0.430743545
0.053091917,0.446876705,0.429870993
0.047915272,0.455925256,0.42880401
0.042742141,0.464828551,0.427545995
0.037565708,0.473608524,0.426095873
0.032398701,0.482220411,0.424459845
0.027244087,0.490653753,0.42263934
0.022119762,0.498833388,0.42062071
0.017033925,0.506727636,0.418402791
0.012000483,0.514301956,0.41594857
0.007030723,0.521515906,0.413246363
0.00213347,0.528376222,0.410255492
-0.002680058,0.534854233,0.406952947
-0.007407357,0.54098177,0.403321356
-0.012039636,0.546750486,0.399335742
-0.016575571,0.552214265,0.395014614
-0.021015624,0.557356,0.390352398
-0.025357336,0.562222362,0.385405034
-0.029601471,0.566798508,0.380155027
-0.033741124,0.571115196,0.374663264
-0.037776947,0.575165629,0.36891824
-0.041699037,0.578969181,0.362969518
-0.045506626,0.582524896,0.35681352
-0.049190626,0.58584553,0.350479364
-0.052746538,0.588939428,0.343975425
-0.056167614,0.591817915,0.337318242
-0.059448875,0.594490886,0.330519855
-0.062583126,0.59697181,0.323597699
-0.065567605,0.599348605,0.316563308
-0.068391077,0.601551473,0.309443116
-0.071046486,0.603574634,0.302254885
-0.07352709,0.605420589,0.295014143
-0.07582666,0.607077897,0.287729949
-0.077939451,0.608538568,0.280408859
-0.079860516,0.609785974,0.273049533
-0.081586182,0.610805869,0.265646845
-0.083112761,0.611582398,0.258194655
-0.084405467,0.61206013,0.250671297
-0.085415952,0.612207651,0.243058741
-0.086235031,0.612155855,0.235401034
-0.086799406,0.611866295,0.227722019
-0.087154627,0.611391127,0.220041171
-0.087360889,0.610785127,0.212394685
-0.087370574,0.610006392,0.204793662
-0.087240264,0.609107852,0.197267801
-0.086925194,0.608051121,0.189841241
-0.08647792,0.606895864,0.182529926
-0.085856199,0.605610669,0.175370798
-0.085109256,0.604255855,0.168359324
-0.084197074,0.602809072,0.161542803
-0.083166651,0.601322114,0.154894382
-0.081980191,0.59978205,0.148467898
-0.080747619,0.598228097,0.14211525
-0.079391144,0.596636176,0.135961354
-0.077935122,0.595024705,0.129976675
-0.076360129,0.593406141,0.124208435
-0.074677996,0.591783762,0.118637599
-0.07289356,0.590172768,0.113268755
-0.071006715,0.588588417,0.108101204
-0.069021031,0.587068379,0.103137299
-0.066939197,0.585612953,0.098372579
-0.064768516,0.584251821,0.093801342
-0.062470011,0.583050489,0.089504912
-0.060094539,0.581985354,0.085377008
-0.057652645,0.581068218,0.081408389
-0.055140126,0.580315232,0.077638321
-0.052536931,0.57977134,0.074202605
-0.049927726,0.579241693,0.07078898
-0.047234956,0.578895569,0.067781352
-0.044536632,0.578561962,0.064800657
-0.041767396,0.578379571,0.062260199
-0.038993455,0.578207672,0.059748977
-0.036189891,0.578132212,0.057473551
-0.033363517,0.57813102,0.055379696
-0.03051875,0.578237474,0.053531282
-0.027654869,0.578442991,0.051911261
-0.02478168,0.578771114,0.050513476
-0.021896899,0.579216003,0.049338613
-0.01901458,0.579768181,0.048367552
-0.01613177,0.580435991,0.047603957
-0.013259879,0.581275344,0.047024366
-0.010398734,0.582233548,0.046629313
-0.007559054,0.583306491,0.046402924
-0.004747163,0.584494293,0.046334382
-0.001977648,0.58580333,0.04643191
0.000753187,0.587232232,0.046694189
0.003370893,0.588834286,0.047383029
0.005982341,0.590444326,0.048094511
0.008507208,0.592135131,0.049142595
0.01102622,0.593832016,0.050213143
0.013462792,0.59563303,0.051585045
0.015893774,0.597441792,0.052977063
0.018244257,0.599361122,0.054599714
0.020589272,0.601288617,0.056237783
0.022854581,0.60329318,0.058022097
0.025114471,0.605303764,0.059816211
0.027306065,0.607357383,0.061680399
0.029481592,0.609419584,0.06355498
0.031612713,0.611501455,0.065451622
0.033699974,0.613558948,0.06734851
0.03574203,0.615530968,0.069227926
0.037737068,0.617300332,0.071103498
0.039692447,0.618981302,0.072961338
0.041596714,0.62050879,0.07479395
0.043488968,0.622002125,0.076622963
0.045335736,0.623361886,0.078438133
0.047171313,0.624679387,0.080250867
0.048964564,0.625832558,0.08205422
0.0507484,0.626939237,0.083854854
0.052496687,0.627865314,0.08564508
0.054242048,0.628776014,0.087433904
0.055969339,0.629581511,0.089213625
0.057684697,0.630316854,0.09098509
0.059389941,0.630985081,0.092736885
0.061085399,0.631581962,0.09447097
0.062776633,0.632090628,0.09617421
0.064462624,0.632509947,0.097848326
0.066149436,0.632798672,0.099475339
0.067835458,0.632966816,0.101060361
0.069525957,0.632971585,0.10259027
0.071222737,0.632801175,0.104062274
0.072933339,0.632415056,0.105470099
0.074661016,0.631792426,0.106808841
0.076409891,0.630919635,0.108078256
0.078184657,0.629776239,0.109274521
0.079992004,0.62837106,0.110400654
0.081836477,0.626691639,0.111454755
0.083721608,0.624751687,0.112438157
0.085651599,0.622549832,0.113349468
0.087625556,0.620108962,0.114181004
0.089646176,0.617436409,0.114929542
0.09171018,0.614548087,0.115584493
0.093816161,0.611439288,0.11614766
0.095949933,0.608119488,0.116606392
0.09811528,0.604586124,0.116965614
0.10030324,0.600845933,0.117225781
0.102515645,0.59689647,0.117389202
0.104746319,0.59288156,0.117486306
0.10699556,0.588691711,0.117503092
0.109256774,0.584295392,0.11745809
0.111531034,0.579625785,0.117333815
0.113806359,0.574631751,0.117148764
0.116079427,0.569590509,0.116957285
0.11834415,0.564368844,0.116741799
0.120598532,0.559004784,0.116505481
0.122845188,0.553544164,0.116255559
0.125073761,0.547903776,0.115983695
0.127296984,0.54220295,0.115706109
0.129509374,0.536378801,0.115417041
0.131710947,0.530432582,0.11512658
0.133899763,0.524342418,0.114841588
0.136073053,0.518084645,0.11457672
0.138231874,0.511708438,0.114337973
0.14037393,0.505223215,0.114131846
0.142496705,0.498639107,0.11396879
0.144599304,0.491959691,0.113846935
0.146677896,0.485200346,0.113772884
0.148729339,0.478368461,0.113740884
0.150748402,0.471476376,0.113741472
0.152731538,0.464530468,0.113767862
0.154674187,0.457535803,0.113806412
0.15657042,0.450502008,0.113845281
0.158412844,0.443438053,0.113867119
0.160194501,0.436354131,0.113864772
0.161906645,0.429262131,0.113832265
0.16353333,0.422186673,0.113768131
0.16506663,0.415140778,0.113679618
0.166494891,0.408139825,0.113583028
0.167806163,0.401294202,0.113505244
0.168993354,0.394570798,0.113445625
0.17004396,0.387926698,0.113408051
0.170951843,0.381366193,0.113393597
0.171706736,0.37489748,0.113407776
0.172308296,0.368521541,0.113448083
0.17274648,0.362247676,0.113515496
0.173017636,0.356082976,0.113606811
0.173115656,0.350039274,0.113716766
0.173035517,0.34413287,0.113837756
0.17277734,0.338371843,0.113964505
0.172167554,0.332945257,0.114077881
0.17138949,0.327692807,0.114176296
0.170455888,0.322607219,0.114234425
0.169394165,0.317657888,0.114257641
0.168076798,0.312963367,0.114177898
0.16662614,0.308400005,0.114028327
0.165050283,0.303959697,0.113813147
0.163227677,0.299763083,0.113445833
0.16125904,0.295719415,0.112975754
0.159122258,0.291852355,0.112387046
0.156847119,0.288126916,0.111689933
0.1544092,0.284568399,0.110865295
0.15183723,0.281142145,0.109926954
0.149107546,0.277871788,0.108854868
0.146322519,0.274654806,0.107733123
0.143400878,0.271572441,0.106489211
0.140364498,0.268600374,0.105141886
0.137188762,0.265759736,0.103668049
0.133885607,0.26304251,0.102076903
0.130455405,0.260451764,0.100365855
0.126897097,0.257990032,0.098532885
0.12320938,0.255663127,0.096573263
0.119393982,0.25346908,0.094488949
0.115453593,0.251409799,0.092279211
0.111389145,0.2494881,0.089941546
0.107202478,0.24771072,0.087469921
0.102895044,0.246082366,0.084860928
0.09846846,0.244612381,0.082107611
0.093925022,0.243307471,0.079206668
0.089268096,0.24217771,0.076155119
0.084504828,0.241231158,0.072953351
0.079643115,0.240470111,0.069607772
0.074687071,0.239890128,0.0661228
0.069648422,0.239486977,0.062509075
0.064537436,0.239249602,0.058775965
0.059362683,0.239169806,0.054930918
0.054145928,0.239220545,0.05099079
0.048890471,0.239397824,0.046957094
0.043605644,0.239690468,0.042836111
0.03831182,0.240072981,0.038638715
0.03300437,0.240551069,0.034362216
0.027709031,0.241090491,0.030017689
0.022417886,0.241701618,0.025601732
0.017158477,0.24234131,0.021126393
0.011922219,0.243022785,0.016588045
0.006735496,0.243696511,0.012002144
0.001590068,0.244377822,0.007364052
-0.003489366,0.245014265,0.002694092
-0.008510557,0.245622396,-0.002013966
-0.013451491,0.246156231,-0.006737349
-0.018319115,0.246630713,-0.011483168
-0.02309493,0.247017592,-0.016229803
-0.027784798,0.247326434,-0.020984033
-0.032373961,0.247551411,-0.025726354
-0.036856759,0.247686893,-0.030459926
-0.04107875,0.247628257,-0.035120025
-0.045290112,0.247561172,-0.03977561
-0.049294289,0.247351497,-0.044334669
-0.053237662,0.247096762,-0.04885627
-0.056996819,0.246707797,-0.053263348
-0.060648564,0.246239573,-0.057591561
-0.064167768,0.24567385,-0.061822329
-0.067615062,0.245056823,-0.065995038
-0.070948631,0.244359255,-0.070075609
-0.074162491,0.24358587,-0.074048407
-0.077249438,0.242865831,-0.07791166
-0.080220222,0.242261827,-0.081673265
-0.0830632,0.241585344,-0.085306086
-0.085770756,0.240831032,-0.088798933
-0.088338681,0.239997149,-0.092144459
-0.090769008,0.239087641,-0.09534353
-0.093060724,0.238105938,-0.098391041
-0.095210865,0.237048015,-0.101284549
-0.097215578,0.235909164,-0.104020432
-0.099089772,0.234348565,-0.106562279
-0.100827545,0.23238799,-0.108916625
-0.102412425,0.230195299,-0.111133203
-0.103840008,0.227847934,-0.113203533
-0.105107956,0.225354895,-0.115127474
-0.106214933,0.222695529,-0.116909005
-0.107158288,0.219848499,-0.118553191
-0.10793785,0.216811925,-0.120061152
-0.108551972,0.213585749,-0.121434204
-0.108999647,0.210168347,-0.122673564
-0.109278955,0.206570342,-0.123779349
-0.10938859,0.202796534,-0.124752037
-0.109328903,0.198859841,-0.125591457
-0.109099612,0.194768429,-0.126297638
-0.108518317,0.190387413,-0.126732007
-0.107807443,0.185907423,-0.127067596
-0.106906876,0.181323692,-0.127258912
-0.10590288,0.176683366,-0.127371758
-0.104652233,0.171966508,-0.127296045
-0.103344791,0.167234868,-0.127177209
-0.101793982,0.162487701,-0.126871914
-0.100220531,0.157744274,-0.126549616
-0.098524027,0.153022513,-0.126133159
-0.096729614,0.14831908,-0.125638247
-0.094821297,0.143638656,-0.125046566
-0.092714205,0.138988823,-0.124299735
-0.090538189,0.134347692,-0.123501398
-0.088236243,0.129676476,-0.122622959
-0.085863866,0.124978781,-0.121710084
-0.083375104,0.120229818,-0.120748207
-0.080790527,0.115439147,-0.119751438
-0.078145124,0.110621147,-0.118734881
-0.075378746,0.105746523,-0.117685027
-0.07258524,0.100858547,-0.11663042
-0.069667019,0.095928371,-0.115555651
-0.066723406,0.090998724,-0.114480332
-0.063658401,0.086006984,-0.113394797
-0.060568083,0.081002831,-0.112309448
-0.057360236,0.075941131,-0.111224808
-0.054143455,0.070866041,-0.11014159
-0.050858703,0.065680243,-0.109070115
-0.047524642,0.060472038,-0.108001076
-0.044124857,0.055227034,-0.106941484
-0.040665645,0.049949974,-0.105889417
-0.037147868,0.04463641,-0.104849629
-0.033571176,0.0392869,-0.103821605
-0.0299352,0.03389395,-0.1028139
-0.026240261,0.028459823,-0.101823747
-0.022487804,0.022979576,-0.100855105
-0.018678281,0.017452668,-0.099908724
-0.014813608,0.011881184,-0.098985933
-0.010894888,0.006265515,-0.098087505
-0.006925355,0.000619872,-0.097207844
-0.002906854,-0.00505127,-0.096346192
0.001156078,-0.010725145,-0.095493406
0.005259965,-0.016387928,-0.094645277
0.009397175,-0.022003058,-0.093791701
0.013569543,-0.027579352,-0.092935793
0.017769838,-0.033082243,-0.09207245
0.021998351,-0.038513742,-0.091203697
0.02625031,-0.043852199,-0.090329751
0.030520801,-0.049086288,-0.089455895
0.034807805,-0.054211576,-0.088583849
0.039106216,-0.059220307,-0.087718114
0.043411508,-0.064111397,-0.086861491
0.047719646,-0.068882264,-0.086016759
0.052023526,-0.073537864,-0.085185915
0.056318942,-0.078080006,-0.084370486
0.060598247,-0.082519792,-0.083570406
0.06485647,-0.086863078,-0.082786128
0.069086656,-0.091124199,-0.082015112
0.073283926,-0.095311835,-0.08125633
0.077442087,-0.099439152,-0.080504932
0.081556633,-0.103515185,-0.079758316
0.085621975,-0.107549936,-0.079009838
0.089634016,-0.111551054,-0.078255534
0.093587458,-0.115525573,-0.077487677
0.097478487,-0.119479299,-0.076701343
0.101211593,-0.123416141,-0.075852029
0.104883187,-0.127353162,-0.07497514
0.108458482,-0.131298587,-0.074037053
0.111965105,-0.135250643,-0.073054194
0.11530675,-0.139221326,-0.071956307
0.118540488,-0.143203393,-0.070782818
0.12168362,-0.147195101,-0.069545865
0.12469811,-0.151186854,-0.068232246
0.127604604,-0.155178741,-0.066854276
0.13037321,-0.159158319,-0.065412782
0.133026063,-0.163127631,-0.06391798
0.13553153,-0.167067364,-0.062369622
0.137913272,-0.170982361,-0.060776316
0.140228897,-0.174873337,-0.059159614
0.142415226,-0.178716809,-0.057497092
0.144481689,-0.182501808,-0.055797249
0.146405146,-0.186205879,-0.054056779
0.148192704,-0.189830452,-0.052277941
0.149839386,-0.193365455,-0.05046121
0.151336923,-0.196813211,-0.048607841
0.152674869,-0.200170845,-0.046719287
0.153855309,-0.203436211,-0.044795584
0.15487197,-0.206602618,-0.042838216
0.15572229,-0.209596932,-0.040852562
0.156394556,-0.212420493,-0.038833316
0.156878009,-0.215151757,-0.036765512
0.157163486,-0.217799425,-0.034636747
0.157244131,-0.220371693,-0.032439969
0.157113835,-0.222882926,-0.030164747
0.156766772,-0.225344017,-0.027809482
0.156199157,-0.227770671,-0.025377722
0.155403271,-0.230179891,-0.022885695
0.154377162,-0.232578039,-0.02035372
0.153117582,-0.234968215,-0.017798845
0.15162009,-0.237357512,-0.015247543
0.14988108,-0.239749849,-0.012717484
0.1478948,-0.242152572,-0.01023904
0.14566049,-0.244569138,-0.007818022
0.143174484,-0.247006625,-0.005475452
0.140440077,-0.249465212,-0.003210947
0.137458518,-0.251948714,-0.001034849
0.134027302,-0.254521966,0.000966763
0.13037008,-0.257157028,0.002872472
0.126531556,-0.259829849,0.004682705
0.122540794,-0.26253444,0.00641276
0.118257277,-0.265281022,0.00795771
0.113873072,-0.268027067,0.009434383
0.109274089,-0.270751417,0.01075966
0.104612358,-0.273448616,0.012035247
0.099824481,-0.276090801,0.013211092
0.094892055,-0.278636873,0.014267019
0.089815758,-0.281086296,0.015205255
0.084585302,-0.283420682,0.016023798
0.079203181,-0.285657257,0.01672958
0.073668003,-0.287805587,0.017327571
0.06798324,-0.289900512,0.017820943
0.062151801,-0.291969091,0.01821021
0.056183148,-0.294066221,0.01848335
0.050084386,-0.296227217,0.018628482
0.043865737,-0.298492491,0.01862419
0.03753921,-0.30088374,0.0184386
0.031115331,-0.303424686,0.018045841
0.024604304,-0.306105077,0.017414248
0.018019378,-0.308912009,0.016509566
0.011363452,-0.311826944,0.015324574
0.00464513,-0.314806759,0.013858099
-0.002151322,-0.317888349,0.011994577
-0.008999531,-0.321053654,0.009781432
-0.015855206,-0.324276894,0.007375618
-0.022691445,-0.327600837,0.004649611
-0.029501274,-0.3310045,0.001675901
-0.036267366,-0.334463239,-0.001491246
-0.042984031,-0.337984174,-0.004876993
-0.049637165,-0.341536373,-0.008426423
-0.056218501,-0.345123917,-0.012160826
-0.062624529,-0.348730952,-0.016169574
-0.069004804,-0.352341294,-0.020218642
-0.075168908,-0.355956614,-0.024498548
-0.08130125,-0.359573126,-0.02881239
-0.087179802,-0.363212585,-0.033336066
-0.09302108,-0.366855949,-0.037890591
-0.098575749,-0.370550811,-0.042647466
-0.104088321,-0.37425375,-0.047434092
-0.109450653,-0.378016382,-0.052328777
-0.114678636,-0.38183248,-0.057320088
-0.119730562,-0.385722727,-0.062432982
-0.124612369,-0.389684379,-0.067663729
-0.129215553,-0.393771529,-0.073078141
-0.133627608,-0.397912234,-0.078597412
-0.137838155,-0.402095467,-0.084221639
-0.141837776,-0.406318694,-0.089954957
-0.145582601,-0.4105829,-0.095818706
-0.148920789,-0.414888293,-0.101882197
-0.152173892,-0.419202298,-0.107982188
-0.154998258,-0.423556954,-0.114265926
-0.157734632,-0.427919775,-0.120578416
-0.160027593,-0.432320893,-0.127035528
-0.162287638,-0.436729729,-0.133500978
-0.164275333,-0.441197693,-0.140035078
-0.166071057,-0.445711851,-0.146614656
-0.167611375,-0.450317502,-0.153234467
-0.168915197,-0.454992175,-0.159890711
-0.169948354,-0.459695339,-0.166541532
-0.170720965,-0.464431226,-0.173195988
-0.17121388,-0.469120979,-0.179806337
-0.171433777,-0.473788351,-0.186386362
-0.171377331,-0.47839281,-0.19290708
-0.171044677,-0.482943475,-0.199376315
-0.170427769,-0.487396777,-0.205772564
-0.169529229,-0.491767287,-0.212102816
-0.168345854,-0.496039182,-0.218357354
-0.166877136,-0.50021106,-0.224534795
-0.165123507,-0.504293561,-0.23063685
-0.163085043,-0.508285642,-0.236661077
-0.160769239,-0.512202322,-0.242609739
-0.158178926,-0.516136289,-0.248491809
-0.155320987,-0.519998074,-0.254291177
-0.151980147,-0.523597062,-0.259905487
-0.148417607,-0.527038574,-0.265422732
-0.144569933,-0.53024286,-0.270784408
-0.140552849,-0.533299983,-0.276044458
-0.136237517,-0.536085308,-0.281108052
-0.131657958,-0.538643062,-0.285967082
-0.126964569,-0.540730596,-0.290762901
-0.122037046,-0.542413473,-0.295357883
-0.116987184,-0.543985188,-0.29984194
-0.111709125,-0.545323431,-0.304084599
-0.106316544,-0.546544731,-0.308206171
-0.100724615,-0.547513127,-0.312081605
-0.09503264,-0.548354745,-0.315833539
-0.089171208,-0.548923016,-0.319339246
-0.083224729,-0.549354255,-0.322721452
-0.077208869,-0.549668908,-0.325986296
-0.071093127,-0.549815536,-0.329082102
-0.064892106,-0.549818814,-0.332012177
-0.058602676,-0.549673557,-0.334761769
-0.052237932,-0.549385786,-0.337339133
-0.045802653,-0.548956573,-0.339743257
-0.039307069,-0.548362017,-0.341974258
-0.032757182,-0.547591984,-0.34403187
-0.026157565,-0.546638429,-0.34591791
-0.019518629,-0.545483232,-0.347634226
-0.012850189,-0.544103801,-0.349182546
-0.006165226,-0.54247123,-0.350565135
0.00052986,-0.540571392,-0.351781905
0.00722777,-0.538387477,-0.352832675
0.013917509,-0.535913587,-0.353717268
0.02058842,-0.533147752,-0.354434788
0.027227335,-0.530091703,-0.354983032
0.033832755,-0.526751697,-0.355361015
0.04039738,-0.523147225,-0.355571032
0.046917062,-0.51928854,-0.355613798
0.053382128,-0.515182316,-0.35549733
0.059789091,-0.510827363,-0.355225414
0.066123798,-0.506219923,-0.35481298
0.072381556,-0.501354158,-0.354264885
0.078556195,-0.496225983,-0.35358727
0.084630042,-0.490826488,-0.352795839
0.090605773,-0.485158861,-0.351887703
0.096459232,-0.479228497,-0.350879848
0.102196433,-0.473036736,-0.349767923
0.107804969,-0.466902971,-0.348538339
0.113289468,-0.46076858,-0.34719193
0.118612662,-0.454466045,-0.345769078
0.123781495,-0.447980016,-0.34426564
0.128773764,-0.441373289,-0.342695653
0.133595616,-0.434627742,-0.341055453
0.138228178,-0.427789807,-0.339358717
0.142676756,-0.420845091,-0.337601781
0.146926135,-0.413817942,-0.335797518
0.150928915,-0.406675279,-0.333934605
0.154486462,-0.399327248,-0.332003802
0.15800409,-0.391962498,-0.330068022
0.16124998,-0.384480715,-0.328098923
0.16425325,-0.376916617,-0.326106519
0.167056829,-0.369288385,-0.324094921
0.169567972,-0.36157307,-0.322055131
0.171995625,-0.353841752,-0.3200109
0.174125776,-0.346051544,-0.317951113
0.176087692,-0.338242829,-0.315893739
0.177816436,-0.330408216,-0.313839674
0.179312557,-0.322551876,-0.311798751
0.180665538,-0.314682424,-0.309765875
0.181714326,-0.306790173,-0.307759911
0.182693571,-0.298893303,-0.305759996
0.183484569,-0.290981531,-0.30377543
0.184140369,-0.283059329,-0.30180189
0.184593856,-0.275123894,-0.299851686
0.184867755,-0.267176241,-0.297920734
0.184966743,-0.259218663,-0.296013504
0.184889138,-0.251250625,-0.294128627
0.184627295,-0.243285537,-0.29227829
0.18418391,-0.235319018,-0.290458441
0.183567047,-0.227362245,-0.28867352
0.182774067,-0.219411626,-0.286922038
0.181808427,-0.211480021,-0.285205364
0.18066363,-0.203565285,-0.283523798
0.17915836,-0.195771515,-0.281899184
0.177556083,-0.188037425,-0.280283093
0.175765499,-0.180418387,-0.278683662
0.173783228,-0.172958076,-0.277097374
0.171702668,-0.165579498,-0.275517762
0.169334725,-0.158494413,-0.273966789
0.166873455,-0.15151684,-0.272431105
0.164209574,-0.144773275,-0.270929486
0.161368996,-0.138244092,-0.269473404
0.158421934,-0.131844386,-0.26804471
0.155333176,-0.125610411,-0.266663492
0.152125016,-0.119516194,-0.265322238
0.148765877,-0.113601595,-0.264054894
0.14526467,-0.107855462,-0.262852877
0.14163436,-0.102272451,-0.261735767
0.13787213,-0.096853405,-0.260698527
0.133993328,-0.091599345,-0.259759367
0.129994124,-0.086510047,-0.258913666
0.125885993,-0.081582002,-0.258167505
0.121672757,-0.076814115,-0.257523
0.117364042,-0.0721981,-0.256974578
0.112966627,-0.067730278,-0.256522566
0.108482555,-0.063404344,-0.25616014
0.103917524,-0.059215162,-0.255884588
0.099275693,-0.055152994,-0.25568381
0.094561793,-0.051211063,-0.255551547
0.089777626,-0.047393221,-0.255483836
0.084926888,-0.043695625,-0.255474359
0.080018431,-0.04011346,-0.255523771
0.075046085,-0.036573369,-0.255640209
0.07002864,-0.033205017,-0.255832821
0.064962722,-0.030000964,-0.256096721
0.059858214,-0.026972728,-0.256447256
0.054712579,-0.024117207,-0.256880552
0.049535923,-0.021432485,-0.257410675
0.044325683,-0.018918892,-0.25803408
0.039091546,-0.016562492,-0.258757234
0.033831056,-0.01436666,-0.259578437
0.028555335,-0.012310256,-0.260495752
0.023261573,-0.010398527,-0.261509627
0.017963586,-0.008608448,-0.26261127
0.012657905,-0.006945795,-0.263802797
0.007361257,-0.005386365,-0.265070528
0.002069439,-0.003936236,-0.266417891
-0.003159626,-0.002665348,-0.267898411
-0.008385284,-0.001401833,-0.269384265
-0.013549517,-0.000208368,-0.270922899
-0.018677924,0.000955941,-0.272479951
-0.023754215,0.002079954,-0.274061799
-0.028748404,0.003163855,-0.275663435
-0.033712678,0.00423311,-0.27727139
-0.03861098,0.005284282,-0.278891563
-0.043452114,0.006368295,-0.280524492
-0.048195831,0.007415546,-0.282155573
-0.052800309,0.008416375,-0.283773124
-0.057211272,0.009363838,-0.285348058
-0.061573103,0.010293002,-0.286909789
-0.065793239,0.011169796,-0.288433462
-0.069854811,0.011966732,-0.289919823
-0.073799454,0.012698103,-0.291382104
-0.077554405,0.013315059,-0.292809427
-0.08123602,0.013889148,-0.294226021
-0.084708385,0.014341206,-0.295611978
-0.088111788,0.014755411,-0.29698965
-0.091318443,0.015061806,-0.298343509
-0.094446547,0.015337393,-0.299684525
-0.097350568,0.015525192,-0.300988942
-0.100172028,0.015693765,-0.302275628
-0.102758005,0.015807487,-0.303511769
-0.105308756,0.015916653,-0.304739654
-0.107683077,0.016002767,-0.305926263
-0.109926939,0.016076116,-0.307081729
-0.111999698,0.016148349,-0.308194071
-0.113915093,0.016221222,-0.309266359
-0.115663499,0.016320148,-0.310291529
-0.117246523,0.016443597,-0.311270416
-0.118655339,0.016625727,-0.312195182
-0.119892694,0.016857946,-0.313068092
-0.120954387,0.017168261,-0.313884199
-0.12183921,0.017562823,-0.314643055
-0.122543693,0.018055003,-0.315345705
-0.12306568,0.018654561,-0.315991431
-0.12340267,0.019360121,-0.316582978
-0.123551972,0.020176865,-0.317121506
-0.123510018,0.021086391,-0.317613989
-0.123274222,0.022088595,-0.318062335
-0.122842409,0.023171207,-0.318469107
-0.122211419,0.024323603,-0.318836719
-0.121379018,0.025524016,-0.319163084
-0.120347068,0.026775381,-0.319445103
-0.11911919,0.0280539,-0.319667399
-0.117695212,0.029363966,-0.319833159
-0.11608018,0.030685265,-0.319930524
-0.114274144,0.032019734,-0.319961935
-0.112285331,0.033342812,-0.319918275
-0.110112831,0.034658398,-0.319802761
-0.107766129,0.035943061,-0.319613785
-0.105242841,0.037203033,-0.319352478
-0.102550752,0.038420882,-0.319021851
-0.099692397,0.039592117,-0.318623662
-0.096676141,0.040704623,-0.318165779
-0.093506165,0.041752111,-0.317650855
-0.090186924,0.042737097,-0.317082703
-0.086724229,0.04365449,-0.316465199
-0.083126284,0.044510197,-0.315801293
-0.079400629,0.04530587,-0.31509462
-0.075556651,0.046056822,-0.314345509
-0.071594365,0.046760961,-0.31355378
-0.067529514,0.047434255,-0.312719792
-0.06331706,0.048024312,-0.31183067
-0.058953885,0.048469588,-0.310889393
-0.05455751,0.048879672,-0.309932798
-0.050066479,0.049188744,-0.308932513
-0.045527771,0.049469907,-0.30790025
-0.040933032,0.049718212,-0.306830466
-0.036283024,0.049954005,-0.305713117
-0.031604521,0.050183561,-0.304571241
-0.026874535,0.050403327,-0.303373575
-0.022133878,0.050618086,-0.302163035
-0.017357284,0.050773852,-0.300892293
-0.012580209,0.050925627,-0.299617648
-0.007795365,0.051007926,-0.29828012
-0.003011733,0.051085241,-0.296938211
0.001752962,0.051077217,-0.295526475
0.006516763,0.051068395,-0.294112891
0.011258996,0.051028904,-0.292653054
0.015985962,0.05096782,-0.291161656
0.020677375,0.050854988,-0.289623499
0.025339698,0.050699826,-0.288043588
0.02995961,0.050477736,-0.28641662
0.034540899,0.050194073,-0.284744173
0.039064184,0.049774561,-0.283020794
0.043535866,0.04924367,-0.281248271
0.047946285,0.048562806,-0.279423714
0.052293226,0.04772358,-0.277546167
0.05656378,0.04668818,-0.27560246
0.060752153,0.045437712,-0.273588628
0.06484741,0.043978974,-0.271484971
0.068841331,0.042295024,-0.269282728
0.07272397,0.040414654,-0.266966432
0.076486312,0.038334619,-0.26452437
0.080121025,0.036077268,-0.261957556
0.083619013,0.033651009,-0.25925687
0.086971723,0.031070367,-0.256446928
0.09018191,0.028330727,-0.253520608
0.093243614,0.025443554,-0.250509918
0.096158676,0.022405852,-0.247405082
0.098921821,0.019240117,-0.244236186
0.101534605,0.015940228,-0.240993217
0.103991024,0.012545144,-0.237685725
0.106292821,0.00904298,-0.234310105
0.108432531,0.005471293,-0.230859533
0.110412538,0.001817456,-0.227336138
0.112227142,-0.001907245,-0.223733366
0.113875099,-0.005701172,-0.220049962
0.115352876,-0.009576432,-0.216286436
0.116661586,-0.013529207,-0.212442636
0.117798455,-0.017568156,-0.208519384
0.118764281,-0.021690167,-0.204516158
0.11955554,-0.025893157,-0.200427264
0.120173238,-0.030177392,-0.196253926
0.120612465,-0.034532711,-0.191978827
0.120874688,-0.038962536,-0.187607095
0.12095467,-0.043465033,-0.183117822
0.120854162,-0.048041031,-0.178518057
0.120570973,-0.052696969,-0.17380169
0.12010482,-0.057434015,-0.168968409
0.11945875,-0.062251177,-0.164038464
0.118631952,-0.067148142,-0.159006178
0.117630348,-0.072110385,-0.153902739
0.116452269,-0.077141538,-0.148718968
0.115106739,-0.082209364,-0.143493369
0.113591067,-0.08732301,-0.138213873
0.111915112,-0.092435539,-0.13291046
0.110057563,-0.097542211,-0.127572477
0.107841536,-0.102325343,-0.122214377
0.105612755,-0.107092485,-0.116856933
0.103184961,-0.111621536,-0.111509711
0.100636624,-0.116014615,-0.106176786
0.097981185,-0.1202906,-0.100857683
0.095164113,-0.124406748,-0.095564179
0.09222199,-0.12841101,-0.090291969
0.089183144,-0.132328093,-0.085036308
0.086011283,-0.13612479,-0.079803593
0.082665339,-0.139692143,-0.074608952
0.079269551,-0.143193245,-0.069425188
0.075718045,-0.146443129,-0.06429372
0.072121955,-0.149620503,-0.059177209
0.068392754,-0.152561113,-0.054134276
0.064625435,-0.155433342,-0.049112383
0.060748916,-0.158089206,-0.044185843
0.056841124,-0.160682529,-0.039286569
0.052892387,-0.163211793,-0.034439169
0.04889825,-0.165670127,-0.029649295
0.044861585,-0.168052092,-0.024933642
0.040781889,-0.170355827,-0.020295057
0.036669862,-0.172577128,-0.015740411
0.032526571,-0.174715206,-0.011270971
0.028361134,-0.176689997,-0.006905246
0.024174739,-0.17849265,-0.002645484
0.01997239,-0.180101946,0.001502975
0.015759405,-0.181490496,0.005533205
0.011547179,-0.182605818,0.009431983
0.007346117,-0.183399051,0.01318699
0.003169287,-0.183856517,0.01679174
-0.000970324,-0.183953658,0.020237729
-0.005060016,-0.183704123,0.023526609
-0.009086663,-0.183113933,0.026657781
-0.01304205,-0.182207271,0.02963976
-0.016916687,-0.181007028,0.032479618
-0.020705046,-0.179544017,0.035192773
-0.024408937,-0.177818239,0.037780017
-0.028029501,-0.175833046,0.040244818
-0.031566896,-0.173589319,0.042587847
-0.035020269,-0.171076521,0.044802677
-0.038389564,-0.168293655,0.046888739
-0.041665323,-0.165240735,0.048832197
-0.044846512,-0.161917552,0.050631445
-0.047771655,-0.158064529,0.052089442
-0.050639786,-0.1541062,0.053474627
-0.053324413,-0.149909288,0.054666236
-0.055929504,-0.145615816,0.055777475
-0.058301494,-0.141084269,0.056672975
-0.06055434,-0.136444271,0.057465669
-0.062649503,-0.131661102,0.058122266
-0.064637393,-0.126780435,0.058690775
-0.066485301,-0.121772051,0.059143901
-0.068160288,-0.116592012,0.059447698
-0.0696747,-0.1112528,0.059615515
-0.071023978,-0.105745181,0.05964642
-0.072203457,-0.100060292,0.059534531
-0.073210821,-0.094194189,0.059278008
-0.074041151,-0.088156015,0.05888661
-0.074691623,-0.081952699,0.058367115
-0.075165644,-0.075442091,0.057719894
-0.075452067,-0.068763189,0.056977484
-0.075542837,-0.061991028,0.056169793
-0.075434208,-0.055156589,0.055327427
-0.075122871,-0.048285712,0.054475289
-0.074610129,-0.041401684,0.053639438
-0.073898308,-0.034528386,0.052844264
-0.072993122,-0.027671283,0.052095473
-0.071904071,-0.020840766,0.05139751
-0.070544049,-0.01409583,0.050759912
-0.069018692,-0.007437796,0.05015121
-0.0673161,-0.000901699,0.049571425
-0.065436132,0.005496949,0.049022935
-0.063313864,0.011680951,0.048530135
-0.061012998,0.017697863,0.04808297
-0.058562547,0.023573318,0.047685254
-0.055935401,0.029281357,0.047345936
-0.053166281,0.034851249,0.047065344
-0.050229456,0.040257618,0.046854097
-0.047159705,0.045524433,0.046713047
-0.04393293,0.050626054,0.046654887
-0.040584344,0.055576652,0.046681281
-0.037091859,0.060348503,0.046807528
-0.033553503,0.06505952,0.046973314
-0.029901197,0.069616489,0.047236983
-0.026157452,0.074041374,0.047592841
-0.022307761,0.078301243,0.048073374
-0.018364744,0.082403675,0.048671693
-0.014336837,0.086336762,0.049400404
-0.010226452,0.090078548,0.050265886
-0.006043044,0.09358827,0.051286384
-0.001786947,0.096873574,0.052457489
0.002529914,0.099905357,0.053789753
0.006899505,0.102661915,0.055285536
0.011303943,0.105094343,0.0569489
0.015731378,0.107183978,0.058778606
0.020162988,0.108911164,0.06076422
0.024584066,0.11026369,0.062899716
0.028976513,0.11125502,0.065165907
0.033325821,0.111885205,0.06755203
0.037618838,0.112185478,0.070038125
0.041838814,0.11217311,0.072604172
0.045981735,0.111870639,0.075237468
0.050046977,0.111273088,0.077936359
0.054029573,0.110389858,0.080688268
0.057927951,0.109212562,0.083491921
0.061736327,0.10773544,0.086336628
0.065451331,0.10595607,0.089222983
0.069063954,0.103866853,0.092144415
0.072469376,0.101266205,0.095125973
0.075719088,0.098341994,0.098143697
0.078858808,0.095255017,0.101173997
0.081868693,0.091975354,0.104219168
0.084656328,0.088433921,0.107274324
0.087339371,0.084780753,0.110331923
0.089790761,0.080893911,0.113391429
0.092062995,0.076846056,0.116447911
0.094203196,0.072680183,0.11950212
0.095955357,0.068213373,0.122531056
0.097686037,0.063732147,0.125558466
0.09900251,0.058984037,0.128526405
0.100296088,0.054223321,0.131490946
0.101152033,0.049232695,0.13435249
0.101983838,0.044231426,0.137208268
0.102361687,0.039042287,0.139919147
0.102714516,0.033844747,0.142621979
0.102834083,0.028561255,0.145234168
0.102778353,0.023213638,0.147778228
0.102473229,0.017801419,0.150220528
0.101939239,0.01232546,0.152570248
0.101173803,0.006804988,0.154813096
0.100178316,0.001235211,0.156952947
0.098941267,-0.004337196,0.158971906
0.097465582,-0.009924057,0.160874546
0.09575437,-0.015499698,0.162655339
0.093808465,-0.021055728,0.164312378
0.09162984,-0.026556108,0.165833071
0.08921992,-0.031981308,0.167211607
0.086580895,-0.037309229,0.168437228
0.083714508,-0.042517148,0.169501647
0.080625646,-0.047596488,0.170402586
0.077317096,-0.052528862,0.17113319
0.073799804,-0.057316162,0.171706423
0.070079356,-0.061947595,0.172122136
0.066185012,-0.066427901,0.172421858
0.062109236,-0.070756093,0.172595039
0.057885755,-0.074935623,0.172688112
0.053505957,-0.078965589,0.172689155
0.048998427,-0.082843907,0.172630191
0.044355746,-0.086571112,0.172502846
0.039605021,-0.090143114,0.172325134
0.034739245,-0.093561001,0.172092304
0.029654087,-0.096665159,0.171723291
0.024560198,-0.099755384,0.171348318
0.019357374,-0.102632217,0.170882568
0.014137342,-0.10545779,0.170398876
0.008853047,-0.108061321,0.169841141
0.003556855,-0.110568576,0.169260502
-0.001761501,-0.112896793,0.168637142
-0.007080998,-0.115145952,0.168002173
-0.012402706,-0.11723613,0.167343795
-0.01771469,-0.11914368,0.166665167
-0.02301405,-0.120853327,0.165965706
-0.028285831,-0.122352473,0.165256456
-0.033531472,-0.123646379,0.164536312
-0.038734302,-0.124738283,0.163813278
-0.043894622,-0.125633389,0.163088575
-0.048968766,-0.126381084,0.162394568
-0.053969271,-0.126966178,0.161722228
-0.058866691,-0.127413139,0.161095455
-0.063666254,-0.127717584,0.160510316
-0.068321191,-0.127917752,0.160007507
-0.072796881,-0.127995491,0.159605443
-0.07692083,-0.127998665,0.159423485
-0.080981657,-0.127998158,0.159286648
-0.084679686,-0.127979845,0.159409419
-0.088310398,-0.127955928,0.159582943
-0.09155421,-0.12790297,0.16004841
-0.09472876,-0.127844781,0.160566479
-0.097505257,-0.127759472,0.161386997
-0.100211494,-0.127671808,0.162259176
-0.102513969,-0.127573445,0.163428351
-0.104745083,-0.127477646,0.16464676
-0.106566094,-0.127399102,0.16614826
-0.108314343,-0.127334371,0.167696044
-0.109644391,-0.127351299,0.169510037
-0.110907428,-0.127387449,0.171363518
-0.111785248,-0.127536073,0.173444107
-0.112492085,-0.127770603,0.175618604
-0.112879001,-0.128166214,0.17796883
-0.113005519,-0.128699213,0.180457532
-0.112917602,-0.129345313,0.183060274
-0.112467714,-0.130197465,0.185847804
-0.111896209,-0.13111867,0.188697413
-0.111088544,-0.132139131,0.191668004
-0.11009153,-0.13323912,0.194735602
-0.10881418,-0.134475037,0.197934598
-0.107281163,-0.135831997,0.201255366
-0.105137482,-0.137625918,0.204838663
-0.10296791,-0.139439881,0.208432704
-0.100407779,-0.141605809,0.212180018
-0.097678311,-0.143932134,0.215990826
-0.094658278,-0.146535769,0.219909847
-0.091331698,-0.14938283,0.223936975
-0.087890059,-0.152321056,0.228004664
-0.084140748,-0.155505568,0.232158288
-0.080275953,-0.158782318,0.236344159
-0.076135181,-0.162293717,0.240577266
-0.071890831,-0.165892959,0.244828045
-0.067403659,-0.16971153,0.249083817
-0.062825352,-0.173612177,0.253341377
-0.058146104,-0.177605912,0.257586449
-0.053340953,-0.181715816,0.261815995
-0.04841214,-0.185941204,0.266005814
-0.04335428,-0.190287411,0.270149231
-0.038185079,-0.194758803,0.274231791
-0.032907616,-0.199357703,0.278248429
-0.027532397,-0.204095393,0.282176018
-0.022062736,-0.208975211,0.286007643
-0.016505789,-0.214001209,0.289736152
-0.010871231,-0.219180226,0.29334864
-0.005172416,-0.224510312,0.29683125
0.000575932,-0.229991212,0.300168127
0.006359855,-0.235604569,0.303347707
0.012163996,-0.241332397,0.306356996
0.017973339,-0.247149393,0.309182823
0.023772316,-0.253027529,0.311812192
0.029534096,-0.258926988,0.314217687
0.035256855,-0.264844447,0.316396743
0.040924244,-0.27076596,0.318329126
0.046531238,-0.27668646,0.320008785
0.052059829,-0.282597065,0.321412951
0.057504382,-0.288494438,0.322534591
0.062848508,-0.29436487,0.323357165
0.068086818,-0.300204158,0.323874831
0.073200956,-0.305982232,0.32407555
0.078185111,-0.311690629,0.32395494
0.082842097,-0.317102343,0.323145986
0.087405838,-0.322416931,0.322154105
0.091758847,-0.327534258,0.32077831
0.095998369,-0.332547486,0.319200784
0.099926852,-0.337290734,0.317101866
0.103701673,-0.341932118,0.314760804
0.107304305,-0.346459448,0.312148482
0.110616639,-0.350807786,0.309117198
0.113849245,-0.35511446,0.305969894
0.116908498,-0.359365702,0.302566558
0.119797707,-0.363564909,0.298920512
0.122480392,-0.367702544,0.294985771
0.124943472,-0.371736318,0.290778697
0.127141714,-0.375623465,0.286255747
0.12906988,-0.379270315,0.281471133
0.130785063,-0.382680982,0.276512355
0.132178485,-0.385745406,0.271293968
0.133298337,-0.388540238,0.265844464
0.13412261,-0.391086638,0.260120451
0.134743124,-0.393476486,0.254199028
0.135106385,-0.395681053,0.248021647
0.135283336,-0.397779852,0.24164702
0.135256991,-0.399763197,0.235057086
0.134981573,-0.40158838,0.228217393
0.134462327,-0.403259754,0.221132338
0.133593529,-0.404663086,0.213729233
0.132477239,-0.405802131,0.206155062
0.131117195,-0.406653434,0.19844161
0.129505679,-0.407208145,0.190601811
0.127447367,-0.407270461,0.18257384
0.125344396,-0.407289743,0.174529716
0.122850731,-0.406932533,0.166345179
0.120281078,-0.406509906,0.158140242
0.117372252,-0.405795068,0.149844646
0.114422545,-0.40504843,0.141540706
0.111268796,-0.404142767,0.13319546
0.107963465,-0.403114021,0.124824591
0.104469553,-0.401913792,0.116440438
0.100760832,-0.400508732,0.108049825
0.096824661,-0.398832321,0.099703021
0.092716657,-0.396914899,0.091422819
0.088442653,-0.394763112,0.083218493
0.084008671,-0.392395973,0.075091876
0.079421274,-0.389837235,0.067041099
0.074713796,-0.387138247,0.059050739
0.069885649,-0.384304881,0.051123176
0.064872637,-0.38126114,0.043304089
0.059742343,-0.378081769,0.035560161
0.054477889,-0.374767363,0.027944107
0.049123976,-0.371360421,0.020436762
0.043685619,-0.367865413,0.013046604
0.038168967,-0.364288211,0.00577973
0.032584321,-0.360636234,-0.001350395
0.026941037,-0.356919676,-0.008362127
0.021232912,-0.35312289,-0.015206641
0.015462225,-0.349251181,-0.02189989
0.009644093,-0.345303118,-0.028400147
0.003773664,-0.341279298,-0.034721348
-0.002128793,-0.337191433,-0.040852603
-0.008069814,-0.333035737,-0.046797413
-0.014024879,-0.32882455,-0.05254209
-0.020001989,-0.324553937,-0.05809097
-0.025979104,-0.320242614,-0.06342157
-0.031962804,-0.315886974,-0.068532936
-0.03790351,-0.311659664,-0.073075183
-0.043843281,-0.307435691,-0.077609792
-0.049734425,-0.303377002,-0.081729971
-0.05560055,-0.299393237,-0.085711323
-0.061411295,-0.295575172,-0.089385115
-0.067169353,-0.29186666,-0.092829473
-0.072892852,-0.288230091,-0.09612336
-0.078517474,-0.28477636,-0.099125013
-0.084079392,-0.281416237,-0.1019824
-0.089559279,-0.278171957,-0.104662947
-0.09490516,-0.275071532,-0.107123032
-0.100170456,-0.272040874,-0.109468281
-0.105327606,-0.269096583,-0.111667
-0.110401087,-0.266183436,-0.113756724
-0.115382493,-0.263304472,-0.115726508
-0.120244235,-0.260437489,-0.117553756
-0.124988392,-0.257583529,-0.119240411
-0.129606172,-0.254717767,-0.120791897
-0.134098336,-0.251841754,-0.122208126
-0.138455868,-0.248953357,-0.123493299
-0.142679393,-0.246052846,-0.124647185
-0.146765947,-0.243146479,-0.125670075
-0.150713235,-0.240237355,-0.126562417
-0.15452075,-0.237335578,-0.1273157
-0.158187047,-0.234448299,-0.127925485
-0.161712453,-0.231580734,-0.128383145
-0.165096477,-0.228739262,-0.12868163
-0.168338537,-0.225927621,-0.128812686
-0.171438143,-0.2231507,-0.128768429
-0.174391925,-0.220412299,-0.128553182
-0.177197799,-0.217716634,-0.128165692
-0.179842785,-0.215078637,-0.127635658
-0.182327867,-0.212496921,-0.126961499
-0.184632003,-0.209997207,-0.126203999
-0.186756462,-0.207577944,-0.125359446
-0.188680887,-0.205245525,-0.124485977
-0.190406591,-0.202999398,-0.12357983
-0.191916749,-0.200840563,-0.122679345
-0.19321245,-0.198768899,-0.121781878
-0.194016233,-0.19696188,-0.120914958
-0.194735497,-0.195170015,-0.120057911
-0.195057809,-0.193556666,-0.119213961
-0.195276663,-0.191992268,-0.118366614
-0.195183396,-0.190575436,-0.117508873
-0.194907144,-0.189220503,-0.116638683
-0.194406286,-0.187941551,-0.115753196
-0.19364804,-0.18671599,-0.114842579
-0.192750528,-0.185519367,-0.113918401
-0.191527665,-0.184353873,-0.112950273
-0.190240473,-0.183193654,-0.111973248
-0.188754708,-0.182023019,-0.110961154
-0.18712528,-0.180846348,-0.109923661
-0.18528989,-0.179702848,-0.108848065
-0.183269709,-0.178579748,-0.107738003
-0.181056455,-0.177498013,-0.106572606
-0.178653166,-0.176451504,-0.105358444
-0.176064685,-0.175470397,-0.104077868
-0.173272252,-0.174552903,-0.102730989
-0.170058683,-0.173828676,-0.101239428
-0.166831419,-0.173109293,-0.099744417
-0.16333966,-0.172481105,-0.09818124
-0.159708709,-0.171886161,-0.096596599
-0.155927405,-0.171327114,-0.094988771
-0.151860937,-0.170856461,-0.093347423
-0.147674829,-0.170418516,-0.091692492
-0.143312976,-0.170026615,-0.090017788
-0.13875033,-0.169700429,-0.088315569
-0.134079397,-0.169413775,-0.086596496
-0.129219294,-0.169252276,-0.084838182
-0.124199472,-0.169312149,-0.083027855
-0.1190852,-0.169418693,-0.081196822
-0.113809325,-0.169641376,-0.07932175
-0.108442329,-0.169929549,-0.077421874
-0.102933861,-0.170341194,-0.07548403
-0.097345635,-0.170822456,-0.073524825
-0.091638863,-0.171398923,-0.071537502
-0.085865244,-0.172029048,-0.069534369
-0.079997584,-0.172713116,-0.067517839
-0.074076898,-0.173427582,-0.065493785
-0.068084694,-0.174201474,-0.063476637
-0.062052183,-0.175008848,-0.061463404
-0.055978451,-0.175907716,-0.059459504
-0.049879692,-0.176868662,-0.05746178
-0.043753486,-0.17799072,-0.055477839
-0.037614699,-0.179232419,-0.053513795
-0.03147481,-0.180571735,-0.051574066
-0.025342807,-0.181997865,-0.049665622
-0.019223873,-0.183491886,-0.047790054
-0.01312761,-0.185047314,-0.045960024
-0.007059108,-0.186663374,-0.044182051
-0.001041788,-0.18833752,-0.042486876
0.004920349,-0.190024421,-0.040872052
0.01081541,-0.1917018,-0.039352849
0.016634822,-0.193349227,-0.037938986
0.02228817,-0.194889084,-0.036728818
0.027919965,-0.196414769,-0.035545077
0.033379119,-0.197814912,-0.034544446
0.038794793,-0.199183628,-0.03358607
0.043982878,-0.200390026,-0.032825857
0.049095161,-0.201547444,-0.032122273
0.054015491,-0.202580974,-0.031561982
0.058789931,-0.203532279,-0.031096894
0.063408278,-0.204395607,-0.030733669
0.06779936,-0.20512794,-0.03050351
0.072085008,-0.205799475,-0.030335113
0.076059394,-0.206354707,-0.030345121
0.079961874,-0.206885517,-0.030395642
0.083525471,-0.207317561,-0.030632107
0.086980604,-0.207722783,-0.030926093
0.090161055,-0.208060175,-0.031365659
0.093151443,-0.208356962,-0.031904176
0.095938466,-0.208610311,-0.032548558
0.098601185,-0.208857954,-0.033253133
0.101082884,-0.209097281,-0.034045335
0.103378713,-0.209342182,-0.034925938
0.105456635,-0.209602103,-0.035911433
0.107299969,-0.20987983,-0.037014455
0.108905159,-0.210171029,-0.038244337
0.110217907,-0.210477144,-0.039643053
0.111230589,-0.210804448,-0.041217279
0.112002142,-0.211152524,-0.042920701
0.1123439,-0.211525619,-0.044802945
0.112560846,-0.211895704,-0.046727311
0.112442456,-0.212245032,-0.048754293
0.112114064,-0.212544084,-0.050835315
0.111574613,-0.21279265,-0.052970648
0.110700086,-0.212892964,-0.055187341
0.10970059,-0.212928697,-0.057434227
0.108322233,-0.212706476,-0.059771277
0.106784686,-0.212362647,-0.062148068
0.104999736,-0.211829737,-0.064586587
0.102971017,-0.211087957,-0.067083612
0.100785814,-0.210275114,-0.069625989
0.098344587,-0.209253475,-0.072228722
0.095668942,-0.208076775,-0.074879907
0.092820242,-0.206813589,-0.077562034
0.089806646,-0.20548518,-0.080270633
0.086549625,-0.204077393,-0.083013766
0.08314646,-0.202647761,-0.085771956
0.079588041,-0.201219678,-0.088540368
0.075822912,-0.199830249,-0.091313794
0.071992308,-0.198475972,-0.094082296
0.067977488,-0.197220325,-0.09683685
0.063906431,-0.196005493,-0.099581122
0.059677191,-0.194905311,-0.102296337
0.055428531,-0.193817407,-0.105006732
0.051084064,-0.192789733,-0.107693017
0.046670616,-0.19180122,-0.110360473
0.042174011,-0.190844238,-0.112999626
0.037602223,-0.189915299,-0.115612604
0.032964431,-0.18898876,-0.118192963
0.028259411,-0.188068807,-0.120739631
0.023496784,-0.187131837,-0.123238251
0.018674318,-0.186184645,-0.125692859
0.013800995,-0.185212702,-0.128094077
0.008879651,-0.184213564,-0.130437747
0.003919396,-0.18318449,-0.1327077
-0.001074744,-0.18212086,-0.134897456
-0.006096173,-0.181022733,-0.136998355
-0.011143832,-0.179974914,-0.138993636
-0.016213706,-0.179002315,-0.140882611
-0.021291649,-0.177958071,-0.142676845
-0.026370602,-0.176807091,-0.14438878
-0.031441599,-0.175528869,-0.146021456
-0.036493056,-0.174097985,-0.147587836
-0.041526191,-0.172526717,-0.149083719
-0.046525951,-0.170868248,-0.150519207
-0.051493283,-0.169148043,-0.151892811
-0.05641181,-0.1673581,-0.153190523
-0.061283331,-0.165500015,-0.154411957
-0.066087522,-0.163658291,-0.155544952
-0.070786886,-0.161842242,-0.156553119
-0.075336233,-0.160140574,-0.157414436
-0.079838827,-0.158490047,-0.158243224
-0.084209546,-0.156984285,-0.158980489
-0.088486806,-0.155586317,-0.159664899
-0.092655279,-0.154313833,-0.160287812
-0.096691236,-0.153233752,-0.160839736
-0.100659683,-0.152251571,-0.161355451
-0.104449973,-0.151557267,-0.161780328
-0.108207546,-0.150917187,-0.162188515
-0.11185874,-0.150486782,-0.162543997
-0.115432508,-0.150210276,-0.162861094
-0.118890308,-0.150194451,-0.16312024
-0.12224561,-0.150403634,-0.163328499
-0.125500247,-0.150869444,-0.163491949
-0.128653482,-0.151579738,-0.163608953
-0.131702706,-0.152508363,-0.163690507
-0.134648979,-0.153664157,-0.163733184
-0.137497485,-0.15503937,-0.163748786
-0.140249431,-0.156630993,-0.163740322
-0.142913103,-0.158392414,-0.163732767
-0.145492524,-0.160309166,-0.163736507
-0.148005351,-0.162309259,-0.163794726
-0.150446251,-0.164414287,-0.163894042
-0.152834326,-0.166543126,-0.164072096
-0.15516372,-0.168720603,-0.164316744
-0.157452598,-0.17087017,-0.164648607
-0.159695059,-0.173016325,-0.165059999
-0.161900043,-0.175110787,-0.165539652
-0.16405873,-0.177156433,-0.166097626
-0.166112512,-0.178974792,-0.16678226
-0.168148458,-0.180752113,-0.167485043
-0.170134053,-0.182414234,-0.168238804
-0.172052979,-0.183949158,-0.169054314
-0.173921853,-0.185409576,-0.169910148
-0.175755054,-0.186826214,-0.170792729
-0.177541047,-0.188207045,-0.171706006
-0.179283023,-0.189557761,-0.172645107
-0.18096973,-0.190877154,-0.173611045
-0.182602957,-0.192159981,-0.174602181
-0.184175745,-0.193393305,-0.175615877
-0.185688853,-0.194571674,-0.176654622
-0.187137216,-0.195670187,-0.177721515
-0.188522384,-0.19668822,-0.178820431
-0.189843744,-0.19761537,-0.179956123
-0.191106811,-0.198459238,-0.181132868
-0.192312509,-0.199220344,-0.182351843
-0.193391457,-0.199752703,-0.183669925
-0.194452807,-0.200253755,-0.184997559
-0.195443213,-0.200628072,-0.186360359
-0.196383238,-0.200920358,-0.187726915
-0.197282448,-0.201146379,-0.189096496
-0.198078141,-0.201211587,-0.190439194
-0.19882901,-0.201205164,-0.191763341
-0.199497864,-0.201066166,-0.193050966
-0.200072885,-0.200767547,-0.194283858
-0.200595275,-0.200378969,-0.195484817
-0.200978696,-0.199741527,-0.196588427
-0.201331377,-0.199044213,-0.197666317
-0.201599583,-0.198180467,-0.198673278
-0.201787069,-0.197141871,-0.199605957
-0.201870441,-0.195858017,-0.200434864
-0.201857716,-0.194351465,-0.201162934
-0.201744288,-0.192605928,-0.201773524
-0.201526329,-0.190607786,-0.202262834
-0.201194674,-0.188324645,-0.202613235
-0.200748682,-0.185751721,-0.202822745
-0.200180814,-0.182858571,-0.202875808
-0.199488729,-0.179650769,-0.202768281
-0.198663458,-0.176114976,-0.20248279
-0.197705969,-0.172257885,-0.202020422
-0.196608007,-0.168080524,-0.201363236
-0.195361376,-0.163602546,-0.200497314
-0.193956256,-0.158853471,-0.19940725
-0.192387223,-0.153849065,-0.1980941
-0.190638632,-0.148634404,-0.196547762
-0.188709259,-0.143200621,-0.194772452
-0.186586037,-0.137566537,-0.192767382
-0.184264854,-0.131751195,-0.190534607
-0.181730062,-0.125796869,-0.18807666
-0.178980187,-0.119706303,-0.185397029
-0.176001757,-0.113513902,-0.182502776
-0.172794923,-0.107229978,-0.179396957
-0.169350311,-0.100894786,-0.176089242
-0.165669724,-0.094511181,-0.172582343
-0.161749139,-0.088112287,-0.168887347
-0.157412991,-0.081750743,-0.164873362
-0.152796984,-0.075464003,-0.160654455
-0.148044869,-0.069223136,-0.156339824
-0.14312385,-0.063038915,-0.151906326
-0.13792716,-0.056942772,-0.147274196
-0.132580638,-0.050900791,-0.14252992
-0.127111971,-0.04490364,-0.137694344
-0.121497996,-0.03896457,-0.13275148
-0.115739942,-0.033093929,-0.127698734
-0.109823644,-0.027308455,-0.122523859
-0.103759788,-0.021625098,-0.1172361
-0.097550534,-0.016095681,-0.111833915
-0.091196463,-0.010730268,-0.1063172
-0.084708959,-0.00559002,-0.100700311
-0.078088716,-0.000676843,-0.094984703
-0.071355477,0.003944523,-0.089209303
-0.064506911,0.008291119,-0.083371386
-0.057556964,0.012346918,-0.0775038
-0.050509442,0.016120736,-0.071617246
-0.043374658,0.019616395,-0.065738037
-0.036156602,0.022843113,-0.059876092
-0.028863825,0.025811879,-0.054052968
-0.021499861,0.028480977,-0.048325785
-0.0140325,0.030601803,-0.042856246
-0.006542093,0.032575104,-0.037456095
0.00096586,0.034390852,-0.032127943
0.008473114,0.036038198,-0.026887149
0.015951293,0.037501972,-0.021755205
0.023392068,0.038776059,-0.016738188
0.030771937,0.039840698,-0.011852623
0.038071971,0.040689576,-0.00711127
0.045275856,0.041314986,-0.002525314
0.052357659,0.041708197,0.001889756
0.059302762,0.041863821,0.006124916
0.066084273,0.041771926,0.010167986
0.072685853,0.041426469,0.014010818
0.079123899,0.040607326,0.01752371
0.085388765,0.039286748,0.020684903
0.091434807,0.037677344,0.023607109
0.097236991,0.035784941,0.026286932
0.102773517,0.033612967,0.028720379
0.108030424,0.031165218,0.03090281
0.112986773,0.028451297,0.032824777
0.117632374,0.025482824,0.034476019
0.121742673,0.022168111,0.035666849
0.125526652,0.018701008,0.03657937
0.128972337,0.01510472,0.037203785
0.131906539,0.011408257,0.037408378
0.134481505,0.007662019,0.037322097
0.136680186,0.003926497,0.036946215
0.138518453,0.000201101,0.036292952
0.139976114,-0.003530451,0.035362527
0.141069233,-0.007268036,0.034166634
0.141816631,-0.011028593,0.032740023
0.14223288,-0.014811285,0.031092424
0.142140001,-0.018592792,0.029148875
0.141836524,-0.022309216,0.027078049
0.140907571,-0.025905065,0.024680514
0.139842659,-0.029503034,0.022219289
0.138171956,-0.033094872,0.019492507
0.13642019,-0.036696497,0.016732695
0.134326309,-0.040332139,0.013833424
0.131937966,-0.04402224,0.010812141
0.129196897,-0.047802992,0.007642634
0.126099229,-0.051653024,0.004333843
0.122634172,-0.055570342,0.000884833
0.118795954,-0.059507918,-0.00268287
0.114586644,-0.063460298,-0.00636601
0.11000862,-0.067386605,-0.010143552
0.105066672,-0.071276344,-0.014008138
0.09976694,-0.075108588,-0.017946377
0.094066858,-0.078846358,-0.021949993
0.087905988,-0.082431823,-0.026010238
0.081416562,-0.085849546,-0.030088149
0.074654207,-0.089142732,-0.034173291
0.06763304,-0.092334263,-0.038257316
0.060367722,-0.095438205,-0.042329304
0.052872527,-0.098457061,-0.046375964
0.045150328,-0.101373404,-0.050378438
0.037062205,-0.103938796,-0.054216266
0.028956903,-0.106489696,-0.058046255
0.020635813,-0.108733214,-0.061720546
0.012208163,-0.110713638,-0.065272555
0.003677459,-0.112425506,-0.068699501
-0.004977752,-0.1137354,-0.071912184
-0.013679856,-0.114704959,-0.074988499
-0.022405708,-0.115039341,-0.077960193
-0.031184388,-0.114861794,-0.080633163
-0.039961897,-0.114613548,-0.083263241
-0.048730828,-0.113772854,-0.085543096
-0.057490546,-0.112861268,-0.087777168
-0.066175908,-0.111356027,-0.089637533
-0.074844055,-0.109783478,-0.091449738
-0.083372422,-0.107647188,-0.092868797
-0.091875792,-0.105455667,-0.094237484
-0.100175545,-0.102799751,-0.095195077
-0.108442754,-0.100101799,-0.096101604
-0.116444677,-0.097048104,-0.096591495
-0.124406822,-0.093969375,-0.097031303
-0.132044494,-0.090674572,-0.097062692
-0.139635459,-0.087370366,-0.097044609
-0.146845043,-0.08397869,-0.096623145
-0.15400219,-0.080577686,-0.09615282
-0.160731062,-0.077090643,-0.095284201
-0.167408794,-0.07359229,-0.094373219
-0.173668951,-0.069992401,-0.093117185
-0.179754376,-0.066335596,-0.09173701
-0.185469046,-0.062556632,-0.09009359
-0.190891102,-0.058673609,-0.088268369
-0.196055338,-0.054698963,-0.086282939
-0.200784132,-0.050557736,-0.08406163
-0.205362186,-0.046359416,-0.081758559
-0.209643692,-0.042044669,-0.079303958
-0.213689536,-0.037637521,-0.076728903
-0.217369825,-0.033042114,-0.073991269
-0.22072053,-0.028284092,-0.071103148
-0.223727524,-0.02336517,-0.06808085
-0.226395577,-0.018285625,-0.064920515
-0.228705719,-0.013467052,-0.061598331
-0.230659947,-0.008746455,-0.058126211
-0.232015327,-0.003768079,-0.054493368
-0.232980952,0.001285264,-0.050787207
-0.233555064,0.006363743,-0.047012951
-0.233507544,0.011335212,-0.043154139
-0.233185798,0.016247155,-0.039259911
-0.232409805,0.020979676,-0.035328474
-0.23139143,0.025616497,-0.031377058
-0.229762763,0.029885264,-0.027427575
-0.22799404,0.034065906,-0.023480896
-0.225606933,0.037805125,-0.019583205
-0.223069131,0.041434333,-0.015708009
-0.220084757,0.044737112,-0.011900117
-0.216982991,0.047950111,-0.008117913
-0.213571891,0.050926108,-0.00440395
-0.209891558,0.053713102,-0.000763318
-0.205882877,0.056291953,0.002769609
-0.201584369,0.05869551,0.006202405
-0.197012275,0.060959987,0.009521933
-0.192164674,0.06308911,0.012718067
-0.187050343,0.065114483,0.015765972
-0.181681037,0.067044497,0.018667135
-0.176080972,0.068914555,0.021405993
-0.170255527,0.070718661,0.023979999
-0.164230302,0.072473109,0.02637412
-0.158011898,0.074173003,0.028589502
-0.151628718,0.075822636,0.030617101
-0.145085663,0.077411607,0.032458078
-0.138410509,0.078927204,0.034107715
-0.131607473,0.080359988,0.035567969
-0.124702901,0.081686497,0.036838435
-0.117634974,0.08277902,0.037773516
-0.110475883,0.083677351,0.038480196
-0.103281505,0.084372856,0.03902721
-0.096044399,0.084822558,0.039380696
-0.088791847,0.085036069,0.039580885
-0.081520602,0.084963344,0.039595265
-0.074253939,0.084650248,0.039465237
-0.066992849,0.084045865,0.039160177
-0.05975775,0.083226562,0.038727507
-0.052554172,0.082146831,0.038140155
-0.045400076,0.080900013,0.037446257
-0.038305975,0.079450734,0.036623206
-0.031285852,0.077899329,0.035715997
-0.0243554,0.076224208,0.034706764
-0.017524226,0.074503191,0.033640701
-0.010813377,0.072726607,0.032505721
-0.004226198,0.070954904,0.031342916
0.002211096,0.069189198,0.030146357
0.008502713,0.067461684,0.028951146
0.014617779,0.065780543,0.027757525
0.02056976,0.064168699,0.02659273
0.026324097,0.06264092,0.025462814
0.031902131,0.061178677,0.024389489
0.037266497,0.059795957,0.023384694
0.042445906,0.058439724,0.022462625
0.047401171,0.057115715,0.021640759
0.052166726,0.055802986,0.020927927
0.056702372,0.054504078,0.020347171
0.061046001,0.053195618,0.019900363
0.065156929,0.051875737,0.019615823
0.069075406,0.050552428,0.019486096
0.072760656,0.049225122,0.01954392
0.076254174,0.047915354,0.019773223
0.07951533,0.046626996,0.020210272
0.082585692,0.045385245,0.020833049
0.085424826,0.044200119,0.021680839
0.088072516,0.043122131,0.022728518
0.090477146,0.042383373,0.023996651
0.092695609,0.041709576,0.025469901
0.09468843,0.041114621,0.027191659
0.096534282,0.040493485,0.029092953
0.098202519,0.039849773,0.031210775
0.099600881,0.039214056,0.033681922
0.100872703,0.038601514,0.036324106
0.101916835,0.038049847,0.0392786
0.10275472,0.037628647,0.042519324
0.103483714,0.03727825,0.045911834
0.104046129,0.037071053,0.049544141
0.104460716,0.037015084,0.05338981
0.104695752,0.037174542,0.057495136
0.104749359,0.03762247,0.061851539
0.104620658,0.038388215,0.066454403
0.104306087,0.039580662,0.071287073
0.103632025,0.041709911,0.076495476
0.102830641,0.044200189,0.081821918
0.101813011,0.047289368,0.087341867
0.100511312,0.051125869,0.093119979
0.099016033,0.055416126,0.099085733
0.09731181,0.060172334,0.105258025
0.09538383,0.065403953,0.111650243
0.093232058,0.071079716,0.118257396
0.090815805,0.077281758,0.125106245
0.088161677,0.08398056,0.132152751
0.08529184,0.091123499,0.139358431
0.08220993,0.098720543,0.146703139
0.078919582,0.106788263,0.15416652
0.075424723,0.115340166,0.161727011
0.071681798,0.124498568,0.169370785
0.067743659,0.134130403,0.177051172
0.063618734,0.144201919,0.184746295
0.059356432,0.154584453,0.192441761
0.054930273,0.165329263,0.200125173
0.050350882,0.176617965,0.207816646
0.045599718,0.188216448,0.215460002
0.040689688,0.200084522,0.223048493
0.03562678,0.212155461,0.230545923
0.030416599,0.224387467,0.237951636
0.025076598,0.236629739,0.245230556
0.019605719,0.248876691,0.25239104
0.014025729,0.260891885,0.259409904
0.008343407,0.272610635,0.266287923
0.002574049,0.283896506,0.273035258
-0.003266111,0.294606328,0.279652655
-0.009163646,0.30465278,0.286153466
-0.015112767,0.314023376,0.292536139
-0.021097763,0.322675318,0.298801929
-0.027102765,0.330589622,0.304933935
-0.033105914,0.337672859,0.310883701
-0.039089154,0.343861103,0.316601753
-0.04503395,0.349063635,0.322033077
-0.050920736,0.353174627,0.327121973
-0.056729995,0.356103837,0.331827372
-0.062457845,0.357893467,0.336154282
-0.068099946,0.358738065,0.340130985
-0.07355924,0.357612163,0.34346357
-0.078945272,0.355878294,0.346577197
-0.084234416,0.353446335,0.34940967
-0.089420609,0.350431204,0.351953447
-0.094477788,0.346889049,0.354130536
-0.099435978,0.343111962,0.356023163
-0.104295708,0.339206338,0.357630491
-0.109057374,0.335274786,0.358952075
-0.1137207,0.331421047,0.359986216
-0.118258908,0.327859491,0.360654354
-0.122745588,0.324484378,0.361163884
-0.127155021,0.321391523,0.36143446
-0.131481364,0.318737656,0.361443132
-0.13572143,0.316563427,0.361179143
-0.139884934,0.314946741,0.360667884
-0.143973231,0.313913584,0.359912425
-0.147992834,0.313549191,0.358938456
-0.151945442,0.313877702,0.357752204
-0.155831993,0.314932227,0.356369466
-0.159653097,0.316725343,0.354795069
-0.163402215,0.319241792,0.353029341
-0.167078048,0.322481185,0.351073384
-0.170538589,0.326999217,0.348697752
-0.1739382,0.33180964,0.346216023
-0.177176431,0.336998552,0.343492508
-0.180312082,0.342370093,0.340627044
-0.183236465,0.347967535,0.337498039
-0.185985446,0.353618771,0.334202886
-0.188607886,0.359301567,0.330792934
-0.190937459,0.364935607,0.327196449
-0.193107411,0.37049821,0.323544234
-0.195109963,0.375985801,0.319833487
-0.196941733,0.381373107,0.316084564
-0.198599011,0.386645049,0.312308967
-0.200041592,0.391743213,0.308530867
-0.201278999,0.39666903,0.304769427
-0.202308446,0.401414752,0.301041096
-0.203122273,0.405962318,0.297399074
-0.203722626,0.410320401,0.293837279
-0.204108492,0.414502054,0.290400445
-0.204280272,0.418516427,0.287075907
-0.204237953,0.422427952,0.283885717
-0.20398137,0.426233917,0.280820251
-0.203509793,0.430036187,0.277874947
-0.202823415,0.433808446,0.275049299
-0.201921612,0.437636197,0.272328854
-0.200804412,0.441539943,0.269708872
-0.199472442,0.445573688,0.267172217
-0.197926655,0.449775815,0.264710039
-0.196171552,0.454154551,0.262316316
-0.194206938,0.458699793,0.259997219
-0.192039713,0.463386387,0.25776884
-0.189668387,0.46821171,0.255632728
-0.187098384,0.473119795,0.253624678
-0.184327826,0.478117883,0.251738578
-0.181357712,0.483139902,0.250010401
-0.178187042,0.488193214,0.248433292
-0.174812868,0.493194193,0.247040004
-0.171235114,0.498155922,0.245822206
-0.167448029,0.502989531,0.244800121
-0.163453087,0.5077191,0.243966937
-0.159245193,0.512275279,0.243329987
-0.154824123,0.516623974,0.242890298
-0.150184765,0.520744264,0.242633328
-0.145324528,0.524602592,0.242554739
-0.140241966,0.528176904,0.242634565
-0.134938568,0.531477332,0.24287124
-0.129418075,0.5345065,0.243221909
-0.123681866,0.537271798,0.243690833
-0.117742635,0.539811254,0.244221359
-0.111599237,0.542122841,0.24482429
-0.105268799,0.544264555,0.245448291
-0.09874738,0.546223402,0.246106878
-0.092052229,0.548061252,0.246758729
-0.085189156,0.549797297,0.247392863
-0.078179419,0.551497519,0.247976661
-0.071033292,0.553194463,0.248491541
-0.063764423,0.554918885,0.248926148
-0.056387428,0.556708276,0.249260828
-0.048924044,0.558581173,0.249487117
-0.041394312,0.560568511,0.249589309
-0.033826143,0.562666714,0.249566123
-0.026217403,0.564865887,0.249421164
-0.018609896,0.567118406,0.249166608
-0.010994932,0.569433212,0.248799413
-0.00340712,0.571766853,0.248327285
0.004160639,0.574129462,0.247748211
0.011679254,0.576489508,0.247066736
0.019129548,0.578817546,0.246228784
0.02646778,0.581014872,0.245183736
0.033747766,0.583099306,0.244037971
0.040952645,0.585034311,0.242763296
0.048044056,0.58671689,0.241299301
0.054973874,0.588055313,0.23958008
0.061845995,0.589270175,0.237769604
0.068538785,0.590178728,0.235697597
0.075167522,0.590977192,0.233532086
0.081596643,0.591543496,0.231103465
0.087954454,0.592026234,0.228580773
0.094213113,0.592435479,0.225939423
0.100350872,0.592755258,0.223153427
0.106344953,0.593010485,0.220213681
0.112184227,0.593182445,0.217114553
0.117865279,0.593307316,0.213870496
0.123386137,0.593410969,0.210480928
0.128723577,0.593512356,0.206955507
0.133871824,0.593617558,0.203296661
0.138826743,0.593736529,0.199513033
0.1435792,0.593883753,0.195614651
0.148115128,0.594066858,0.191624597
0.152419567,0.594296515,0.187566116
0.156481698,0.594575644,0.183466628
0.160289004,0.594908178,0.179355532
0.163832456,0.595296919,0.175258473
0.16710265,0.595743775,0.171203136
0.170092478,0.596250176,0.167204693
0.172795057,0.596817017,0.163279831
0.175199032,0.597434402,0.159433499
0.177304447,0.598099709,0.155660361
0.179104194,0.598795652,0.151948765
0.180596426,0.599517941,0.148295671
0.181773961,0.600243211,0.144687027
0.182634786,0.600965381,0.141119063
0.183176771,0.601668656,0.137587056
0.183399022,0.602348149,0.134089082
0.182932898,0.602936864,0.130693316
0.182292789,0.603497028,0.127326056
0.181262255,0.604036212,0.124041736
0.180092216,0.604567647,0.120787144
0.178425834,0.605146527,0.117675841
0.176661119,0.60574317,0.114598922
0.174486384,0.606433868,0.111677416
0.172160208,0.607170284,0.108829252
0.169535384,0.607997239,0.106125489
0.166683018,0.608890355,0.103556156
0.163634211,0.609840572,0.101102926
0.160291895,0.610850453,0.098851331
0.156844795,0.611881435,0.096671917
0.153217256,0.612962544,0.094624184
0.149441242,0.614084899,0.092684895
0.145468071,0.615225375,0.090908341
0.141310647,0.616388798,0.089280836
0.136983916,0.617553413,0.08780124
0.132485077,0.618724406,0.086469196
0.127819613,0.619816482,0.085290037
0.12298616,0.620849311,0.084262542
0.117995232,0.621785939,0.083380505
0.112850435,0.622612774,0.082641937
0.107561827,0.623283863,0.082028888
0.102136083,0.623771369,0.081533536
0.096581221,0.624073863,0.081131317
0.090904839,0.624169886,0.080807507
0.085122198,0.624094546,0.080521293
0.079229511,0.623840272,0.080282807
0.073243797,0.62344712,0.080066718
0.067161091,0.622905552,0.07987912
0.061003383,0.622229576,0.079711325
0.054764561,0.621399701,0.079567328
0.048470318,0.620443702,0.079455815
0.042116057,0.619380593,0.079372093
0.035731126,0.618253469,0.079330131
0.029308569,0.617052317,0.079326645
0.022881079,0.615814626,0.079369225
0.016440896,0.614531457,0.079455979
0.010021905,0.613196015,0.079586439
0.003614469,0.611782551,0.079763576
-0.002669042,0.610090375,0.080021881
-0.008944041,0.608381033,0.080284134
-0.015082705,0.606352329,0.080579557
-0.021184811,0.60423559,0.080878899
-0.027116915,0.601700068,0.081188716
-0.032978404,0.598999619,0.081495322
-0.038701266,0.595974207,0.081795596
-0.044272255,0.592600822,0.082074337
-0.049712013,0.588926911,0.082334489
-0.054928534,0.584770143,0.082549445
-0.06006486,0.580440581,0.082748249
-0.065046623,0.57578367,0.082910657
-0.069901049,0.570857227,0.083043106
-0.074544854,0.565547407,0.083118811
-0.078998551,0.559883416,0.08314424
-0.082953885,0.553381026,0.083024688
-0.08688163,0.54683429,0.082897097
-0.090452924,0.539781451,0.082659118
-0.093873352,0.532548606,0.082375512
-0.096991576,0.524967611,0.082000695
-0.099823654,0.51710248,0.081544884
-0.102503657,0.50908649,0.081046127
-0.104865737,0.500842452,0.080464818
-0.107058898,0.492477298,0.079839744
-0.108927689,0.483951002,0.079141296
-0.110624149,0.475339085,0.078403942
-0.111992277,0.466632843,0.077600814
-0.113185972,0.457876414,0.076762825
-0.114230543,0.449087858,0.075897239
-0.115054026,0.440251797,0.074990667
-0.115649961,0.431397676,0.074043639
-0.115991428,0.422534615,0.073051997
-0.116093487,0.413656652,0.072018445
-0.115954541,0.404763818,0.070942909
-0.1155653,0.395880789,0.069826424
-0.114920728,0.387019545,0.068669468
-0.114028148,0.378192425,0.067475341
-0.112889439,0.369409382,0.066245809
-0.111508057,0.36067903,0.064985014
-0.109886311,0.352008879,0.063695528
-0.108031832,0.343421519,0.062382821
-0.105949067,0.33493036,0.061050389
-0.103640288,0.326537937,0.05970015
-0.101112053,0.318258613,0.058337413
-0.098370738,0.310106933,0.056965806
-0.095425017,0.302102566,0.055590425
-0.092286468,0.294271648,0.054213423
-0.088957846,0.286620378,0.052833907
-0.085447088,0.279168218,0.05145194
-0.081759274,0.271927297,0.050067473
-0.077906728,0.264929414,0.048685193
-0.073897086,0.258194,0.047307365
-0.069744587,0.251756936,0.04594478
-0.06545864,0.245642066,0.044603407
-0.061055411,0.239884108,0.043295804
-0.056545831,0.23450774,0.042030022
-0.051851649,0.229983166,0.040868092
-0.047099825,0.225779653,0.039748345
-0.042275518,0.222132623,0.038706839
-0.03741255,0.218780458,0.037706874
-0.032504026,0.215935409,0.036788259
-0.027568176,0.213304341,0.035918742
-0.022609025,0.211029604,0.035156045
-0.017641352,0.209018648,0.034441914
-0.012684705,0.207464889,0.033826254
-0.007733701,0.206153333,0.033262845
-0.002795788,0.205035716,0.032743972
0.002122485,0.204206347,0.032291185
0.007007796,0.203643695,0.031907182
0.011851531,0.20336853,0.031600393
0.016646771,0.203410596,0.031371795
0.02138879,0.203706637,0.031213904
0.026064385,0.204235479,0.031125987
0.030665243,0.204986691,0.031107847
0.03518853,0.205953732,0.031157644
0.039623752,0.207119763,0.031272948
0.043960202,0.208473757,0.031448226
0.048183437,0.210000068,0.031676367
0.052283224,0.211690098,0.031948458
0.056247443,0.213534907,0.032253206
0.060057338,0.215515479,0.032573342
0.063709512,0.217628315,0.032904141
0.067193933,0.219861373,0.033241894
0.070504069,0.222207114,0.033582803
0.073626041,0.224643826,0.033927273
0.076558769,0.227200627,0.034279328
0.079284377,0.229836658,0.034643784
0.081806384,0.232534096,0.035016723
0.084112734,0.235253155,0.035399102
0.086201966,0.237975135,0.035784468
0.088069923,0.240676314,0.036168247
0.089709334,0.243338257,0.036534552
0.090991139,0.245937303,0.036858056
0.092002243,0.248478845,0.037131786
0.09274555,0.250961393,0.037336823
0.093292795,0.253392309,0.037487071
0.093584485,0.255748928,0.037562177
0.093567841,0.258018821,0.037542194
0.093354337,0.260234475,0.037458938
0.092921771,0.262390435,0.03730436
0.09228763,0.264519334,0.037085321
0.091467716,0.266623318,0.036806833
0.090381436,0.268718809,0.036433894
0.089049585,0.2708022,0.03597533
0.087461539,0.272906065,0.03541483
0.085620657,0.275022656,0.034756608
0.083514929,0.277158141,0.033979028
0.081147306,0.279310822,0.033087377
0.078514174,0.281469673,0.032071277
0.075614169,0.283631295,0.030927079
0.072449826,0.285673052,0.029665207
0.06902007,0.287562817,0.028284399
0.06531617,0.289414614,0.026786109
0.061338462,0.291222185,0.025167907
0.057095695,0.292831838,0.02347202
0.052590929,0.294368118,0.021678748
0.047851697,0.295794278,0.019816291
0.042871315,0.297119468,0.017877676
0.037695114,0.298291624,0.015892869
0.032312073,0.299323469,0.013854496
0.026755087,0.3001858,0.011779506
0.021035375,0.300868481,0.009673785
0.015185772,0.301349759,0.007545665
0.009227569,0.301612884,0.005403446
0.003175398,0.301650584,0.003247646
-0.002949934,0.301448435,0.001084138
-0.009134093,0.301012158,-0.001087785
-0.015359094,0.300334722,-0.00326507
-0.02162043,0.299429625,-0.005447478
-0.027904978,0.29829818,-0.007633394
-0.034206569,0.296976447,-0.009814963
-0.040515486,0.295478672,-0.011988765
-0.046818685,0.293886155,-0.014127268
-0.053117856,0.292186588,-0.016233953
-0.059397344,0.290449858,-0.018279992
-0.065654427,0.288669825,-0.02026071
-0.071956091,0.285543948,-0.022014638
-0.0782177,0.282446325,-0.023680579
-0.084437206,0.279381871,-0.025254227
-0.090605102,0.2763744,-0.026716448
-0.096662879,0.273482293,-0.027959302
-0.102679908,0.270634174,-0.029124053
-0.108629115,0.26788044,-0.03016139
-0.114475645,0.265270531,-0.031015554
-0.120160885,0.262826622,-0.031626306
-0.125700474,0.260506213,-0.032050889
-0.130961701,0.258392215,-0.032191586
-0.136061609,0.2563954,-0.032175358
-0.140877783,0.254614234,-0.031926069
-0.145496428,0.252983421,-0.031514511
-0.149788961,0.251625508,-0.030872904
-0.15385443,0.250457764,-0.030071117
-0.15756309,0.249600455,-0.02905217
-0.161023319,0.248959497,-0.027882019
-0.164105579,0.248636618,-0.026511274
-0.16692467,0.248535395,-0.025000861
-0.169351324,0.248730138,-0.023304498
-0.171504736,0.249131143,-0.021478664
-0.173479795,0.249667719,-0.019570749
-0.175144836,0.250439465,-0.017520128
-0.176518708,0.2513946,-0.015349148
-0.177559018,0.252537459,-0.013048382
-0.178110227,0.25394994,-0.010559266
-0.178344831,0.255502671,-0.007960187
-0.17828089,0.257124335,-0.005265726
-0.177712217,0.258607566,-0.002392648
-0.176805839,0.260073811,0.00060955
-0.175465792,0.261440456,0.003775024
-0.173876688,0.262742639,0.007034014
-0.171873644,0.263912529,0.010432344
-0.16959393,0.264994025,0.013923806
-0.16690968,0.265972137,0.017523829
-0.163955048,0.266881168,0.02119641
-0.160609603,0.267704695,0.024934683
-0.157002941,0.268471062,0.028716868
-0.153018653,0.26921761,0.032534126
-0.148778379,0.270012021,0.036368202
-0.144367531,0.270963401,0.040194441
-0.139680445,0.271958619,0.044031501
-0.134735912,0.273030668,0.047863275
-0.129500419,0.274209827,0.051680397
-0.123997129,0.275491089,0.055472966
-0.118228354,0.276883364,0.059230249
-0.112192675,0.278380841,0.062944233
-0.105890073,0.279983163,0.066604942
-0.099325113,0.281692177,0.070211127
-0.092504643,0.283510566,0.073752061
-0.085433349,0.285422146,0.077222779
-0.078118593,0.287402958,0.080615386
-0.070566781,0.289434999,0.083924681
-0.062785782,0.291489482,0.087145798
-0.054785263,0.293540686,0.090270706
-0.046576917,0.295555651,0.093291022
-0.038174894,0.297499716,0.096194886
-0.029597145,0.299331218,0.098967358
-0.02087584,0.300977051,0.101583466
-0.012025247,0.302407652,0.104032263
-0.003066425,0.303578854,0.106301799
0.0059793,0.304445773,0.108378597
0.015095984,0.304979593,0.110256471
0.024263771,0.305141777,0.111925572
0.033463225,0.304908067,0.113381535
0.042672675,0.304245681,0.114617288
0.051829584,0.302686423,0.115424506
0.060940798,0.300718755,0.116046451
0.069969326,0.298366725,0.116462037
0.078938842,0.295747727,0.116733298
0.087691478,0.292561829,0.116635457
0.096341841,0.289185375,0.116397932
0.104859225,0.285561442,0.115978837
0.113139048,0.281629324,0.115306951
0.121293321,0.277564198,0.114520565
0.129219443,0.273284793,0.113543004
0.136870936,0.268807143,0.112383485
0.144397944,0.264239252,0.111141495
0.151592687,0.259536982,0.109733738
0.158636808,0.254773378,0.108250849
0.165316671,0.249937728,0.106616452
0.171831429,0.245069057,0.104913391
0.177951097,0.240161762,0.103064351
0.183891654,0.235236585,0.101149134
0.189641804,0.23030147,0.099160902
0.195131823,0.225353032,0.097072899
0.200355366,0.220380783,0.09489093
0.205290273,0.215379938,0.092609487
0.209902927,0.21034722,0.090236761
0.214174718,0.20528011,0.087774158
0.218112111,0.200172067,0.085232429
0.221712187,0.195020035,0.082615905
0.224964067,0.189830437,0.079926625
0.227853566,0.184607685,0.077170461
0.230369121,0.179357558,0.074349023
0.232498959,0.174094617,0.071458839
0.234065115,0.16887337,0.068456188
0.235267088,0.163718462,0.065370634
0.23608087,0.158660397,0.062188603
0.236466035,0.153730407,0.058899563
0.236365408,0.14898327,0.055514693
0.235500187,0.144627616,0.052064873
0.234447896,0.140389994,0.04861901
0.23289527,0.13646844,0.045183804
0.230927244,0.13284947,0.041792639
0.228693083,0.129424319,0.038429659
0.225789666,0.126544565,0.035191178
0.22266385,0.12384931,0.032003775
0.219072521,0.121541776,0.028927531
0.215089262,0.119552456,0.025959717
0.21086736,0.117756963,0.02305788
0.206334487,0.116189189,0.020246884
0.201545924,0.114808701,0.017510543
0.196397454,0.113641754,0.014889251
0.190919071,0.112679802,0.012371583
0.18468754,0.112152845,0.010090309
0.178431019,0.111640289,0.007816749
0.171746835,0.111325786,0.005649427
0.164860889,0.111137182,0.003516356
0.157724082,0.111109041,0.001423931
0.150272593,0.111303218,-0.000639484
0.142668501,0.11161501,-0.002696326
0.134855837,0.112092182,-0.004747793
0.126811698,0.11276935,-0.00680326
0.118631884,0.113569297,-0.008862625
0.110236399,0.11456947,-0.010929619
0.10177058,0.115655646,-0.013000441
0.093120851,0.116965741,-0.015081011
0.0844156,0.118363388,-0.017163679
0.075565211,0.119988896,-0.019251563
0.066677399,0.121703267,-0.02134271
0.057691794,0.12364883,-0.023442117
0.048686862,0.125683784,-0.025549989
0.039631523,0.12795119,-0.027679712
0.030576903,0.130299106,-0.02982715
0.02152437,0.13285619,-0.032020632
0.012491355,0.135481566,-0.034241725
0.003509659,0.138283998,-0.036534738
-0.005432958,0.141135529,-0.038865827
-0.014273041,0.144113794,-0.041296218
-0.023055816,0.147141278,-0.043773003
-0.031688329,0.150295749,-0.046370849
-0.040245451,0.15349175,-0.049025651
-0.048604954,0.156794399,-0.051829137
-0.056871347,0.1601253,-0.054699805
-0.064893745,0.163528085,-0.057745911
-0.072805829,0.16694358,-0.060867261
-0.080428876,0.170390233,-0.064185135
-0.088004895,0.173839226,-0.067534469
-0.095361553,0.177293956,-0.071029104
-0.102545202,0.18075271,-0.074634679
-0.109471835,0.18421413,-0.078392997
-0.116168305,0.187674925,-0.082289077
-0.122609206,0.191120952,-0.086329564
-0.128793418,0.19455336,-0.090514138
-0.134679541,0.197955474,-0.094851337
-0.140280664,0.201331854,-0.099337764
-0.145578206,0.204670966,-0.103973582
-0.150565952,0.207969278,-0.108759031
-0.155224219,0.211216107,-0.113695271
-0.15954344,0.214404777,-0.118783049
-0.163515344,0.217525199,-0.124025196
-0.167129546,0.220566705,-0.129423216
-0.170383483,0.223506823,-0.134981006
-0.17326808,0.226320788,-0.140699938
-0.175781474,0.22895588,-0.146578312
-0.177923605,0.231415331,-0.152613506
-0.179690659,0.233631849,-0.158793777
-0.181082472,0.235611185,-0.165115386
-0.182092875,0.237275407,-0.171547562
-0.182723016,0.238647595,-0.178093448
-0.182967991,0.239697635,-0.184719384
-0.182829097,0.240438774,-0.191430166
-0.182303891,0.240874976,-0.198193803
-0.181393683,0.241016299,-0.205013469
-0.180099785,0.240905061,-0.211853817
-0.178423434,0.240543053,-0.218719527
-0.176371023,0.239998817,-0.225575835
-0.17375657,0.23923105,-0.232396573
-0.170525432,0.238352627,-0.239113986
-0.167101875,0.237477437,-0.245772526
-0.163174227,0.236607626,-0.252276719
-0.159061074,0.235761434,-0.258702368
-0.15446195,0.234973982,-0.264922112
-0.149686098,0.234230965,-0.271045566
-0.144447163,0.233601213,-0.276916772
-0.13914229,0.232988596,-0.282745659
-0.133529812,0.232448816,-0.288377434
-0.127688736,0.231964737,-0.293852627
-0.121552505,0.2315557,-0.299091876
-0.115150757,0.231212869,-0.304119676
-0.10849385,0.230932578,-0.308908939
-0.101580374,0.230728641,-0.313459635
-0.094420388,0.230646119,-0.317732006
-0.087016299,0.230669618,-0.321734875
-0.079391606,0.230809227,-0.325441927
-0.071543142,0.2310673,-0.32885617
-0.063493878,0.231467456,-0.331949949
-0.055241633,0.231997892,-0.334728509
-0.046812121,0.232650533,-0.337170333
-0.0381229,0.233512193,-0.339103907
-0.029177394,0.234638914,-0.340447545
-0.020171728,0.235858232,-0.341586292
-0.011008119,0.237317383,-0.342188686
-0.001802517,0.238871038,-0.34258014
0.00751348,0.240669578,-0.342419535
0.016840512,0.242502153,-0.342175037
0.026219919,0.244487792,-0.341540366
0.035632402,0.246574953,-0.340615511
0.045068249,0.248750657,-0.339315325
0.054521784,0.251026988,-0.337670267
0.063958071,0.253429204,-0.335666358
0.073381953,0.255952001,-0.333315045
0.082759812,0.25861311,-0.330637634
0.092090562,0.261412233,-0.327639401
0.10135287,0.264359266,-0.324340522
0.110531099,0.267460912,-0.320752323
0.119621105,0.270718306,-0.316877127
0.128609702,0.27413407,-0.312720478
0.137491286,0.277715862,-0.308283925
0.146257728,0.281470686,-0.30357039
0.154898942,0.285426527,-0.298587412
0.163407609,0.289595544,-0.293340981
0.171770111,0.293990701,-0.287845075
0.17997238,0.298616469,-0.282113552
0.188011006,0.303468019,-0.276152134
0.195867136,0.308529347,-0.269999057
0.203538492,0.313795418,-0.263658524
0.211014971,0.319253564,-0.257150203
0.218282968,0.324878156,-0.250502408
0.225244835,0.330697447,-0.243689477
0.231874362,0.336649269,-0.23676163
0.238289088,0.342622876,-0.229798153
0.24444963,0.348565578,-0.222815603
0.250332177,0.35442692,-0.215832934
0.255866319,0.360213935,-0.20886384
0.261112422,0.365926176,-0.201932952
0.266084969,0.371563286,-0.195054829
0.270780176,0.377118617,-0.188244924
0.275126606,0.382555038,-0.181547254
0.279129952,0.38784641,-0.174989253
0.282958925,0.393068045,-0.168504938
0.286526531,0.398188293,-0.162133515
0.289825141,0.403191954,-0.155894205
0.292803526,0.408046573,-0.14982532
0.295486301,0.412749708,-0.14392069
0.297871143,0.417281508,-0.138194412
0.299957365,0.421625853,-0.132648334
0.301742375,0.425744861,-0.127290696
0.303215653,0.429416418,-0.122091241
0.30439201,0.432842046,-0.117072985
0.305271119,0.436023027,-0.112227291
0.305852115,0.438963026,-0.107537791
0.306133777,0.441656202,-0.10299737
0.306112975,0.444102496,-0.098594129
0.305788338,0.446314245,-0.09431316
0.305157244,0.448318958,-0.090134293
0.304218829,0.450118184,-0.086052008
0.302972764,0.45171544,-0.082065776
0.301419258,0.453136533,-0.078178123
0.299560159,0.454398155,-0.074402094
0.297399372,0.455472142,-0.070767447
0.294941902,0.45633924,-0.067310914
0.29218927,0.456975907,-0.064037971
0.289145619,0.457348019,-0.060973756
0.285813302,0.457435578,-0.058123246
0.282196879,0.45720008,-0.055504892
0.278162569,0.456453592,-0.053222906
0.273830384,0.455273777,-0.051180087
0.269233912,0.45368728,-0.04933073
0.264374137,0.45171392,-0.047653794
0.259206802,0.449329972,-0.046152074
0.253782809,0.446642309,-0.044777468
0.248196363,0.443788856,-0.043476671
0.242398575,0.440733492,-0.042268392
0.236390367,0.437501818,-0.041142289
0.230161577,0.43409425,-0.040098719
0.223648757,0.430473328,-0.039144859
0.21693933,0.426712632,-0.038223337
0.210051909,0.422814041,-0.037307665
0.20295997,0.418746412,-0.036366899
0.195576638,0.41442129,-0.0353336
0.188102737,0.410011083,-0.034255531
0.180413157,0.405399084,-0.033070564
0.172582835,0.400637329,-0.031798925
0.164613113,0.395727187,-0.030441459
0.156473383,0.390602708,-0.02895309
0.148263842,0.385389656,-0.027411167
0.139877111,0.379903734,-0.025691403
0.131455645,0.374356955,-0.023930211
0.122904174,0.368561894,-0.02198967
0.114335708,0.362726927,-0.020020999
0.105739512,0.35740906,-0.018015031
0.09710183,0.352057517,-0.01591491
0.088419847,0.346586168,-0.01368692
0.079704359,0.341002077,-0.011334359
0.070958428,0.335306406,-0.008855117
0.062200751,0.329526752,-0.006226561
0.053427055,0.323657215,-0.003453603
0.04465694,0.317733198,-0.000514565
0.035885245,0.311745405,0.002584829
0.0271322,0.30574128,0.005856038
0.018392483,0.299708366,0.009295947
0.009679543,0.293667942,0.012908602
0.000989784,0.287614107,0.016692868
-0.007656786,0.281572372,0.02064532
-0.016265374,0.275536001,0.024766792
-0.024812918,0.26952073,0.029048964
-0.033305459,0.263522297,0.033493984
-0.04171342,0.257553846,0.038088486
-0.050044529,0.251611859,0.042835943
-0.058279909,0.245701224,0.047727752
-0.066413596,0.23982352,0.052761193
-0.074424006,0.233984679,0.057925303
-0.082298502,0.228188112,0.063213982
-0.090009011,0.222443745,0.068611562
-0.097480275,0.216792569,0.074152924
-0.104646251,0.211288542,0.079828009
-0.111637361,0.205863327,0.085544154
-0.118411802,0.200530171,0.091299281
-0.124753676,0.195359379,0.09708634
-0.131014213,0.190209731,0.102869771
-0.136797801,0.185195133,0.108632475
-0.142494678,0.18019861,0.114384867
-0.147683173,0.175318986,0.120077476
-0.152780831,0.17045784,0.125753313
-0.15734601,0.165715814,0.131331682
-0.161816388,0.160996437,0.136884943
-0.165731043,0.156420395,0.142291903
-0.169548824,0.151871532,0.147665396
-0.172798753,0.147492275,0.152843758
-0.176012814,0.14312309,0.1580064
-0.178883821,0.138868019,0.163020492
-0.181511804,0.134695321,0.167927951
-0.183788076,0.130659625,0.172670528
-0.185703874,0.126765281,0.177243412
-0.187201872,0.123062216,0.181601778
-0.18830277,0.119601659,0.185737461
-0.189059407,0.116378225,0.189656928
-0.189465925,0.113407746,0.193334505
-0.189346462,0.11082834,0.196602732
-0.188880652,0.10850729,0.199592933
-0.188010186,0.10645251,0.20223695
-0.186784074,0.104657933,0.204574928
-0.185150892,0.10309761,0.206559435
-0.183161557,0.101740494,0.208234742
-0.180767685,0.100576006,0.209567994
-0.178019807,0.099580027,0.210601851
-0.174873173,0.098737501,0.211311474
-0.171377555,0.098029204,0.211737305
-0.167711511,0.09737502,0.212024853
-0.163702503,0.096830957,0.212034702
-0.159387454,0.096359268,0.21180214
-0.154712275,0.095951445,0.211288974
-0.149705991,0.095602512,0.21051684
-0.144369274,0.095302857,0.209487334
-0.138699248,0.0950469,0.208199412
-0.13269335,0.09482386,0.20665291
-0.126356706,0.094633415,0.204850435
-0.119696431,0.094464108,0.202796742
-0.112716071,0.094313845,0.20048812
-0.105421968,0.094179153,0.197917268
-0.097821847,0.094053775,0.19507055
-0.089919463,0.093936212,0.191934392
-0.081720978,0.093823269,0.188507006
-0.073234923,0.093710549,0.184779227
-0.064471401,0.093599439,0.180761129
-0.055445123,0.093488947,0.176458031
-0.04616918,0.093387917,0.17188856
-0.036664583,0.093304701,0.167074323
-0.026785553,0.093325742,0.161882207
-0.016732907,0.093429431,0.156523451
-0.006576705,0.093622372,0.151072741
0.003672409,0.093896374,0.145539537
0.014068691,0.094352648,0.139882922
0.024515651,0.094906323,0.134187892
0.035013761,0.095558338,0.128454059
0.045547746,0.096315674,0.122698791
0.056111425,0.097160473,0.116925657
0.066679195,0.098112382,0.111167938
0.077258646,0.099165156,0.10541568
0.087802641,0.100328788,0.099718027
0.09832444,0.101581171,0.094062135
0.10877122,0.102880262,0.088501178
0.11915908,0.104238257,0.083018966
0.129456013,0.105620399,0.077644691
0.139654174,0.10701821,0.072385527
0.149732381,0.108394995,0.067251742
0.159675226,0.109730765,0.062255241
0.169474691,0.111009732,0.057394691
0.179116115,0.112209924,0.052678581
0.188586846,0.113326117,0.048104845
0.19787389,0.114341438,0.043677699
0.206947118,0.115270868,0.039406706
0.215815768,0.116110049,0.035288986
0.224428728,0.116920389,0.031358812
0.232801512,0.117683329,0.02760583
0.240876913,0.118466519,0.024074076
0.248663738,0.119259574,0.020756217
0.256103158,0.120131932,0.017693376
0.263201594,0.121075138,0.014880021
0.269928664,0.122122869,0.012334914
0.276274294,0.123282813,0.010060214
0.282219499,0.124572925,0.008064063
0.287757069,0.125995979,0.006346995
0.292872399,0.12756218,0.004912983
0.297539055,0.129270241,0.003758419
0.301761001,0.131116122,0.002882016
0.305516899,0.133072361,0.002269621
0.308809072,0.13513577,0.001920693
0.311626524,0.137278333,0.001823255
0.313967317,0.139484137,0.001968885
0.315826178,0.141729981,0.002346264
0.317201048,0.14399077,0.002940991
0.318091184,0.14626044,0.003749759
0.317886084,0.148506716,0.004933784
0.317511737,0.150740311,0.006160893
0.316445857,0.152917013,0.00756082
0.315065324,0.155041918,0.009022341
0.313171297,0.157081947,0.010584604
0.31080541,0.159009203,0.012217011
0.30809769,0.160854891,0.013900171
0.304768145,0.16252768,0.015647279
0.301263034,0.164152011,0.01741226
0.296996742,0.165563032,0.019218866
0.29257974,0.166935608,0.021026528
0.28754732,0.16815117,0.022835897
0.282399058,0.169332787,0.024641437
0.276868939,0.17040132,0.026434818
0.271023154,0.171382532,0.028209681
0.264783949,0.172266349,0.029945364
0.258190036,0.17306976,0.031642549
0.251251549,0.173819974,0.033283103
0.243969977,0.174531117,0.034864407
0.236358106,0.175259486,0.036363609
0.228416905,0.175995007,0.03778594
0.220168382,0.176786348,0.039115395
0.211624295,0.177651018,0.04034641
0.202816665,0.17863138,0.041465726
0.193759412,0.17974712,0.042466592
0.184468329,0.181005642,0.043345496
0.174966589,0.1824231,0.044094786
0.165286139,0.183988079,0.044710182
0.155446425,0.185705677,0.045185376
0.145465419,0.187555611,0.045514897
0.135378793,0.189520597,0.045691125
0.125218958,0.191562518,0.045708723
0.114988372,0.193681315,0.045566387
0.104725152,0.19584018,0.045255695
0.094430409,0.198042348,0.044778951
0.084142596,0.200259879,0.044133127
0.07386408,0.202689439,0.043301135
0.063625649,0.205240041,0.042295709
0.053457391,0.207752362,0.041142989
0.043365248,0.210220292,0.039845195
0.033390362,0.212605268,0.038421609
0.023526644,0.214914188,0.036869444
0.013813746,0.217116758,0.035206635
0.004252055,0.219213128,0.033433102
-0.00512716,0.22118035,0.031562395
-0.01432033,0.223037735,0.029594943
-0.023293823,0.224807829,0.02754288
-0.032046087,0.226504028,0.025409989
-0.040541951,0.228176489,0.02321589
-0.048781324,0.229825839,0.020965496
-0.05673074,0.231500804,0.018687956
-0.064171508,0.233221591,0.016395446
-0.071145952,0.235012293,0.014131298
-0.077927373,0.236823827,0.011900329
-0.08439374,0.23866865,0.009723508
-0.090358935,0.24053371,0.007660189
-0.096015267,0.242399573,0.005675127
-0.101360582,0.244263843,0.003770501
-0.106172562,0.246111065,0.002012858
-0.110481016,0.247892141,0.000409733
-0.114484333,0.249633536,-0.001099759
-0.118024901,0.251344711,-0.002450902
-0.121285059,0.253037989,-0.003706088
-0.12388809,0.254684567,-0.004700546
-0.126332209,0.256320029,-0.00563116
-0.128033891,0.257876843,-0.006232995
-0.129565626,0.259407073,-0.006753637
-0.130504385,0.260842174,-0.006990942
-0.131309286,0.262326181,-0.007152111
-0.13173078,0.263846755,-0.007106362
-0.13181679,0.26529035,-0.006890657
-0.131473377,0.266610831,-0.006458744
-0.130744129,0.267825037,-0.00582872
-0.129630238,0.268925667,-0.004995254
-0.128125772,0.269889891,-0.003955118
-0.12622124,0.270671874,-0.002698375
-0.123898238,0.270823956,-0.001176109
-0.121183522,0.270629406,0.000577456
-0.118091106,0.270236015,0.002548701
-0.114632338,0.26960665,0.004751955
-0.110811621,0.268796414,0.007187337
-0.106645748,0.267736346,0.009878787
-0.102146,0.266416609,0.012835257
-0.097328156,0.264865965,0.016064916
-0.092214152,0.263109237,0.019570924
-0.086824402,0.261198938,0.023341687
-0.081164852,0.259140074,0.027369356
-0.075263403,0.256984085,0.031631745
-0.069126919,0.254739851,0.036118787
-0.062789798,0.252464294,0.040795017
-0.056254324,0.250159711,0.045658104
-0.049552076,0.247875825,0.050675534
-0.042683557,0.24560903,0.055851433
-0.035674974,0.243393034,0.061166983
-0.028468613,0.241237953,0.066680744
-0.02113021,0.239141107,0.072327383
-0.013661051,0.237112641,0.078085378
-0.006098838,0.235178292,0.083923921
0.001529899,0.233331263,0.089811116
0.009200572,0.231549755,0.095728628
0.016912019,0.229856104,0.101677388
0.024658352,0.228236333,0.107656181
0.032441318,0.226692006,0.113673225
0.04025013,0.225181356,0.119720437
0.048076447,0.223670229,0.125794083
0.055909354,0.222084522,0.131886199
0.06372641,0.220326096,0.137971431
0.071510106,0.218367144,0.144025311
0.079201423,0.216133371,0.149979725
0.086806335,0.213696107,0.155840054
0.094250843,0.211015612,0.161529556
0.101623513,0.20823063,0.167143017
0.108733185,0.205149576,0.17248717
0.115794912,0.202020824,0.177782834
0.122686252,0.198726967,0.182906747
0.129411206,0.195266098,0.187870279
0.135950193,0.191616476,0.192657441
0.142274231,0.18775475,0.197253153
0.148386747,0.183681682,0.201657593
0.154266417,0.179371074,0.205851972
0.159914643,0.174835756,0.20983544
0.165327385,0.170078665,0.21360302
0.170486093,0.165104061,0.217119858
0.175390065,0.159918457,0.220384836
0.180022866,0.154553518,0.223368868
0.184377193,0.148987785,0.226066276
0.188301519,0.143201277,0.228293762
0.191914767,0.137332454,0.230190814
0.195143655,0.131449088,0.231699646
0.197907224,0.125398368,0.232731491
0.200506687,0.119280495,0.233599275
0.202643186,0.112975799,0.234004885
0.204616427,0.106612049,0.234251618
0.206129119,0.100084148,0.234050766
0.207494631,0.093248084,0.233728722
0.2084108,0.086138956,0.232995898
0.209166944,0.078976773,0.232121229
0.209471568,0.071666695,0.230846956
0.209616601,0.064329587,0.229437202
0.209311247,0.056917697,0.227645755
0.208845407,0.049490899,0.225724787
0.207926661,0.042023189,0.223438904
0.206846714,0.03455025,0.221027255
0.205311954,0.0270634,0.218261227
0.203715324,0.019568229,0.215446681
0.201811388,0.012032921,0.212392256
0.199680313,0.004461708,0.209158704
0.197252646,-0.00317908,0.205685019
0.194549963,-0.010870379,0.201990798
0.191548377,-0.018590329,0.198057488
0.188256517,-0.026332641,0.193894267
0.184670985,-0.034038626,0.189508259
0.180794477,-0.041716907,0.184902117
0.176632345,-0.049309812,0.180097446
0.172185183,-0.056831647,0.175092727
0.167463735,-0.064248711,0.169915929
0.162342459,-0.071487442,0.164499566
0.156776845,-0.078447111,0.158856779
0.151103273,-0.085324481,0.15317373
0.145124942,-0.091971219,0.147377312
0.138968244,-0.098425411,0.141538292
0.132603705,-0.104655333,0.135649621
0.126019225,-0.110665597,0.129737988
0.119322523,-0.116563104,0.123814605
0.112368353,-0.122190744,0.117894553
0.105356663,-0.127755567,0.111977018
0.098095365,-0.133036792,0.106090158
0.090772741,-0.138237476,0.100218222
0.083276771,-0.143213242,0.094388463
0.075686805,-0.148044869,0.088595971
0.067987271,-0.152708694,0.082846902
0.060232796,-0.157281741,0.077126645
0.052394066,-0.161716446,0.071450531
0.044476945,-0.166015163,0.065820217
0.036476482,-0.170166597,0.060240451
0.02836626,-0.174083248,0.05474782
0.020194864,-0.177854419,0.04930836
0.011989472,-0.1816542,0.043966889
0.003771566,-0.185289234,0.038783282
-0.004463396,-0.188693076,0.033712849
-0.012686178,-0.19183211,0.028770905
-0.020886755,-0.194699362,0.023952676
-0.029066296,-0.197356254,0.019224312
-0.0372153,-0.199749157,0.014598784
-0.045324292,-0.201855853,0.010073332
-0.053363014,-0.203542009,0.005676146
-0.061315075,-0.20472911,0.001434247
-0.069177628,-0.205494016,-0.002681464
-0.076935746,-0.205874652,-0.006679933
-0.084548131,-0.205803886,-0.0105298
-0.092027664,-0.20539175,-0.014256
-0.099363588,-0.204644427,-0.017861271
-0.106545575,-0.20357801,-0.021349562
-0.113563806,-0.202211127,-0.024726301
-0.120408915,-0.200557336,-0.027998678
-0.127025977,-0.198596165,-0.031150945
-0.133445844,-0.196410835,-0.034212317
-0.139662296,-0.194035634,-0.037185244
-0.145667523,-0.191498339,-0.04007151
-0.151453629,-0.188824072,-0.042872779
-0.157007083,-0.186036184,-0.045588631
-0.162059769,-0.183136076,-0.048136722
-0.167098284,-0.180233374,-0.050680954
-0.17159529,-0.177272156,-0.053074405
-0.176077113,-0.174308673,-0.055464525
-0.179977864,-0.171298116,-0.057724651
-0.183873057,-0.168285728,-0.059983879
-0.187450454,-0.165225223,-0.062189177
-0.190813676,-0.162131429,-0.064358264
-0.193835035,-0.15895386,-0.066476502
-0.196557373,-0.155709341,-0.068548955
-0.19895491,-0.152381822,-0.070581876
-0.201035559,-0.148976639,-0.072573125
-0.202752009,-0.145487994,-0.074522197
-0.204120085,-0.141917482,-0.0764293
-0.205124334,-0.138238147,-0.078297623
-0.205761492,-0.134444103,-0.08012791
-0.206012994,-0.130486012,-0.081929229
-0.205870196,-0.126345158,-0.083704583
-0.20532456,-0.121976666,-0.085471146
-0.204365551,-0.117351048,-0.087236039
-0.20298937,-0.112468556,-0.089021638
-0.201187208,-0.107303314,-0.090840101
-0.198956907,-0.101912536,-0.092712067
-0.196291924,-0.09629415,-0.094653696
-0.193189368,-0.090606578,-0.096690387
-0.189650297,-0.084799148,-0.098813795
-0.185677111,-0.079050086,-0.10104192
-0.181269154,-0.073300548,-0.103368759
-0.176436648,-0.067643672,-0.10580036
-0.171176448,-0.062049109,-0.108334385
-0.165508091,-0.056590419,-0.110954084
-0.159425631,-0.051245999,-0.113664292
-0.152968988,-0.046210658,-0.116417475
-0.146125004,-0.04142087,-0.119229384
-0.138922095,-0.037060641,-0.122074693
-0.131365985,-0.033166092,-0.124948435
-0.123473898,-0.029777344,-0.127846077
-0.11525894,-0.026910087,-0.130766109
-0.106731281,-0.024464775,-0.133716896
-0.097897224,-0.022260619,-0.136700064
-0.088676058,-0.020142157,-0.139688745
-0.079190589,-0.018025415,-0.142643407
-0.069436185,-0.015915621,-0.145561412
-0.059411589,-0.013809566,-0.148464456
-0.04910323,-0.011820395,-0.151381567
-0.038575225,-0.010082532,-0.154341385
-0.027807271,-0.008794178,-0.157379285
-0.016795756,-0.008185913,-0.160535187
-0.005554044,-0.008504742,-0.163850039
0.005898924,-0.009917315,-0.167371616
0.01753716,-0.012552374,-0.171154857
0.029291764,-0.01701477,-0.175200567
0.041109148,-0.023552274,-0.179518864
0.052924052,-0.032398902,-0.184101373
0.064666033,-0.043740895,-0.188913539
0.076245949,-0.057786755,-0.1938885
0.087611176,-0.074637808,-0.198961988
0.098706089,-0.094340451,-0.204059854
0.109480105,-0.116843462,-0.209104329
0.119889982,-0.142000228,-0.214015737
0.129757151,-0.170256674,-0.218622744
0.139133245,-0.200795397,-0.222878724
0.148074195,-0.232551038,-0.226824597
0.156588688,-0.265055478,-0.230482027
0.164629981,-0.297933131,-0.2338548
0.172244668,-0.330581814,-0.237037942
0.179454774,-0.362399161,-0.24010621
0.186239794,-0.392719775,-0.243111208
0.19262661,-0.421007603,-0.246108398
0.198592529,-0.446518481,-0.249137133
0.204054654,-0.468015492,-0.252240509
0.209214911,-0.486920208,-0.255400956
0.21398057,-0.502253711,-0.258653879
0.218377948,-0.51419127,-0.262003064
0.222404867,-0.52276051,-0.265457332
0.226044536,-0.527897835,-0.269024193
0.229152083,-0.528812349,-0.272709638
0.231889218,-0.526932538,-0.276465774
0.234255418,-0.522777855,-0.280232698
0.236223996,-0.516184688,-0.284011275
0.237814724,-0.507827044,-0.287733555
0.239005074,-0.497658104,-0.291386098
0.239816099,-0.486213297,-0.294928789
0.240220472,-0.473400861,-0.298353761
0.240250751,-0.459740192,-0.301641673
0.239880025,-0.445170373,-0.304782748
0.239145219,-0.430102468,-0.307787329
0.238020122,-0.414500773,-0.31064558
0.236744076,-0.398765773,-0.313449889
0.235119298,-0.382723689,-0.316129625
0.233198375,-0.36651051,-0.318719327
0.230923563,-0.350193024,-0.321219146
0.228326082,-0.333810359,-0.323644966
0.225409806,-0.317456424,-0.326017737
0.222172633,-0.301173061,-0.328352839
0.218614325,-0.285075247,-0.330683917
0.214739263,-0.269144028,-0.33300826
0.210557058,-0.253464073,-0.33535707
0.206070647,-0.238056168,-0.337746292
0.201285407,-0.222956717,-0.340208232
0.196203902,-0.208179668,-0.342763901
0.190823838,-0.193696022,-0.345418006
0.185143933,-0.179508805,-0.348166615
0.179161429,-0.165606484,-0.351009458
0.172876924,-0.152019873,-0.353940368
0.166289404,-0.13878198,-0.356951177
0.159403443,-0.125946596,-0.36003527
0.152224362,-0.113605276,-0.363178849
0.144759014,-0.101801589,-0.366375417
0.137019798,-0.090651236,-0.369607657
0.129013389,-0.080185868,-0.37286666
0.120756477,-0.070520997,-0.376129657
0.112255417,-0.061687842,-0.379386306
0.103529207,-0.053801239,-0.382608473
0.094432652,-0.047810778,-0.385746568
0.085129984,-0.043128289,-0.388811052
0.075704522,-0.039373748,-0.391821295
0.066147402,-0.036614008,-0.394773453
0.05645797,-0.035001826,-0.397654563
0.046707209,-0.033922791,-0.400502414
0.0368395,-0.034039922,-0.403270155
0.026950363,-0.034399074,-0.406019986
0.016992915,-0.035685379,-0.408693135
0.007032063,-0.03705037,-0.411355406
-0.002946206,-0.038789202,-0.413967997
-0.012931227,-0.040773906,-0.416539431
-0.022902943,-0.042922672,-0.419051021
-0.032862563,-0.045220908,-0.421507448
-0.042785786,-0.047500435,-0.423898607
-0.052674349,-0.049781851,-0.426224709
-0.062499784,-0.051897872,-0.428472131
-0.072269492,-0.053893775,-0.430643797
-0.081962831,-0.055656437,-0.432726741
-0.091573201,-0.057159748,-0.434714854
-0.101080768,-0.058345098,-0.436585635
-0.110471539,-0.059160333,-0.43832469
-0.119731724,-0.059584729,-0.439909637
-0.128857195,-0.059639379,-0.44133696
-0.137812331,-0.05936287,-0.442560643
-0.146603614,-0.058759298,-0.443591475
-0.155197293,-0.057998814,-0.444389939
-0.163598329,-0.057018738,-0.444969565
-0.17177102,-0.055929117,-0.445311129
-0.179588512,-0.054732993,-0.445302874
-0.186969355,-0.053619202,-0.444906622
-0.194195241,-0.052614592,-0.444395572
-0.201028675,-0.051887657,-0.443593144
-0.207581162,-0.051451523,-0.44260186
-0.213832512,-0.051327165,-0.441408187
-0.219668373,-0.051693387,-0.439974397
-0.225310728,-0.052287571,-0.438428998
-0.23040098,-0.053534321,-0.436617583
-0.23536478,-0.054925259,-0.434749603
-0.239745691,-0.056955542,-0.432645172
-0.243945807,-0.059180945,-0.430475622
-0.24768807,-0.061901927,-0.428140491
-0.251118898,-0.064863198,-0.425703079
-0.254215926,-0.068082094,-0.423155993
-0.256869525,-0.071508266,-0.42045927
-0.259316593,-0.075030766,-0.417693138
-0.261188149,-0.078671388,-0.414717525
-0.262928724,-0.082327269,-0.411693454
-0.264070421,-0.085978791,-0.40843901
-0.265027553,-0.089599445,-0.405113399
-0.265517205,-0.093141817,-0.401606888
-0.26586929,-0.096653618,-0.398045599
-0.265889823,-0.100091547,-0.394351482
-0.265616328,-0.10346476,-0.390544921
-0.264989913,-0.106761158,-0.386609286
-0.264039904,-0.109977663,-0.382558554
-0.262767106,-0.113102503,-0.378400475
-0.261170685,-0.116134286,-0.374141335
-0.259250104,-0.119063623,-0.369794369
-0.257008702,-0.121894635,-0.365358174
-0.254453301,-0.124626257,-0.360844463
-0.251587659,-0.12724714,-0.356256038
-0.248419464,-0.129731655,-0.351598024
-0.244953766,-0.13207823,-0.346870452
-0.241192058,-0.134292722,-0.342066884
-0.237141341,-0.136355937,-0.337180614
-0.232812181,-0.138245553,-0.332199126
-0.228207335,-0.139962152,-0.32712552
-0.223337203,-0.141492233,-0.321955919
-0.218206957,-0.142832458,-0.316694051
-0.212830007,-0.143969789,-0.311342388
-0.207038328,-0.144729391,-0.305869281
-0.201007456,-0.145243838,-0.300340295
-0.194780126,-0.145537764,-0.294781864
-0.188359439,-0.145611644,-0.289197356
-0.181742623,-0.145459116,-0.283589453
-0.174753919,-0.144867674,-0.277944714
-0.167746663,-0.144255355,-0.272298485
-0.160396844,-0.143242881,-0.266618967
-0.153030708,-0.142213538,-0.260937929
-0.145364925,-0.140862107,-0.255222529
-0.137685359,-0.139499038,-0.249505267
-0.129754484,-0.137915418,-0.243746847
-0.121812508,-0.136325836,-0.23798579
-0.113671049,-0.134625837,-0.232169464
-0.105526045,-0.132924661,-0.226352021
-0.097297348,-0.13119638,-0.220495343
-0.089012571,-0.129451275,-0.21461159
-0.08067546,-0.127656996,-0.208681822
-0.072296403,-0.125644371,-0.202733293
-0.063887447,-0.123713411,-0.196715131
-0.055440977,-0.121842265,-0.190634772
-0.046991382,-0.120091513,-0.184473366
-0.038527574,-0.118440881,-0.178237095
-0.030076144,-0.116913624,-0.171915486
-0.021642625,-0.115513816,-0.165506467
-0.013246876,-0.114232287,-0.159005895
-0.004901338,-0.113074236,-0.152409673
0.003382462,-0.112024814,-0.145717576
0.011590801,-0.111082546,-0.138926357
0.019713981,-0.110240996,-0.132037967
0.027739642,-0.109495483,-0.125050858
0.03566245,-0.1088579,-0.11796955
0.043471646,-0.108327448,-0.110794693
0.051156312,-0.107940421,-0.1035375
0.058719769,-0.107685693,-0.096194662
0.066148706,-0.107603833,-0.088782981
0.073446982,-0.107681736,-0.081297256
0.080594502,-0.107945248,-0.07375478
0.087597243,-0.108386293,-0.066150099
0.094428867,-0.109029755,-0.058497831
0.101077788,-0.109893322,-0.050789848
0.107252575,-0.111354612,-0.042997483
0.113406323,-0.112840511,-0.035202686
0.119148135,-0.114815779,-0.02736111
0.124761239,-0.116926365,-0.019508708
0.129986227,-0.11944598,-0.011623747
0.134970278,-0.122194201,-0.003725066
0.139659092,-0.125222698,0.004190422
0.144179985,-0.128405809,0.012115381
0.148490295,-0.131487608,0.019878345
0.152527526,-0.134703964,0.027587179
0.156228423,-0.138231069,0.035314448
0.159241974,-0.142329529,0.043046787
0.161997184,-0.146631107,0.050775379
0.164412871,-0.151159659,0.058485117
0.166488603,-0.155878946,0.066164859
0.168040574,-0.160826817,0.073778301
0.169147879,-0.165929809,0.081328988
0.169928744,-0.171061411,0.088818654
0.170360684,-0.176242903,0.096243531
0.170483544,-0.181483462,0.103610851
0.170335799,-0.18677558,0.110927783
0.169764593,-0.192143619,0.118154548
0.168815702,-0.197580189,0.125302956
0.166959167,-0.203137711,0.132225499
0.165083036,-0.208696261,0.139142975
0.16266486,-0.214277044,0.145903513
0.159896731,-0.219806105,0.152549177
0.156780809,-0.225279257,0.159079596
0.153149456,-0.230636537,0.165429115
0.149137169,-0.235866264,0.17163372
0.144841537,-0.241000667,0.177730531
0.140141979,-0.245975494,0.183657795
0.135141999,-0.250831127,0.189458951
0.129757181,-0.255517989,0.195075944
0.124086171,-0.260078788,0.200555965
0.118252404,-0.264565378,0.20594883
0.112123676,-0.26891908,0.211183771
0.10572686,-0.273149908,0.216263205
0.099023588,-0.277239352,0.221156895
0.092040248,-0.281183451,0.225872338
0.084780738,-0.284970611,0.230401874
0.07724677,-0.288584262,0.234736502
0.069441482,-0.292005599,0.23886539
0.061376654,-0.295226961,0.242787197
0.053063266,-0.298233628,0.246495888
0.04450269,-0.301020384,0.249989912
0.035707295,-0.303565174,0.253261209
0.02668801,-0.305856258,0.256304353
0.017462889,-0.307874322,0.25911054
0.008045348,-0.309609026,0.261674196
-0.001546779,-0.311051041,0.263988972
-0.011233963,-0.311800003,0.26584658
-0.021049209,-0.312202662,0.267417133
-0.030981544,-0.312316537,0.268727183
-0.041008022,-0.312149137,0.269776046
-0.051091701,-0.31171748,0.27056253
-0.061216891,-0.311032504,0.271087289
-0.071366481,-0.310106725,0.271350056
-0.081518225,-0.30895561,0.271350831
-0.091651879,-0.307594717,0.271090865
-0.101740927,-0.306043684,0.270571142
-0.111765042,-0.304317206,0.26979962
-0.121695712,-0.302436233,0.268783242
-0.131522596,-0.300409287,0.267530799
-0.141224325,-0.298252881,0.266052574
-0.150782064,-0.295984834,0.264360875
-0.160170823,-0.293626964,0.262470394
-0.169374764,-0.291196465,0.260390729
-0.178369731,-0.288717151,0.258136272
-0.187141865,-0.286202788,0.255714446
-0.195668995,-0.283675343,0.253137708
-0.203936324,-0.28114289,0.25041464
-0.211921781,-0.278621912,0.247557849
-0.219618008,-0.276111424,0.24457261
-0.227008998,-0.273618072,0.241468966
-0.234080777,-0.271140993,0.23825644
-0.240814775,-0.268682569,0.234947354
-0.247199327,-0.266239822,0.231550306
-0.253216535,-0.263811469,0.228077844
-0.258856654,-0.26139909,0.224538937
-0.264103591,-0.259003371,0.22094655
-0.268949151,-0.256631732,0.217310533
-0.273379296,-0.254290432,0.213644773
-0.277386487,-0.251989186,0.209959522
-0.280958265,-0.249738753,0.206269443
-0.283643961,-0.247719899,0.202621385
-0.28589341,-0.24577263,0.199002817
-0.287755162,-0.243917897,0.195407763
-0.289239675,-0.242221847,0.191843793
-0.290138364,-0.240774319,0.18832767
-0.290562928,-0.23950842,0.184862718
-0.29071179,-0.238342568,0.181428939
-0.290463567,-0.237300038,0.178045467
-0.289809883,-0.236349821,0.174723282
-0.288704157,-0.235478371,0.171492115
-0.287117898,-0.234663904,0.168391302
-0.285080135,-0.233888939,0.165433317
-0.282536834,-0.233174101,0.162650526
-0.279438615,-0.232549697,0.160139203
-0.275924951,-0.232007682,0.157824427
-0.27203992,-0.231557876,0.155660242
-0.267727166,-0.231234923,0.153641269
-0.262978047,-0.231073424,0.151729241
-0.257793844,-0.231108248,0.14988412
-0.252181232,-0.23136571,0.148078173
-0.246149838,-0.231863409,0.146293983
-0.239715233,-0.232609183,0.144527018
-0.232889518,-0.233599856,0.1427809
-0.225692078,-0.234828845,0.14106752
-0.218148515,-0.236286059,0.139405221
-0.210278124,-0.2379722,0.137804285
-0.202101305,-0.239902198,0.136268109
-0.193638518,-0.242105305,0.134793609
-0.184908703,-0.244617119,0.133374617
-0.175935581,-0.247481689,0.132003129
-0.166746467,-0.250736415,0.130674526
-0.157350808,-0.254406452,0.1293962
-0.147745222,-0.258553535,0.128195375
-0.138007656,-0.263046741,0.127084315
-0.128170431,-0.267861992,0.126047462
-0.118224502,-0.273231566,0.125109613
-0.108232819,-0.278734386,0.124254465
-0.098212622,-0.284343064,0.123471133
-0.088185742,-0.290025204,0.1227393
-0.078174986,-0.295750707,0.122030497
-0.068197086,-0.301495284,0.121322773
-0.058269121,-0.307237864,0.120595679
-0.048408713,-0.312969834,0.119831748
-0.038612135,-0.318705708,0.119033448
-0.028899955,-0.324468553,0.118192367
-0.0193222,-0.330264896,0.117273055
-0.009881911,-0.336100459,0.116267726
-0.000761628,-0.342033088,0.115063421
0.008269356,-0.347984195,0.113809198
0.017061751,-0.353986055,0.112422086
0.025586227,-0.360022843,0.110905357
0.033934969,-0.366079569,0.109308213
0.041929245,-0.372169524,0.107563592
0.049638662,-0.378285706,0.105716661
0.057136551,-0.38442114,0.103795148
0.064155541,-0.390603632,0.101725049
0.070898525,-0.396807581,0.099580847
0.077371679,-0.403032452,0.097364187
0.083529063,-0.409270167,0.095073432
0.08941292,-0.41551891,0.092718475
0.094904847,-0.421775848,0.090277605
0.100037739,-0.428041667,0.087756962
0.104761392,-0.434312433,0.08514753
0.109089822,-0.44058919,0.082451805
0.112994991,-0.446861893,0.079665259
0.116484597,-0.453133225,0.076789111
0.118917428,-0.459200442,0.073726095
0.121309645,-0.46525684,0.070656084
0.123094998,-0.47105816,0.067518078
0.124523625,-0.476656288,0.064351536
0.125595778,-0.482042044,0.061158117
0.126079008,-0.48702535,0.057927452
0.126358822,-0.491865665,0.05468354
0.126264244,-0.496443659,0.051415425
0.125792325,-0.500762463,0.048115838
0.124905795,-0.504799068,0.044778332
0.123627909,-0.508580625,0.041397519
0.121958405,-0.512114346,0.037967946
0.119906701,-0.515424669,0.034490578
0.11747811,-0.518528283,0.030963983
0.114676766,-0.521437347,0.027394721
0.111512773,-0.524182379,0.0237904
0.107992053,-0.526775002,0.020167811
0.104123466,-0.529233456,0.016550198
0.099912502,-0.531573534,0.012958243
0.095364772,-0.533810198,0.009419849
0.090488531,-0.535952926,0.005961461
0.085292056,-0.538007975,0.002614414
0.07978636,-0.539983392,-0.00059933
0.073984183,-0.541883647,-0.003657315
0.067911938,-0.54372555,-0.006531994
0.061579511,-0.545514226,-0.009221998
0.055011518,-0.547250211,-0.01172807
0.048226256,-0.54893589,-0.014048844
0.041243907,-0.550560296,-0.016178453
0.034082737,-0.552118063,-0.018113038
0.026763277,-0.553591847,-0.019843129
0.019303979,-0.554969788,-0.021361887
0.011730262,-0.556125462,-0.022670504
0.004057534,-0.557097554,-0.023753518
-0.003761711,-0.55785203,-0.024365658
-0.011621174,-0.558525383,-0.024792098
-0.019505473,-0.559103072,-0.024859743
-0.027389979,-0.55965364,-0.02473476
-0.035259835,-0.560181618,-0.024242777
-0.043091666,-0.560701728,-0.023448767
-0.050896622,-0.561224401,-0.022464015
-0.058613911,-0.561829805,-0.021046685
-0.066266693,-0.562517941,-0.019401336
-0.073852599,-0.563291728,-0.017519513
-0.081368007,-0.564135313,-0.015424334
-0.088804029,-0.565054834,-0.01310479
-0.096123993,-0.56607753,-0.010501786
-0.10331478,-0.567190945,-0.007628088
-0.110363558,-0.568390965,-0.004481618
-0.117246307,-0.569651902,-0.00107707
-0.123962291,-0.57096833,0.002584158
-0.130493507,-0.572313964,0.006491916
-0.136827335,-0.57366848,0.010650465
-0.142951325,-0.575014353,0.015061809
-0.148854375,-0.576339841,0.019739572
-0.154524073,-0.577639878,0.024697591
-0.159948364,-0.578912258,0.029950829
-0.165115356,-0.58016777,0.035508137
-0.170013607,-0.581414878,0.041370414
-0.174632132,-0.582669556,0.047529835
-0.178962171,-0.583946943,0.053961862
-0.182996929,-0.58526206,0.060636163
-0.18673633,-0.586627007,0.067501895
-0.190181449,-0.588050902,0.074515268
-0.193337858,-0.589540005,0.08162833
-0.196217701,-0.591097057,0.088810265
-0.198831245,-0.592731953,0.096044376
-0.201187938,-0.594462931,0.103340849
-0.203297138,-0.596313834,0.110706292
-0.205162913,-0.598322809,0.118159175
-0.206781954,-0.600540102,0.125707626
-0.208148077,-0.603003025,0.133315399
-0.20925729,-0.605746269,0.140946478
-0.210106775,-0.608767092,0.148540393
-0.210700318,-0.612034023,0.15606305
-0.211041152,-0.615519524,0.163492173
-0.211136267,-0.61917007,0.170803666
-0.210990921,-0.622932851,0.17800574
-0.210606039,-0.626786172,0.185107604
-0.209983423,-0.630692363,0.19212319
-0.209120974,-0.634629667,0.199069753
-0.20801504,-0.638581991,0.205956459
-0.206659511,-0.642532945,0.212790415
-0.20504874,-0.64647603,0.219562769
-0.203178659,-0.650412321,0.22625494
-0.201046973,-0.65434289,0.232838988
-0.198656648,-0.658256173,0.239275157
-0.196016848,-0.66213727,0.24552618
-0.193142131,-0.665952206,0.25154835
-0.190046668,-0.669664741,0.257323861
-0.186754391,-0.673216939,0.262851775
-0.183273971,-0.676596522,0.268137306
-0.179618269,-0.679785907,0.273185372
-0.175802022,-0.682785511,0.278006196
-0.171714768,-0.68548429,0.282413274
-0.167527422,-0.688082039,0.286648899
-0.163229212,-0.690576434,0.290684909
-0.158816487,-0.69298625,0.294496328
-0.154299811,-0.695289731,0.298071206
-0.14970386,-0.697467923,0.301444262
-0.14503555,-0.699499369,0.30461967
-0.140300661,-0.701362908,0.307601243
-0.135470808,-0.703280628,0.310375392
-0.130581334,-0.705069363,0.312990904
-0.125640616,-0.706721604,0.31546548
-0.12065278,-0.708275497,0.317818552
-0.115610793,-0.709745824,0.320041269
-0.11052461,-0.711209357,0.322159559
-0.105402239,-0.712680399,0.324188769
-0.100239612,-0.714115977,0.32611236
-0.095030673,-0.715447903,0.327907145
-0.089812532,-0.716758192,0.329671592
-0.084572099,-0.718011618,0.331361264
-0.079317354,-0.719146967,0.33296144
-0.074059203,-0.720258176,0.334541708
-0.068808921,-0.721244395,0.336059928
-0.063560158,-0.722204924,0.337564319
-0.058340248,-0.723059714,0.339030236
-0.053126492,-0.723893166,0.34048751
-0.047933947,-0.724717975,0.34193188
-0.042762816,-0.725534081,0.343363196
-0.03762532,-0.726335466,0.344787806
-0.032521602,-0.727122128,0.346205741
-0.027456356,-0.727900088,0.347628057
-0.022429645,-0.728669286,0.349054843
-0.017449554,-0.729384661,0.350506932
-0.012516171,-0.730045676,0.351984531
-0.007631416,-0.730641186,0.353496611
-0.002797331,-0.731159866,0.355050832
0.001983008,-0.731587231,0.35666272
0.00670678,-0.731909156,0.35834533
0.01137103,-0.732136309,0.360105455
0.015972789,-0.732270122,0.361952603
0.020508118,-0.732331395,0.363883436
0.024973417,-0.732334793,0.365899175
0.029360218,-0.732307374,0.367981106
0.033669017,-0.732247114,0.370128572
0.037892465,-0.732173026,0.372322768
0.042030476,-0.732085168,0.374563485
0.046075124,-0.73199141,0.376833171
0.050026316,-0.731891751,0.379131675
0.053876214,-0.731778741,0.381453842
0.057624724,-0.731652081,0.383799642
0.061261371,-0.731503606,0.386174113
0.064786032,-0.731333017,0.388577282
0.068109334,-0.731102884,0.391039044
0.071291938,-0.730778277,0.393525869
0.074325755,-0.730375588,0.396025658
0.077134967,-0.729842901,0.398516834
0.079738177,-0.729183197,0.400990397
0.082185172,-0.728411615,0.403431833
0.084409475,-0.727479994,0.405827463
0.086486794,-0.726424515,0.408185005
0.088354588,-0.725191951,0.410488337
0.090059146,-0.72380358,0.412747502
0.091621935,-0.722299039,0.414971292
0.093006201,-0.720708072,0.417160302
0.094155781,-0.718971074,0.419310063
0.095093846,-0.71706301,0.421436876
0.095791265,-0.714915872,0.423543662
0.096319199,-0.7125808,0.425630212
0.096604466,-0.709960639,0.427661926
0.096638776,-0.707030892,0.429601222
0.096439645,-0.703814566,0.431409508
0.096043654,-0.700374186,0.433072537
0.095419891,-0.696700513,0.434530288
0.094550155,-0.692810178,0.435729414
0.093394347,-0.688704967,0.436588615
0.092012003,-0.68445158,0.43716085
0.090375051,-0.680039585,0.437401444
0.088473208,-0.6754601,0.43729037
0.086303033,-0.670705259,0.436818063
0.083858818,-0.665766537,0.435972691
0.081060901,-0.660574496,0.434640199
0.077962101,-0.655163467,0.432886511
0.074600235,-0.649573803,0.430755675
0.070966743,-0.643814147,0.42822808
0.067075856,-0.637910068,0.425317734
0.062897518,-0.631850421,0.42198512
0.058438167,-0.625627518,0.418255031
0.053712171,-0.619234145,0.414165854
0.048736725,-0.6126647,0.409756154
0.04350866,-0.605902016,0.405032307
0.038076408,-0.598973513,0.400052935
0.032434959,-0.591870546,0.39480871
0.026561182,-0.584568143,0.38926667
0.020469572,-0.57690239,0.383411407
0.014194585,-0.56828922,0.377177447
0.007704766,-0.559459567,0.370648742
0.001014436,-0.550392628,0.363817573
-0.005869957,-0.54108727,0.356676996
-0.012934921,-0.531537831,0.349214047
-0.020163903,-0.521749616,0.341408908
-0.027542161,-0.511735439,0.333243638
-0.035053711,-0.501511335,0.324700683
-0.042681396,-0.491104037,0.315763682
-0.050409336,-0.480534583,0.306423098
-0.058221921,-0.469828248,0.296678424
-0.066103652,-0.459004998,0.286535501
-0.074039914,-0.448082983,0.276020616
-0.082015373,-0.437077254,0.265156388
-0.0900153,-0.425994724,0.253993839
-0.098024249,-0.414859027,0.242566988
-0.10602656,-0.403697908,0.230931401
-0.113996848,-0.392562479,0.219150782
-0.121922173,-0.381491929,0.207258433
-0.129792884,-0.370508283,0.195274398
-0.137589902,-0.359659404,0.183242664
-0.145299286,-0.348972112,0.171193242
-0.152911261,-0.338466972,0.159147605
-0.160408035,-0.328174919,0.147142693
-0.167772591,-0.318117529,0.135210767
-0.174990803,-0.308310241,0.123375759
-0.182048187,-0.298766047,0.111658126
-0.188926205,-0.289505571,0.100077823
-0.195621639,-0.280862391,0.088701569
-0.202283651,-0.276077211,0.078136586
-0.208807409,-0.272681236,0.067997836
-0.215100527,-0.26976788,0.057886284
-0.220942348,-0.267501712,0.047809254
-0.226722628,-0.265290558,0.037739508
-0.232069448,-0.263458669,0.027721435
-0.237213433,-0.261722565,0.017745195
-0.242014855,-0.260147274,0.007839658
-0.24645102,-0.258635908,-0.001953501
-0.250662744,-0.25716421,-0.011677635
-0.254322201,-0.255820453,-0.021162663
-0.257870317,-0.254485428,-0.030598991
-0.261066973,-0.253123194,-0.03986505
-0.26397112,-0.251740098,-0.048981514
-0.266484678,-0.250332445,-0.057880845
-0.268630922,-0.248903468,-0.066566393
-0.270400286,-0.247454569,-0.075021967
-0.271762908,-0.24598366,-0.083207786
-0.272718191,-0.244490415,-0.091122426
-0.273258805,-0.242971376,-0.098742954
-0.273379862,-0.241430148,-0.106057122
-0.273070633,-0.239884764,-0.113037862
-0.272324055,-0.238358811,-0.119662724
-0.271139383,-0.236870483,-0.125925079
-0.269516408,-0.235453188,-0.131813258
-0.267150015,-0.23418802,-0.137061313
-0.26439625,-0.233015329,-0.141972452
-0.261242718,-0.231932431,-0.146536648
-0.257405072,-0.230975047,-0.150511339
-0.253476977,-0.230026454,-0.154408842
-0.248903915,-0.229232788,-0.157742128
-0.244255334,-0.228638917,-0.160980478
-0.238994271,-0.228093728,-0.163695171
-0.233703882,-0.227548689,-0.166384548
-0.228077486,-0.227021694,-0.168782175
-0.222217545,-0.226507097,-0.170976236
-0.216036201,-0.226014867,-0.172881916
-0.209566519,-0.225542426,-0.174530461
-0.202822447,-0.225102454,-0.175928131
-0.195800155,-0.224687651,-0.177072257
-0.188512877,-0.224271119,-0.177958623
-0.180957213,-0.22386232,-0.178589359
-0.173152462,-0.223460004,-0.178972945
-0.165103763,-0.223061576,-0.179111108
-0.156836912,-0.22263515,-0.179007858
-0.148363888,-0.222172752,-0.178666413
-0.139707714,-0.221644089,-0.178085923
-0.130885273,-0.221032903,-0.177269161
-0.121917449,-0.220324144,-0.17621775
-0.112825334,-0.21950005,-0.17493552
-0.103640385,-0.218567744,-0.173444405
-0.094360337,-0.21753037,-0.171747923
-0.085013233,-0.216404393,-0.169880435
-0.075588502,-0.215121001,-0.167786598
-0.066153027,-0.213784352,-0.165645048
-0.056719329,-0.212345451,-0.163460538
-0.047338881,-0.210696891,-0.161299482
-0.038014326,-0.208880216,-0.159176141
-0.028811324,-0.206804454,-0.157161295
-0.019681163,-0.204580948,-0.155213788
-0.010688266,-0.202147603,-0.153399006
-0.001790114,-0.199568629,-0.15167588
0.006910556,-0.196777567,-0.150146067
0.015474888,-0.193839356,-0.148749739
0.023793723,-0.190712601,-0.147583887
0.031943053,-0.187455013,-0.14657715
0.039953779,-0.184112296,-0.145691127
0.047724843,-0.180624202,-0.145013779
0.055262819,-0.177016124,-0.144525558
0.062529653,-0.173281029,-0.144249499
0.069520593,-0.16943574,-0.144180387
0.076216027,-0.16548954,-0.144324183
0.082601957,-0.161453351,-0.144681931
0.088659883,-0.157339066,-0.145256907
0.094388589,-0.153149456,-0.146047354
0.099769682,-0.148899212,-0.14705351
0.104795501,-0.144592583,-0.1482739
0.109453656,-0.140236437,-0.149706185
0.11374025,-0.135924488,-0.151359588
0.117649831,-0.131587297,-0.153222725
0.121177591,-0.127197817,-0.155288383
0.124323636,-0.122757256,-0.15755178
0.127087712,-0.118263341,-0.160009086
0.129473552,-0.11371161,-0.162655607
0.131484017,-0.10910783,-0.165486053
0.133125409,-0.104459912,-0.168494314
0.134396419,-0.099821195,-0.171643898
0.13528651,-0.094994016,-0.174861491
0.135830358,-0.090016812,-0.178253114
0.136029512,-0.084989332,-0.181802735
0.135887593,-0.079921924,-0.185499489
0.13541013,-0.074821107,-0.189333439
0.134605482,-0.069777928,-0.193279713
0.133484527,-0.064904481,-0.197311178
0.13203907,-0.060047295,-0.201438889
0.130275741,-0.055236366,-0.205636784
0.128200188,-0.050504502,-0.209883556
0.125821263,-0.045903161,-0.214145452
0.123144604,-0.04146032,-0.218403041
0.120177008,-0.037211213,-0.222633496
0.116928838,-0.033196483,-0.226809382
0.113412514,-0.029459331,-0.230902031
0.10963884,-0.026024042,-0.234890148
0.105621025,-0.022909088,-0.238753647
0.101374023,-0.020131243,-0.242469937
0.096915632,-0.017694177,-0.246018842
0.092273578,-0.015600449,-0.249370947
0.087458737,-0.013838238,-0.252519906
0.08248961,-0.01238911,-0.255456626
0.07738515,-0.011235461,-0.258170426
0.072165154,-0.010367979,-0.260652602
0.066852063,-0.009772406,-0.262892246
0.061459083,-0.009443169,-0.264884561
0.056005362,-0.009370151,-0.266621381
0.05047866,-0.009721282,-0.267902374
0.044936303,-0.010240582,-0.268987477
0.039402291,-0.010998008,-0.269756854
0.033889897,-0.011936631,-0.270254701
0.028423686,-0.013091081,-0.270397991
0.023045935,-0.01453648,-0.270042181
0.017693285,-0.0160618,-0.269548833
0.012441386,-0.017828515,-0.26862976
0.007222033,-0.019673727,-0.267572373
0.002152557,-0.02179488,-0.26605314
-0.002868389,-0.024005659,-0.264383823
-0.007706244,-0.026501805,-0.262248397
-0.012499054,-0.029058235,-0.260015219
-0.017091997,-0.031870864,-0.257368684
-0.021590147,-0.034780163,-0.254560471
-0.025915585,-0.037865538,-0.251458049
-0.030164005,-0.04101903,-0.248240203
-0.034258645,-0.044308666,-0.244792238
-0.038208861,-0.047824372,-0.241130546
-0.041984156,-0.051541805,-0.237236649
-0.045582503,-0.055366673,-0.233137697
-0.048991788,-0.059293263,-0.228839085
-0.052207306,-0.063307002,-0.224349126
-0.05521889,-0.067392014,-0.219677895
-0.058028203,-0.071542382,-0.214827836
-0.060628463,-0.075732708,-0.209812835
-0.063020766,-0.079947375,-0.204638958
-0.065207168,-0.084159508,-0.199316561
-0.06718941,-0.088354677,-0.193851054
-0.068973161,-0.092517942,-0.18824628
-0.070564345,-0.096634924,-0.182508677
-0.071973704,-0.100695781,-0.17664282
-0.073207714,-0.10469196,-0.170655742
-0.074275531,-0.108621597,-0.164555147
-0.075189106,-0.112478398,-0.158360943
-0.075952955,-0.116264977,-0.152086079
-0.076568834,-0.119982332,-0.145755813
-0.077041052,-0.123632222,-0.139399633
-0.077371888,-0.127210885,-0.133031994
-0.077565499,-0.130715817,-0.126680285
-0.077625625,-0.134140164,-0.120359838
-0.077557676,-0.137476563,-0.114097819
-0.077365816,-0.140718266,-0.107902177
-0.077056423,-0.143855572,-0.101793334
-0.076561466,-0.146787122,-0.095848896
-0.075987831,-0.149610177,-0.08999262
-0.075288236,-0.152213827,-0.084313802
-0.074520089,-0.154688731,-0.078745089
-0.073675893,-0.157012299,-0.07330741
-0.072706178,-0.159064338,-0.068108939
-0.071710654,-0.161050782,-0.062969476
-0.070603967,-0.162758499,-0.058082644
-0.069475815,-0.164401695,-0.053255986
-0.068255119,-0.165770501,-0.04868694
-0.067027956,-0.167116553,-0.044140618
-0.06575352,-0.168303043,-0.039756313
-0.064447835,-0.16937612,-0.035488188
-0.063114554,-0.17030102,-0.031378362
-0.061756082,-0.171090588,-0.027411614
-0.06039571,-0.17174238,-0.023592273
-0.059029192,-0.172258422,-0.019917784
-0.057684667,-0.17264463,-0.016382514
-0.056353692,-0.172899321,-0.01298856
-0.05505465,-0.173026204,-0.009735719
-0.053790871,-0.173026338,-0.006625473
-0.052566841,-0.17290324,-0.003670471
-0.051388882,-0.172660768,-0.000876508
-0.050255287,-0.172311589,0.001734148
-0.049165923,-0.171855077,0.004166246
-0.048116941,-0.17131637,0.006396451
-0.047109082,-0.170695335,0.008429393
-0.046140797,-0.17001237,0.010255835
-0.045211896,-0.16927889,0.011884942
-0.044331763,-0.168490425,0.013275122
-0.043499421,-0.167658463,0.0144418
-0.042697325,-0.16680181,0.015455811
-0.041915808,-0.165920645,0.016319918
-0.041140519,-0.165010273,0.016922465
-0.040364765,-0.164100423,0.017517669
-0.039570957,-0.163176596,0.017871922
-0.038776472,-0.162253737,0.018219845
-0.037957083,-0.161328658,0.018360129
-0.037137479,-0.160404727,0.018498266
-0.036303155,-0.159483701,0.018530086
-0.035459403,-0.158565015,0.018490896
-0.034623992,-0.157648519,0.018375501
-0.033791348,-0.156735569,0.018184669
-0.032977439,-0.155873135,0.017922616
-0.032183941,-0.155078009,0.017641407
-0.031402908,-0.154356569,0.017346708
-0.030611169,-0.153767243,0.017007595
-0.029790629,-0.153323084,0.016606491
-0.028931515,-0.152963668,0.016141739
-0.028032873,-0.152691036,0.015611762
-0.027046571,-0.152553722,0.014942589
-0.02602073,-0.152482435,0.01421529
-0.024911061,-0.152554452,0.013370212
-0.02373391,-0.152767301,0.012453603
-0.022513138,-0.153071597,0.011490704
-0.021180512,-0.153575584,0.010443915
-0.019804051,-0.154145703,0.00937605
-0.018350476,-0.154829934,0.008272412
-0.016852334,-0.155571818,0.007153448
-0.015291544,-0.156394258,0.006012958
-0.013660699,-0.157310829,0.004862449
-0.011955184,-0.158328488,0.003704071
-0.010173923,-0.159437656,0.002546197
-0.008315502,-0.160637468,0.001391583
-0.006374486,-0.161926731,0.000246614
-0.004349084,-0.16330488,-0.000886335
-0.002236985,-0.164765865,-0.002008532
-3.44E-05,-0.166303411,-0.003119094
0.002263453,-0.167906985,-0.004228938
0.004661936,-0.169565111,-0.005348324
0.007163528,-0.171278432,-0.006484563
0.00977133,-0.173045769,-0.007647043
0.012487281,-0.174849004,-0.008854559
0.015312614,-0.17668201,-0.010124919
0.018244226,-0.17857556,-0.01147378
0.021283679,-0.180477843,-0.012907531
0.024418542,-0.182374507,-0.014424276
0.02764532,-0.184261277,-0.01602428
0.031026689,-0.186064601,-0.017765298
0.034444325,-0.187836602,-0.019540431
0.037904575,-0.189511523,-0.021377951
0.041381299,-0.191148341,-0.023239683
0.044875648,-0.192670867,-0.025166648
0.048370104,-0.194170475,-0.027105842
0.051854849,-0.195579052,-0.029093198
0.055328898,-0.196950316,-0.031096607
0.058780383,-0.198243275,-0.033134073
0.062203225,-0.199478775,-0.035197325
0.065599665,-0.200661168,-0.037284344
0.068938754,-0.201771557,-0.039411008
0.072255529,-0.202853322,-0.041553065
0.075473286,-0.203848258,-0.0437558
0.078665823,-0.204823092,-0.045973286
0.081737146,-0.205712289,-0.048260182
0.08475434,-0.206566066,-0.050576128
0.087656796,-0.207346022,-0.052953687
0.090451628,-0.208158195,-0.055327106
0.093127355,-0.209127963,-0.057632972
0.095685199,-0.209972039,-0.060014687
0.09812852,-0.210699886,-0.062461961
0.100418888,-0.211270705,-0.064993851
0.102562785,-0.211694002,-0.067600176
0.104483664,-0.211902276,-0.07029812
0.106279485,-0.211990535,-0.073044494
0.107870243,-0.211899683,-0.075845726
0.10930869,-0.21167554,-0.078687705
0.110524043,-0.211270168,-0.081567362
0.111573681,-0.210729972,-0.084475011
0.112386331,-0.210006222,-0.087405778
0.113022938,-0.209145978,-0.090353735
0.113551266,-0.208197266,-0.093306087
0.113883898,-0.207089379,-0.096266344
0.114029713,-0.205818266,-0.099236093
0.113956206,-0.204348564,-0.102218203
0.113675274,-0.202683941,-0.105208158
0.113181792,-0.200811312,-0.108203627
0.112466887,-0.198720261,-0.111204013
0.111462802,-0.196769372,-0.114021897
0.110227346,-0.194608882,-0.11683169
0.108757399,-0.192222908,-0.119633377
0.107047901,-0.189615548,-0.122421443
0.105090491,-0.186793342,-0.125186846
0.102879405,-0.183771804,-0.127918139
0.100406207,-0.180581987,-0.130596414
0.097666599,-0.177244991,-0.133207306
0.094656922,-0.173795924,-0.135730281
0.091378324,-0.170256644,-0.138153329
0.087837234,-0.166652486,-0.140464664
0.084049448,-0.163012654,-0.142657012
0.080028974,-0.15934132,-0.144735903
0.075789012,-0.155647188,-0.146707237
0.07134667,-0.151940808,-0.148577452
0.066723287,-0.148242921,-0.150354043
0.061922967,-0.144558072,-0.152038202
0.056975372,-0.140933916,-0.153634742
0.051877491,-0.137370452,-0.155140936
0.046652298,-0.133917496,-0.15655382
0.041300461,-0.130575061,-0.15787144
0.035839923,-0.127378836,-0.159087569
0.030283315,-0.124335125,-0.160197541
0.024645811,-0.121456712,-0.161195904
0.018943446,-0.118729316,-0.162078246
0.013191564,-0.116153464,-0.1628398
0.007407932,-0.113703698,-0.163476497
0.001608402,-0.111369774,-0.163983598
-0.004191093,-0.10913416,-0.164356351
-0.009976654,-0.106992684,-0.164588571
-0.015734421,-0.104940258,-0.164674014
-0.021444196,-0.102999069,-0.164597392
-0.027107466,-0.101168983,-0.164360076
-0.032707553,-0.099479944,-0.163949415
-0.038238484,-0.09793479,-0.163365558
-0.043684222,-0.096551381,-0.162602827
-0.049027376,-0.095336951,-0.161664844
-0.054260463,-0.094296001,-0.16055201
-0.059157614,-0.093786843,-0.159098908
-0.06398312,-0.09337768,-0.157594696
-0.068577372,-0.093284369,-0.15593034
-0.072944634,-0.093448475,-0.154143244
-0.077157989,-0.093780316,-0.152275667
-0.080950625,-0.094473153,-0.150226519
-0.084714331,-0.095186912,-0.14816764
-0.087999895,-0.096236318,-0.14594987
-0.091254428,-0.097304396,-0.143724009
-0.093996756,-0.098672248,-0.141366318
-0.096727945,-0.100045092,-0.139006004
-0.099169977,-0.10153769,-0.136580452
-0.101414278,-0.103110522,-0.134110689
-0.103343509,-0.104770057,-0.13158083
-0.104996935,-0.106513485,-0.128996372
-0.106360354,-0.107985139,-0.126395643
-0.107456855,-0.108948685,-0.123805381
-0.108219765,-0.109991893,-0.121165618
-0.108660884,-0.111109361,-0.118475325
-0.108765632,-0.112320006,-0.115738191
-0.108531043,-0.113628477,-0.112954915
-0.107948922,-0.115070552,-0.11012648
-0.107013144,-0.116659395,-0.107254185
-0.105722457,-0.118413299,-0.104336955
-0.104071513,-0.120350592,-0.101375587
-0.102065615,-0.122474805,-0.098369874
-0.099702463,-0.124801636,-0.09532012
-0.096990168,-0.127343908,-0.092228927
-0.09393096,-0.130114436,-0.089097515
-0.090552233,-0.133122712,-0.085941054
-0.086846292,-0.136366546,-0.082755625
-0.082857154,-0.139874101,-0.079573616
-0.0785717,-0.143635273,-0.076385081
-0.074041635,-0.147640377,-0.073221095
-0.069250643,-0.15189144,-0.070071571
-0.064237364,-0.156355619,-0.066952586
-0.058989309,-0.161043033,-0.063858777
-0.053534061,-0.165913358,-0.060796518
-0.047877595,-0.170956969,-0.05776681
-0.042046905,-0.176106691,-0.054763872
-0.036055978,-0.181336552,-0.051788427
-0.029914562,-0.18661949,-0.048833776
-0.023638777,-0.191920087,-0.045897797
-0.017248182,-0.197185755,-0.042972054
-0.01075898,-0.202379346,-0.04005209
-0.004198257,-0.207471296,-0.037129156
0.002442354,-0.212471068,-0.034205981
0.009135643,-0.217351705,-0.031274196
0.015884684,-0.222120255,-0.028334213
0.022661055,-0.226740524,-0.025378317
0.029466229,-0.231207788,-0.022407888
0.036289919,-0.235552713,-0.019414404
0.043120343,-0.239780635,-0.016395293
0.049948327,-0.243893623,-0.013348087
0.056754421,-0.247898847,-0.010271472
0.063538492,-0.251796514,-0.007165502
0.07028316,-0.255595505,-0.004030359
0.076978192,-0.259297729,-0.000866697
0.083600484,-0.262900621,0.002322102
0.090127908,-0.266410887,0.005527521
0.096463941,-0.269768625,0.008741523
0.102670714,-0.273038626,0.01195293
0.108631127,-0.276111215,0.015170414
0.114441007,-0.279060185,0.01839295
0.120030388,-0.281842381,0.02163578
0.125459641,-0.284503788,0.024893351
0.130646467,-0.286995739,0.028180892
0.135657236,-0.289365053,0.031490196
0.140555963,-0.291669786,0.034814902
0.145255029,-0.293858528,0.038167022
0.149752229,-0.295951426,0.041545574
0.154006898,-0.297941476,0.044955134
0.158031374,-0.299830168,0.04839297
0.161817297,-0.301615596,0.051858984
0.165351525,-0.30327034,0.055351928
0.16862011,-0.304772168,0.058870789
0.171626821,-0.306121528,0.062414892
0.174364999,-0.307298809,0.065982237
0.17683439,-0.30827719,0.069572359
0.179034442,-0.309013039,0.07318446
0.180970043,-0.309486896,0.076819494
0.182651266,-0.309673369,0.080479674
0.18408674,-0.309567004,0.084164888
0.185291678,-0.309176505,0.087875582
0.186275363,-0.308497578,0.091609873
0.187050089,-0.307540119,0.095364258
0.187630758,-0.306332737,0.099123031
0.188021094,-0.304899395,0.102874413
0.18822594,-0.303267181,0.106605694
0.188251451,-0.301468074,0.110301599
0.188105017,-0.299527168,0.113952696
0.187795222,-0.297478378,0.117544815
0.187331036,-0.295335144,0.121078528
0.186723322,-0.293123156,0.124547973
0.185908765,-0.290811658,0.127919883
0.184979364,-0.28845942,0.131227314
0.183946311,-0.286080718,0.134465247
0.182806566,-0.283682674,0.137602627
0.18151854,-0.281252772,0.140566632
0.180206105,-0.2787745,0.143492639
0.178765401,-0.276260257,0.146224961
0.1773054,-0.273738712,0.14892292
0.175733536,-0.271171123,0.151420817
0.17415531,-0.268605828,0.153905883
0.172518194,-0.266056687,0.156269461
0.170840919,-0.263522953,0.158547401
0.169119,-0.261041433,0.160705075
0.167355627,-0.258594006,0.162754327
0.165563807,-0.25614202,0.164687708
0.16374062,-0.253697395,0.166506737
0.161901936,-0.251241416,0.168201357
0.160041407,-0.248775631,0.169774339
0.158165082,-0.246281981,0.171219349
0.156301469,-0.24370794,0.172491878
0.154470444,-0.241009504,0.17359148
0.152676329,-0.238199666,0.174549788
0.150930271,-0.235268101,0.175348595
0.14925009,-0.232218251,0.175953731
0.147642657,-0.229149923,0.176363707
0.14610973,-0.22625114,0.176587403
0.144671008,-0.223362148,0.176602229
0.14333041,-0.220534697,0.176417306
0.14208895,-0.217811987,0.176048905
0.141001672,-0.21523504,0.175410375
0.139998078,-0.212724566,0.174634978
0.139094725,-0.210277259,0.173700258
0.138285875,-0.207910761,0.172618374
0.137568474,-0.205643043,0.171396956
0.136932835,-0.203482598,0.170053288
0.136398599,-0.201463073,0.168566942
0.13594304,-0.199575588,0.166973084
0.135586292,-0.197855771,0.165246695
0.135276273,-0.196213797,0.163457364
0.135050327,-0.194662407,0.161549315
0.134852067,-0.193129286,0.159599662
0.134716153,-0.191622257,0.157553509
0.134616077,-0.190096304,0.15544641
0.134546131,-0.188554138,0.153287962
0.134524181,-0.18693924,0.151040331
0.134512857,-0.185311601,0.14877218
0.134529039,-0.18367596,0.146450013
0.134566262,-0.182037383,0.14408581
0.134628698,-0.180415154,0.141668066
0.134713888,-0.178798124,0.139201924
0.13481681,-0.177165002,0.136691809
0.134937644,-0.175512865,0.134138048
0.135066465,-0.17377907,0.131551951
0.135204732,-0.171977341,0.128932133
0.135339245,-0.170050144,0.126295164
0.135472238,-0.16801323,0.12363904
0.135587677,-0.165831625,0.120988302
0.135677576,-0.163441584,0.118352562
0.135706455,-0.160690993,0.115790933
0.135718718,-0.157901406,0.113257959
0.135666043,-0.15496096,0.110838294
0.135568842,-0.151957393,0.108500659
0.135405272,-0.148860157,0.106285632
0.135180473,-0.145723149,0.10417746
0.13491483,-0.142559126,0.102140479
0.134517461,-0.139229745,0.100306027
0.134071529,-0.135847777,0.09854126
0.133544385,-0.132379577,0.096892707
0.132920325,-0.128824979,0.095376626
0.132246271,-0.125228167,0.093928739
0.131456912,-0.121550351,0.092638388
0.13059774,-0.117750347,0.091425747
0.129671201,-0.113871925,0.090295456
0.128631234,-0.109953158,0.089341357
0.127541825,-0.106010221,0.088464983
0.126356453,-0.102016672,0.087740801
0.125087798,-0.097938597,0.087151751
0.123769559,-0.093810767,0.086642839
0.122323804,-0.089606255,0.086331457
0.120825298,-0.085372798,0.086100668
0.119248047,-0.081096873,0.085990302
0.117568098,-0.076776832,0.086036876
0.115838327,-0.072435513,0.086160079
0.114000171,-0.06805253,0.086452097
0.11209581,-0.0636556,0.08685182
0.110135131,-0.059246555,0.087343149
0.10807658,-0.054861829,0.087998442
0.105982676,-0.050495289,0.088717043
0.103826545,-0.046168175,0.089549534
0.101612605,-0.041952737,0.09051273
0.09935762,-0.037714984,0.091597177
0.097070105,-0.033489585,0.092798859
0.094760768,-0.029417504,0.094099775
0.092437692,-0.025528619,0.09550409
0.090110824,-0.021841673,0.097017623
0.087796561,-0.018399665,0.098600574
0.085501663,-0.015181059,0.100247845
0.083236374,-0.012158438,0.101953574
0.081022061,-0.009323929,0.103710696
0.078855038,-0.006558919,0.105500773
0.076708779,-0.003529624,0.107287921
0.074600011,-0.000390898,0.109079793
0.07254722,0.002884355,0.110856645
0.070558138,0.006252404,0.11260283
0.068645269,0.009693261,0.114311069
0.06681747,0.013191759,0.115984999
0.065108903,0.016757132,0.117625162
0.063508086,0.020372171,0.119239934
0.061971504,0.024064228,0.120835252
0.060519401,0.027856886,0.122404821
0.059189122,0.031866416,0.123912372
0.057917774,0.035991136,0.125384301
0.056790922,0.040420186,0.126751617
0.055747654,0.045084029,0.128041998
0.05477969,0.049959496,0.129263178
0.053957872,0.055287216,0.130331278
0.053168826,0.0607378,0.131363511
0.052460987,0.066551201,0.132298797
0.051836416,0.072754614,0.1331366
0.051312238,0.079438016,0.133857787
0.050910331,0.086565122,0.134457365
0.05062985,0.094108373,0.134940922
0.050485831,0.101992637,0.135316044
0.050523587,0.110245749,0.135556981
0.05071605,0.118507974,0.135684192
0.051043626,0.126701787,0.135659695
0.051481519,0.134780884,0.13545461
0.051984213,0.142791986,0.135081545
0.052538414,0.150749668,0.134575427
0.053174287,0.158685088,0.13380675
0.053856101,0.16664046,0.132894367
0.054592643,0.174629107,0.131811336
0.055417269,0.18262741,0.130492628
0.056287337,0.190631241,0.129064664
0.057209827,0.198640853,0.127513871
0.058249019,0.206424743,0.125766948
0.0593387,0.214047208,0.123944625
0.060494531,0.22141017,0.12202695
0.061725758,0.228363141,0.12000367
0.063021772,0.234834895,0.117888197
0.064376585,0.240575463,0.115675122
0.065768227,0.245816067,0.113399349
0.067186251,0.250458986,0.111056484
0.068624981,0.254637241,0.108661503
0.070075959,0.257901371,0.106187999
0.071531296,0.260881811,0.103690341
0.072975263,0.262798816,0.101116672
0.074412867,0.264501154,0.09853138
0.075816683,0.26530388,0.095899642
0.077212699,0.265976727,0.093261488
0.078579351,0.266191363,0.090599813
0.079914376,0.265998542,0.08792454
0.081207842,0.26532805,0.085238963
0.082449466,0.264323682,0.082538083
0.083640389,0.262926102,0.079830453
0.084753335,0.260938883,0.077124909
0.085792974,0.258364528,0.07441631
0.086750798,0.255288959,0.071733467
0.087619387,0.251696348,0.069082208
0.088377826,0.247543618,0.066474542
0.089014925,0.242836371,0.063916162
0.089515932,0.237599909,0.061410792
0.08986517,0.231929094,0.058966458
0.090062879,0.225845516,0.056583006
0.090103969,0.219472513,0.054275781
0.089989647,0.212789357,0.052044969
0.089718536,0.20588015,0.049919233
0.089291148,0.198713034,0.047900334
0.088707536,0.191279635,0.04601622
0.087867498,0.183373109,0.044364203
0.086883701,0.175186545,0.042855736
0.08574032,0.166713908,0.04150698
0.084416181,0.157978833,0.04033763
0.082838371,0.148957342,0.039418109
0.081244983,0.139919236,0.038515136
0.07939969,0.13074483,0.037874762
0.077538341,0.121635713,0.037258685
0.075439662,0.112438843,0.036872812
0.073329076,0.10322845,0.036498893
0.071025752,0.093808778,0.036302157
0.068684064,0.084326781,0.036141995
0.066232629,0.074668325,0.036084477
0.063662939,0.064728133,0.036144469
0.061018027,0.054591384,0.036286198
0.058302741,0.044263206,0.036508456
0.05550636,0.03369876,0.036833979
0.052652497,0.022940459,0.037249628
0.049764045,0.012041785,0.037732299
0.046848021,0.001011318,0.038278818
0.043913715,-0.01019237,0.038909405
0.040983845,-0.0215079,0.039593298
0.038065385,-0.032911506,0.040322565
0.03516655,-0.044394638,0.041096758
0.032303374,-0.055958863,0.04191912
0.029491827,-0.067538753,0.042780917
0.026736945,-0.079112664,0.043674808
0.024084995,-0.090577401,0.044597644
0.021496372,-0.101961546,0.0455347
0.019014876,-0.113163128,0.046475213
0.016615115,-0.124225423,0.047418449
0.014340793,-0.135048732,0.048347965
0.012162165,-0.145689726,0.049267113
0.010043894,-0.156233028,0.050176252
0.008036343,-0.166597009,0.051066667
0.006133749,-0.176833376,0.051930845
0.004354714,-0.186947465,0.052758433
0.00271337,-0.196872279,0.053536911
0.001230236,-0.206554115,0.054250978
-9.91E-05,-0.216010645,0.054898836
-0.001268799,-0.225231692,0.055471856
-0.002268024,-0.234172463,0.0559639
-0.003083162,-0.242785111,0.056364972
-0.003692706,-0.251006365,0.056667455
-0.004090848,-0.258831203,0.056873132
-0.004265914,-0.266237736,0.056981314
-0.004205856,-0.273215055,0.056993436
-0.003910107,-0.279763669,0.056909133
-0.003372038,-0.285878032,0.056727588
-0.002590921,-0.29155767,0.056443416
-0.001571187,-0.296702534,0.056059562
-0.000138822,-0.300809771,0.055452202
0.001445121,-0.304496884,0.054748613
0.003225188,-0.307589293,0.053914357
0.005191532,-0.310049981,0.052949023
0.007346826,-0.311767042,0.051841799
0.009666997,-0.312808424,0.0506045
0.012130239,-0.313187152,0.049241487
0.014711778,-0.312979162,0.04776518
0.01748687,-0.311636806,0.046067249
0.020323951,-0.3099204,0.044296425
0.023286356,-0.307300746,0.042350039
0.026294488,-0.304353714,0.040340275
0.029400308,-0.300576419,0.038169514
0.032538485,-0.296526939,0.035946231
0.035747852,-0.291746587,0.033580672
0.03897858,-0.286750704,0.031173414
0.042253505,-0.281132847,0.028645203
0.045540463,-0.275351077,0.026085386
0.048842724,-0.269051194,0.023427594
0.052148961,-0.262630314,0.020747198
0.055453464,-0.255962849,0.018026011
0.05875627,-0.249051079,0.015264415
0.06204202,-0.241870403,0.012457495
0.065311544,-0.234423816,0.009605785
0.068539225,-0.226738185,0.006719408
0.071727596,-0.218811736,0.003797553
0.074843794,-0.210699633,0.000857554
0.077892452,-0.202394545,-0.002102953
0.080717914,-0.193881586,-0.005045315
0.083485223,-0.185351983,-0.007972245
0.086107157,-0.176796585,-0.010854572
0.088555254,-0.168224484,-0.013670364
0.090861112,-0.159645408,-0.016427446
0.093018457,-0.151063174,-0.019122079
0.094974913,-0.142485246,-0.021731982
0.09671554,-0.133928493,-0.024253482
0.098276518,-0.125403225,-0.026703037
0.099652566,-0.11691954,-0.029079204
0.100770973,-0.108516231,-0.031353526
0.101647839,-0.100219451,-0.033528779
0.102319576,-0.092030354,-0.035615634
0.102786824,-0.083960205,-0.037611462
0.102990784,-0.076072708,-0.039482389
0.102972254,-0.068357304,-0.041241728
0.10271138,-0.06085898,-0.04287288
0.102210671,-0.053602792,-0.044371299
0.10147281,-0.046619453,-0.045732025
0.100366384,-0.040216792,-0.046850476
0.099118724,-0.034050472,-0.047873244
0.097654916,-0.028344635,-0.048728433
0.09605322,-0.022953009,-0.049472395
0.094196588,-0.018239042,-0.049991582
0.09218809,-0.014034368,-0.050358888
0.090061761,-0.010229264,-0.050607543
0.087699711,-0.007430364,-0.05058971
0.085294537,-0.004859862,-0.050516013
0.082770072,-0.00291231,-0.050290354
0.080125697,-0.001627233,-0.049910646
0.077359848,-0.001061989,-0.049371224
0.074470855,-0.001306746,-0.048663199
0.07147149,-0.002355257,-0.047788784
0.068366699,-0.004192658,-0.046749219
0.065141559,-0.007024293,-0.045496598
0.061839204,-0.010596897,-0.04407889
0.058499359,-0.014785833,-0.042567682
0.05516855,-0.019381681,-0.040935051
0.051845476,-0.024336101,-0.039220728
0.048566006,-0.029676097,-0.037416045
0.045332711,-0.03533658,-0.035536386
0.042157743,-0.041268039,-0.033586882
0.039047249,-0.047408435,-0.03157308
0.036007393,-0.05369129,-0.029500365
0.03310563,-0.060071088,-0.027344869
0.030235447,-0.066468261,-0.025171025
0.027489837,-0.072836362,-0.022950087
0.024810782,-0.079162128,-0.020712228
0.022286432,-0.085330881,-0.018453293
0.019902207,-0.091291472,-0.016199188
0.017624021,-0.097095013,-0.013948561
0.015431522,-0.10284894,-0.011697043
0.013344263,-0.108572178,-0.009448452
0.011411864,-0.114278555,-0.007209883
0.009707741,-0.119962335,-0.004992167
0.008223015,-0.125364929,-0.002815207
0.006958591,-0.130450457,-0.000687233
0.005926273,-0.135182485,0.001380773
0.005059521,-0.139692515,0.003404834
0.004406205,-0.143921852,0.005369189
0.004053008,-0.147742823,0.007245363
0.004106067,-0.150949299,0.00899274
0.004428732,-0.153712034,0.010646161
0.005040023,-0.156004116,0.012193899
0.005942721,-0.157833859,0.013629645
0.007138404,-0.159220934,0.014947704
0.008606785,-0.160223916,0.016152143
0.0103321,-0.160932243,0.017245008
0.012292463,-0.161374673,0.018235814
0.014567493,-0.16150555,0.019089309
0.017130613,-0.161342412,0.019817643
0.020005772,-0.160901919,0.020415725
0.02318497,-0.160177633,0.020885654
0.026680594,-0.15949212,0.021190286
0.030523254,-0.15899992,0.021293024
0.03479265,-0.1580358,0.021228701
0.039353658,-0.156729609,0.021046955
0.044192549,-0.155132711,0.020741463
0.049276643,-0.153328583,0.020314701
0.054587301,-0.151380867,0.019764861
0.06005007,-0.149393395,0.01912304
0.065685347,-0.147376522,0.018374141
0.071505539,-0.145374224,0.017506974
0.07751146,-0.143387914,0.016520901
0.083701171,-0.141446456,0.015418593
0.09007474,-0.139551118,0.014200045
0.096676536,-0.137659684,0.012844156
0.103435591,-0.135650203,0.011397621
0.110299259,-0.133458257,0.009877698
0.117240608,-0.13095507,0.00825623
0.124207914,-0.12801443,0.006501225
0.131149977,-0.124742091,0.004646776
0.138013273,-0.120578803,0.002628394
0.14478226,-0.115700237,0.000470907
0.15144293,-0.110319108,-0.001795561
0.157935187,-0.104268946,-0.004176321
0.164266557,-0.097637326,-0.006631325
0.170428634,-0.090416498,-0.009149057
0.176406726,-0.082582399,-0.011716532
0.182160065,-0.074037582,-0.014319246
0.187571809,-0.064654559,-0.01691835
0.192708895,-0.054663975,-0.019514143
0.197552204,-0.044090111,-0.022101376
0.202090889,-0.032962218,-0.024677016
0.206312761,-0.021295059,-0.027241338
0.210038602,-0.008950977,-0.029773148
0.213387534,0.00386177,-0.032285441
0.216552779,0.016905202,-0.034789115
0.219268158,0.030485166,-0.037278425
0.221498206,0.044584785,-0.039743677
0.223306984,0.059107721,-0.04217869
0.224666879,0.074049033,-0.044576604
0.225623161,0.089338601,-0.046944138
0.225762755,0.105164267,-0.049261313
0.225500301,0.121188782,-0.051561408
0.224695653,0.137409016,-0.05385188
0.223289147,0.153766364,-0.056143779
0.221309751,0.170243114,-0.058445796
0.218726814,0.186811849,-0.060758736
0.215580031,0.203450143,-0.063075863
0.21186848,0.22013858,-0.065387577
0.207802027,0.236874551,-0.06769561
0.20329611,0.253700048,-0.069998577
0.198249698,0.270632207,-0.072281808
0.19240281,0.287601709,-0.074497797
0.186018512,0.304446697,-0.076634653
0.17911531,0.320988536,-0.078692436
0.171621084,0.336989611,-0.080666527
0.163675919,0.352435082,-0.082585834
0.155197695,0.367129117,-0.084447123
0.146216393,0.381016344,-0.086260453
0.136775434,0.394102216,-0.088037848
0.126896635,0.406361014,-0.089789592
0.11660523,0.417773604,-0.091526873
0.105938308,0.428362161,-0.093261793
0.094896972,0.438050956,-0.095007606
0.083430633,0.446561426,-0.096784912
0.071675561,0.454155922,-0.098598987
0.059659477,0.460859507,-0.100459054
0.047408823,0.466725558,-0.102370948
0.034949761,0.471796513,-0.10432817
0.02232099,0.476183385,-0.10631711
0.00953492,0.47993511,-0.1083325
-0.003452766,0.48285085,-0.110360429
-0.016520128,0.485427409,-0.112386413
-0.02968649,0.487580419,-0.114403002
-0.042911753,0.489456654,-0.116407007
-0.056160796,0.491195112,-0.11840412
-0.069425732,0.492792606,-0.120392933
-0.082664169,0.494343549,-0.122380808
-0.095869593,0.495892465,-0.124370992
-0.1090082,0.497475028,-0.12636815
-0.122045889,0.499092609,-0.128383994
-0.134994373,0.500718176,-0.13041839
-0.147814393,0.502324045,-0.13248089
-0.160455316,0.503860354,-0.134579763
-0.172866151,0.505280733,-0.13672021
-0.184956253,0.506513476,-0.138912246
-0.19669728,0.507549226,-0.141156688
-0.208229691,0.508464754,-0.143430084
-0.21936816,0.509151697,-0.145758063
-0.230087906,0.509615541,-0.14814049
-0.240472764,0.509901583,-0.150566503
-0.250246048,0.509858906,-0.15306586
-0.259831727,0.509717107,-0.155587837
-0.268991739,0.509307861,-0.158155113
-0.277801454,0.50867635,-0.160759717
-0.286082327,0.507691562,-0.163420826
-0.29388234,0.506380618,-0.166131586
-0.301174372,0.504706979,-0.168891221
-0.307919353,0.502730072,-0.171701714
-0.31408,0.500484169,-0.174564376
-0.319646418,0.497998297,-0.177478492
-0.324616015,0.495277137,-0.180444032
-0.328959525,0.49239096,-0.183458045
-0.332665175,0.489373505,-0.186518967
-0.335706711,0.486329883,-0.189621031
-0.338061869,0.483344883,-0.192756891
-0.339720309,0.480480462,-0.195918098
-0.340680569,0.477763534,-0.199097633
-0.340939254,0.475223511,-0.202289745
-0.340499908,0.47291261,-0.205480218
-0.339363456,0.470832139,-0.208668962
-0.337547094,0.469048798,-0.211843371
-0.334746093,0.467780381,-0.2150051
-0.330965579,0.467200339,-0.218157068
-0.326724827,0.466953725,-0.221301898
-0.322023243,0.467040986,-0.224439606
-0.316170186,0.467861772,-0.227539033
-0.310314715,0.468686014,-0.230638951
-0.303373903,0.470058918,-0.233682752
-0.296430767,0.471434981,-0.236727029
-0.288470328,0.47323513,-0.239705428
-0.280507684,0.47503826,-0.24268429
-0.272052646,0.476964355,-0.245621607
-0.263268024,0.478973478,-0.248531342
-0.254011035,0.481089175,-0.251403302
-0.244323805,0.483194053,-0.254228801
-0.234222472,0.485364646,-0.257002801
-0.223705918,0.48766163,-0.259736538
-0.212798163,0.490305334,-0.262411505
-0.201491266,0.493222743,-0.265033811
-0.189814582,0.496558875,-0.267584711
-0.177774072,0.500343144,-0.27006039
-0.165405527,0.504726171,-0.272428572
-0.152725592,0.509784818,-0.27467674
-0.139797702,0.515569806,-0.276750654
-0.126553848,0.522281528,-0.278599769
-0.11301209,0.530155838,-0.280110091
-0.099408805,0.538430333,-0.281476736
-0.085713007,0.547307968,-0.282626212
-0.071998753,0.556681216,-0.283562273
-0.058271918,0.566387475,-0.284355462
-0.044612158,0.576625645,-0.284883916
-0.030968877,0.586999297,-0.28534615
-0.017517338,0.597928405,-0.285506219
-0.004123516,0.608965814,-0.285610497
0.009036679,0.6204319,-0.285489112
0.022045096,0.632108629,-0.285262287
0.034824166,0.644102335,-0.2848759
0.047479887,0.656245351,-0.284415603
0.059915073,0.668653488,-0.283822834
0.072115146,0.681353748,-0.283102363
0.084036075,0.694405258,-0.282237113
0.095661007,0.707807243,-0.281232834
0.106960036,0.721583724,-0.280086577
0.117908552,0.735696912,-0.278793335
0.128477037,0.750130296,-0.277348399
0.138657629,0.764873624,-0.275747359
0.148432717,0.779913068,-0.273985177
0.157784402,0.795206845,-0.272050917
0.166692942,0.810720026,-0.269934833
0.174673975,0.826466739,-0.267442524
0.182236105,0.842258751,-0.264781296
0.18926309,0.857978523,-0.261911273
0.195931301,0.873650372,-0.258901447
0.201870739,0.889150381,-0.255634695
0.20762673,0.904608309,-0.252303779
0.212410495,0.919744432,-0.248691678
0.217018276,0.934832633,-0.245037198
0.220919669,0.949724138,-0.241210699
0.224429399,0.964492619,-0.237316117
0.227347791,0.979074657,-0.233318329
0.229706749,0.993470669,-0.229250178
0.231690675,1.007742524,-0.225135103
0.232928008,1.021844029,-0.220945284
0.233977437,1.035903811,-0.216737226
0.234103799,1.049824357,-0.212456599
0.234162286,1.063748598,-0.208171085
0.233747736,1.077690721,-0.203846812
0.232969463,1.091647744,-0.199495405
0.231676996,1.105630994,-0.195118621
0.229929581,1.119635105,-0.19071728
0.227738634,1.133654952,-0.186299935
0.225098833,1.147670746,-0.181865841
0.222004324,1.161558032,-0.177429378
0.218459666,1.175354719,-0.172985956
0.214483112,1.188985944,-0.16854243
0.210080087,1.202426314,-0.164099604
0.205271706,1.215563893,-0.159655422
0.200069427,1.228354812,-0.155210093
0.19449541,1.240761757,-0.150751352
0.188565686,1.252734423,-0.146276623
0.182305127,1.264288306,-0.141775101
0.175733298,1.275389671,-0.137242138
0.168878555,1.286056757,-0.132679939
0.161769316,1.296271324,-0.128087401
0.154451907,1.306017995,-0.123487547
0.146916926,1.315296173,-0.118877262
0.139215186,1.324068308,-0.114288822
0.131336972,1.332339525,-0.109717041
0.123337999,1.340058208,-0.105202943
0.115205236,1.347240329,-0.100736909
0.106985964,1.353864789,-0.09635368
0.098650262,1.359839201,-0.092064105
0.090224996,1.365187883,-0.087900087
0.081741735,1.370054126,-0.083856277
0.073214062,1.374520659,-0.079926394
0.064657912,1.378688097,-0.076087609
0.056084998,1.38262701,-0.072325967
0.047501124,1.386366367,-0.068639673
0.038922422,1.389953375,-0.065008938
0.030348601,1.393403769,-0.061428051
0.021808131,1.396642327,-0.057931915
0.013296871,1.399686694,-0.054512005
0.004845037,1.402494788,-0.051186088
-0.003542241,1.405064106,-0.047949083
-0.011834752,1.407362103,-0.044802748
-0.020032546,1.409367204,-0.041746646
-0.028127003,1.411054134,-0.038780961
-0.036096778,1.412460327,-0.035931636
-0.043882206,1.413805604,-0.033328634
-0.051522974,1.414756179,-0.030790202
-0.059006419,1.415289044,-0.028306084
-0.066317856,1.41540432,-0.02585032
-0.07344342,1.415093899,-0.023407631
-0.080370314,1.414385319,-0.020961199
-0.087086618,1.413295627,-0.018503804
-0.093581907,1.411861062,-0.01603494
-0.099844955,1.410136461,-0.013576676
-0.10587693,1.408123255,-0.011132737
-0.111677103,1.405868649,-0.008739323
-0.117247082,1.403375745,-0.006398494
-0.122589268,1.400676012,-0.004131159
-0.127708733,1.397801995,-0.001943826
-0.132607579,1.394769669,0.00016576
-0.137288198,1.391600966,0.002200681
-0.141706049,1.388327837,0.004158028
-0.145669922,1.385044456,0.00601621
-0.149598956,1.38165915,0.007876406
-0.153237388,1.377904534,0.009709836
-0.156738073,1.374170423,0.011501975
-0.160015181,1.370471358,0.013227412
-0.163041309,1.366795897,0.014883083
-0.165930167,1.363132119,0.016500354
-0.168664411,1.359445572,0.018061744
-0.171252728,1.355734706,0.019571474
-0.173644289,1.351973534,0.02101931
-0.175851777,1.348170996,0.022419412
-0.177864477,1.344327331,0.023789298
-0.179685697,1.340464711,0.025149891
-0.181315109,1.336591959,0.026512386
-0.182755679,1.332757235,0.027894953
-0.184008911,1.328987956,0.029304627
-0.185078755,1.325349331,0.030732546
-0.185967699,1.321878195,0.032171492
-0.186678901,1.31861186,0.033592261
-0.187216043,1.315566421,0.034959916
-0.187582895,1.312754989,0.036234364
-0.187787294,1.310096622,0.037378713
-0.18783778,1.307535768,0.038356729
-0.187737271,1.305094123,0.039133929
-0.187489748,1.302766919,0.039725058
-0.187101915,1.300528288,0.040136229
-0.186581507,1.29839468,0.04039257
-0.185929924,1.296369553,0.040498253
-0.185155436,1.29449892,0.040483646
-0.18425706,1.292780757,0.040343825
-0.183239505,1.291244984,0.040091701
-0.181989104,1.289999962,0.039634626
-0.180648386,1.288857818,0.039101742
-0.17914778,1.287802219,0.03841804
-0.177535117,1.286786795,0.037632547
-0.175810665,1.285807371,0.03674598
-0.173932105,1.284880996,0.035714697
-0.17195119,1.283917308,0.034582067
-0.169879436,1.282902122,0.033357713
-0.1676943,1.281935692,0.032031849
-0.165360808,1.281027913,0.030569294
-0.162994444,1.280132055,0.029075688
-0.160478368,1.279208183,0.027446536
-0.157929122,1.278277159,0.025786584
-0.155270427,1.27735889,0.023989122
-0.152571589,1.276439905,0.02213615
-0.149761885,1.275500178,0.020113645
-0.14691186,1.274567246,0.018002434
-0.144009128,1.273643255,0.01577569
-0.141047969,1.272695303,0.01339337
-0.138063371,1.271733522,0.010945779
-0.13501519,1.270679474,0.008294593
-0.131993547,1.268900871,0.005656922
-0.128942251,1.267009497,0.002902098
-0.125862181,1.265068889,2.64E-05
-0.122767977,1.263103247,-0.002910046
-0.119658664,1.261109829,-0.005930164
-0.116536818,1.259085298,-0.009020659
-0.113399781,1.256995082,-0.012197544
-0.110248566,1.254840851,-0.015453158
-0.107083239,1.252614141,-0.018785765
-0.103903383,1.25030601,-0.022184979
-0.100708939,1.247915864,-0.025650309
-0.097499192,1.245433211,-0.029171553
-0.094274357,1.242853403,-0.032744199
-0.091035143,1.240169525,-0.036361124
-0.087782331,1.237363458,-0.040014699
-0.084516823,1.234417796,-0.04369681
-0.081240624,1.231300592,-0.04739359
-0.077956237,1.22799325,-0.051089365
-0.074666411,1.224494219,-0.054770831
-0.071373321,1.220643163,-0.058371149
-0.068082742,1.216674328,-0.061918288
-0.064795703,1.212559223,-0.065394327
-0.061520979,1.208254695,-0.068741851
-0.058251504,1.203891754,-0.072046421
-0.054994226,1.199407339,-0.075254738
-0.051755767,1.194798231,-0.078363284
-0.04853991,1.190060377,-0.081367657
-0.045354329,1.18519783,-0.084268235
-0.042202476,1.18021214,-0.0870689
-0.039102964,1.175107479,-0.089779548
-0.036096606,1.169831634,-0.09234903
-0.033216339,1.164399743,-0.094779149
-0.030378584,1.158917069,-0.097162768
-0.027636709,1.153318524,-0.099440008
-0.025073951,1.147497535,-0.101487525
-0.022542588,1.141638756,-0.103495844
-0.020203559,1.135543704,-0.105239853
-0.017898209,1.129408479,-0.106938705
-0.015795441,1.123042107,-0.108364895
-0.013728125,1.116636395,-0.109744474
-0.011833342,1.110012174,-0.110891707
-0.009968838,1.103350639,-0.111999266
-0.008312101,1.096446037,-0.112859026
-0.006691723,1.08949995,-0.113676429
-0.005292664,1.082342029,-0.114260443
-0.00393231,1.075148225,-0.114804558
-0.002696157,1.067740917,-0.115222968
-0.001576569,1.060179114,-0.115518749
-0.000577773,1.052499652,-0.115661964
0.00030139,1.044704199,-0.115655221
0.001060536,1.036797762,-0.115486264
0.001699813,1.028779984,-0.115156174
0.002217912,1.020672798,-0.114660196
0.002619002,1.012537003,-0.114006408
0.00290804,1.004491329,-0.113206916
0.003073674,0.996387362,-0.112241656
0.003115057,0.988249063,-0.11110954
0.003031289,0.980096102,-0.109809816
0.002822339,0.971940577,-0.108340807
0.002482084,0.963839114,-0.10668131
0.001915612,0.956474483,-0.104488455
0.001227429,0.949105918,-0.102119505
0.000357373,0.94173795,-0.099495851
-0.000640996,0.9343853,-0.096714213
-0.001805111,0.927084684,-0.093772113
-0.003110364,0.919841051,-0.090709656
-0.004513982,0.91263938,-0.08758539
-0.006053014,0.905495465,-0.084375702
-0.007684564,0.898400307,-0.081121586
-0.009443456,0.891372204,-0.077806026
-0.011287918,0.884392262,-0.074461453
-0.013250139,0.877478361,-0.071076691
-0.015288731,0.870602548,-0.067675605
-0.017432394,0.863778889,-0.06425184
-0.019640336,0.856975436,-0.060820859
-0.021936661,0.850199759,-0.057379767
-0.024282642,0.843424678,-0.05393723
-0.026696831,0.836650252,-0.05049254
-0.029126825,0.829877079,-0.047047891
-0.031599347,0.823106468,-0.043602616
-0.034102038,0.816326439,-0.04015797
-0.036634598,0.809516728,-0.036715657
-0.039190777,0.802688837,-0.033275567
-0.041759234,0.795846999,-0.029838897
-0.044337418,0.788976312,-0.026406726
-0.046911635,0.782053769,-0.022981932
-0.049483772,0.775089085,-0.019564115
-0.05204143,0.768080473,-0.016155893
-0.054577831,0.761026025,-0.012759421
-0.057076611,0.753920972,-0.009380241
-0.059528768,0.746767104,-0.006022456
-0.061921883,0.739572227,-0.00269449
-0.06424617,0.73234266,0.000597336
-0.066493995,0.725098729,0.003842224
-0.068657421,0.717853606,0.007032289
-0.070734151,0.710636497,0.010156761
-0.072718024,0.703475595,0.013203114
-0.074610882,0.696397305,0.016162848
-0.076412156,0.689400077,0.019035444
-0.078121848,0.682504535,0.021812268
-0.079738319,0.675704122,0.024493428
-0.081258662,0.669004023,0.027072133
-0.082680076,0.662391722,0.029550098
-0.083995216,0.655849397,0.031924881
-0.08520171,0.649365902,0.034198649
-0.086289383,0.642907023,0.036373276
-0.08716137,0.636390567,0.038387414
-0.087860622,0.629750371,0.040288877
-0.088462055,0.623023093,0.042137962
-0.088924311,0.615849197,0.043877687
-0.089241348,0.60852325,0.045547653
-0.089469954,0.601127386,0.047177501
-0.089497052,0.593582094,0.048724324
-0.089475714,0.586000204,0.05025088
-0.08922936,0.578269541,0.051686075
-0.088964805,0.57053107,0.053113669
-0.088583328,0.562749803,0.054494709
-0.088109896,0.55493319,0.055836823
-0.087501995,0.547059178,0.057112027
-0.086729608,0.539087653,0.058306411
-0.085747018,0.530924678,0.059391275
-0.084725827,0.522700548,0.060454611
-0.083566807,0.514263332,0.061442167
-0.082314231,0.505607963,0.062390994
-0.080995075,0.496796668,0.063312195
-0.079559028,0.487722427,0.064204313
-0.078084096,0.478552878,0.065092959
-0.076536901,0.469205976,0.065977566
-0.074960791,0.459807515,0.066867068
-0.07333941,0.450329572,0.067764215
-0.071670845,0.440768868,0.06866435
-0.06995102,0.431118369,0.069566123
-0.068148546,0.42125991,0.070481703
-0.066321991,0.411326945,0.071403101
-0.064471044,0.401258677,0.072334811
-0.06260822,0.391064227,0.073283732
-0.060744446,0.380616069,0.074283943
-0.058923479,0.369879395,0.075349405
-0.05713705,0.358730793,0.076489694
-0.055376153,0.347409993,0.077691026
-0.053632349,0.336028814,0.078924537
-0.051912125,0.324564338,0.080202699
-0.050231215,0.313006669,0.081520766
-0.048593212,0.301351756,0.082878992
-0.047068734,0.289472669,0.084305264
-0.045574881,0.277536064,0.085746326
-0.044162165,0.265459806,0.087209597
-0.04281589,0.253268033,0.088695861
-0.041586794,0.240871698,0.090228587
-0.04046534,0.228339821,0.091802627
-0.039420214,0.215717494,0.093405977
-0.038494702,0.202962086,0.095055178
-0.037800759,0.190760121,0.097101606
-0.037264585,0.178937376,0.099415153
-0.036858406,0.166926473,0.101754107
-0.036524694,0.155844375,0.103980653
-0.036197741,0.145688891,0.10601452
-0.036009986,0.135427579,0.108052045
-0.035975624,0.125046834,0.11010237
-0.036046926,0.114893697,0.112191916
-0.036267638,0.104603194,0.114281595
-0.036645088,0.094165817,0.116363086
-0.037125338,0.083628751,0.118436448
-0.037755124,0.072943009,0.120494202
-0.038524196,0.06214289,0.122527719
-0.039390881,0.051253986,0.124541916
-0.040406976,0.040220045,0.126523569
-0.041579604,0.029017895,0.128462687
-0.04285818,0.01768085,0.130369127
-0.044291947,0.006156634,0.132217497
-0.045854516,-0.005359503,0.133975461
-0.047505807,-0.016990809,0.135684401
-0.049281985,-0.028793694,0.137316734
-0.051185645,-0.040773205,0.138852
-0.053164274,-0.052850071,0.140323862
-0.055241991,-0.065047331,0.14170377
-0.057423197,-0.077389888,0.14297615
-0.059682548,-0.089847505,0.144162431
-0.062028203,-0.102436922,0.145247757
-0.064455658,-0.115156107,0.146230683
-0.066981569,-0.128053412,0.147070855
-0.069570296,-0.141043767,0.147791356
-0.072220065,-0.153956428,0.148316115
-0.074865416,-0.16632624,0.148682773
-0.077558964,-0.178746626,0.148865283
-0.080278918,-0.191195175,0.148947597
-0.083026581,-0.203669831,0.148836076
-0.085789464,-0.216159314,0.148619086
-0.088559546,-0.228663296,0.148202494
-0.091333658,-0.241175801,0.147677302
-0.094094761,-0.253697574,0.146950588
-0.09684886,-0.266224951,0.146114215
-0.099571444,-0.278765827,0.145077661
-0.102263801,-0.291582525,0.143963695
-0.104916394,-0.304851621,0.142802536
-0.107539929,-0.318168789,0.141495422
-0.110124692,-0.331551015,0.140050977
-0.112662382,-0.345012277,0.138456807
-0.115149379,-0.358555913,0.136721537
-0.11758101,-0.372188359,0.134845302
-0.119946115,-0.38589564,0.132834926
-0.122237414,-0.399672836,0.130693868
-0.124453276,-0.413520783,0.128424853
-0.126585528,-0.427436292,0.126034185
-0.128626928,-0.441399276,0.123519078
-0.130567476,-0.455383956,0.120876707
-0.132401809,-0.469369471,0.118093275
-0.134123862,-0.483327329,0.115149662
-0.135729298,-0.497237086,0.112027757
-0.137214899,-0.511075795,0.108702652
-0.138577327,-0.524825275,0.105164379
-0.139814556,-0.538468778,0.101401895
-0.140922382,-0.551971018,0.09743043
-0.141900539,-0.565324545,0.093265928
-0.142747715,-0.57850045,0.088942632
-0.143462986,-0.591480374,0.084482595
-0.144046053,-0.604226291,0.079928167
-0.144496441,-0.616712451,0.075308308
-0.144815445,-0.628910124,0.070649028
-0.145003602,-0.640795887,0.065973356
-0.144933194,-0.651882768,0.061308235
-0.144770026,-0.662643671,0.056660917
-0.144485787,-0.672964931,0.052036904
-0.144135401,-0.68304646,0.047425706
-0.143611804,-0.692502141,0.042865742
-0.143037587,-0.701691866,0.038336329
-0.142341703,-0.710573733,0.033865709
-0.141564488,-0.719235063,0.02944578
-0.140719563,-0.727684855,0.025065845
-0.139757991,-0.73576951,0.020774584
-0.138756096,-0.743725002,0.016516559
-0.137642249,-0.751308382,0.012360272
-0.136506394,-0.758832932,0.008226802
-0.135308534,-0.766190529,0.004157984
-0.134054407,-0.773391783,0.000151971
-0.13272877,-0.780387521,-0.003768387
-0.131341636,-0.787200212,-0.007610104
-0.129897907,-0.793829381,-0.011367249
-0.128397748,-0.800230443,-0.015037974
-0.126845211,-0.806329668,-0.01861467
-0.125240788,-0.81214571,-0.022099186
-0.123590939,-0.817637086,-0.02548689
-0.121900611,-0.822774231,-0.028777013
-0.120181851,-0.82748574,-0.031968392
-0.118441887,-0.831745625,-0.03505997
-0.116693176,-0.835528076,-0.038052347
-0.114944547,-0.838810205,-0.040942572
-0.113206327,-0.841601431,-0.04372507
-0.111486979,-0.843891203,-0.046393193
-0.10979262,-0.845701993,-0.048931099
-0.108118422,-0.847331464,-0.051286176
-0.106474742,-0.848643899,-0.053456526
-0.104868852,-0.849520385,-0.05545437
-0.103305027,-0.849987268,-0.057258505
-0.101784393,-0.850046515,-0.058872662
-0.100312039,-0.849721432,-0.060286772
-0.098891914,-0.849024892,-0.061508205
-0.097527415,-0.84796977,-0.062538408
-0.096224315,-0.846581638,-0.063390188
-0.094982676,-0.844861686,-0.064064153
-0.093809418,-0.84285146,-0.064578712
-0.09270364,-0.840550661,-0.064933501
-0.091669135,-0.837995112,-0.065143913
-0.090705134,-0.835190833,-0.065214902
-0.089812197,-0.832155466,-0.065156229
-0.088987947,-0.828897297,-0.064980999
-0.088231996,-0.825418651,-0.064691916
-0.087538481,-0.821720183,-0.064312257
-0.086930223,-0.817684472,-0.063816242
-0.086408012,-0.813221931,-0.063229665
-0.085911833,-0.808584034,-0.06261535
-0.085450009,-0.803703427,-0.06196215
-0.085027307,-0.79848367,-0.061253026
-0.084635675,-0.792958498,-0.060472962
-0.084252223,-0.787351787,-0.059674338
-0.083892755,-0.78145057,-0.058805946
-0.08353959,-0.775470793,-0.057919294
-0.083202049,-0.769233763,-0.05697469
-0.082868606,-0.762927949,-0.056014951
-0.082549132,-0.756350219,-0.055018749
-0.082233325,-0.749699831,-0.054013107
-0.081926033,-0.742775202,-0.052998479
-0.081620969,-0.735777318,-0.051981699
-0.081314787,-0.728646219,-0.050966412
-0.081007399,-0.721371651,-0.049952693
-0.080693439,-0.713928938,-0.048948612
-0.080372483,-0.706314385,-0.047954798
-0.080039352,-0.698521078,-0.046980035
-0.079693578,-0.690547824,-0.046025109
-0.079328723,-0.682376146,-0.045102227
-0.078944199,-0.674004257,-0.044212468
-0.078535691,-0.66543138,-0.043361027
-0.078099169,-0.656654239,-0.042553369
-0.077625088,-0.647691727,-0.041790955
-0.077110693,-0.638792455,-0.041102283
-0.076543726,-0.629770219,-0.040468171
-0.075913772,-0.620543957,-0.039880801
-0.075208902,-0.611174285,-0.039334025
-0.074418008,-0.60170275,-0.038823336
-0.073532306,-0.592123568,-0.038343031
-0.072542138,-0.58244741,-0.037887316
-0.071436703,-0.572774291,-0.037457652
-0.070217244,-0.563108325,-0.037055194
-0.06888786,-0.553504169,-0.036697742
-0.067448892,-0.543967962,-0.036387138
-0.065906063,-0.534560204,-0.036156941
-0.064259402,-0.52527684,-0.036011804
-0.062511422,-0.516140819,-0.035972908
-0.060661785,-0.507148206,-0.036058478
-0.058709759,-0.498290241,-0.036268629
-0.056654442,-0.489555687,-0.036610849
-0.054495011,-0.480923831,-0.037084289
-0.052231617,-0.472371072,-0.037686877
-0.04986516,-0.46387729,-0.038414642
-0.047400158,-0.455417335,-0.039260376
-0.044770062,-0.447080195,-0.040304925
-0.042052437,-0.43883124,-0.041455124
-0.039278898,-0.430629253,-0.042672321
-0.036451485,-0.422472417,-0.043954097
-0.033536751,-0.414362103,-0.045335583
-0.030590899,-0.406225502,-0.046751104
-0.027589453,-0.398002625,-0.048225671
-0.024547795,-0.389665812,-0.04974382
-0.021486219,-0.381160706,-0.051259473
-0.018436588,-0.372178495,-0.052650962
-0.015359723,-0.363102227,-0.054079644
-0.012266067,-0.353967369,-0.055533316
-0.009154267,-0.344770223,-0.057016999
-0.006034922,-0.335515827,-0.058518931
-0.002911337,-0.326414287,-0.060067121
0.000216486,-0.317317784,-0.061648175
0.003350113,-0.308152407,-0.063254416
0.006483131,-0.298935652,-0.064881548
0.009615253,-0.289668113,-0.066529445
0.012738335,-0.280394584,-0.068191774
0.015852004,-0.271116942,-0.069868311
0.018950434,-0.261868924,-0.071555234
0.022028776,-0.252678066,-0.073249295
0.025078652,-0.243577883,-0.074946836
0.02809255,-0.234601676,-0.076644123
0.031063527,-0.225764364,-0.078338981
0.033984225,-0.217087656,-0.080028623
0.036845326,-0.208573163,-0.08171045
0.039638128,-0.200228512,-0.083381847
0.042353969,-0.192042589,-0.085039593
0.044984076,-0.184009463,-0.086680695
0.047509827,-0.176104605,-0.088295497
0.0499321,-0.168327674,-0.089884184
0.052231546,-0.160668552,-0.091430768
0.05440734,-0.153126821,-0.092934608
0.05644089,-0.145706907,-0.094378196
0.058331355,-0.138409019,-0.095760778
0.060061071,-0.131245881,-0.097063899
0.061629236,-0.124218121,-0.098286755
0.063021988,-0.117345192,-0.099413507
0.064238682,-0.110628054,-0.10044343
0.065273933,-0.104081027,-0.10136947
0.066122361,-0.097715966,-0.102184922
0.066782109,-0.09154921,-0.102886014
0.06724979,-0.085596353,-0.103467561
0.067526162,-0.07987038,-0.10392864
0.067610681,-0.074385501,-0.104266927
0.067505874,-0.069158949,-0.104483046
0.067213431,-0.064206958,-0.104576834
0.0667371,-0.05954406,-0.104550645
0.066080131,-0.055185482,-0.104406171
0.065248124,-0.051188767,-0.104144849
0.064240806,-0.047553401,-0.103766523
0.063063867,-0.04433617,-0.103277184
0.061717574,-0.041539609,-0.102677062
0.060118675,-0.038641043,-0.101687849
0.05834711,-0.036164321,-0.100566186
0.056418035,-0.03416786,-0.099348076
0.054331813,-0.032652549,-0.098034017
0.052092746,-0.031608965,-0.096629225
0.049704641,-0.031032996,-0.095138639
0.047171477,-0.030891648,-0.093564458
0.044497419,-0.031161172,-0.091910109
0.041685041,-0.031813201,-0.090175591
0.038737513,-0.032819588,-0.088362023
0.035658807,-0.034152318,-0.086471483
0.032452572,-0.035782825,-0.084505588
0.029126287,-0.037659369,-0.082468204
0.025679586,-0.039785214,-0.080359161
0.022122474,-0.042109627,-0.078185149
0.018455373,-0.044630505,-0.075946406
0.01469308,-0.047292847,-0.073651329
0.010836235,-0.050094251,-0.071300261
0.006901148,-0.052990533,-0.068900764
0.002888546,-0.05597965,-0.066453181
-0.001247352,-0.059086081,-0.063935734
-0.005401659,-0.062207785,-0.061408553
-0.009585774,-0.065580077,-0.058883891
-0.013783121,-0.069056466,-0.056358196
-0.017991072,-0.072531007,-0.053822633
-0.022195693,-0.076008037,-0.05127193
-0.026385134,-0.079488315,-0.048716865
-0.030555533,-0.082972139,-0.046158355
-0.03468303,-0.086461462,-0.043598104
-0.038758188,-0.089951135,-0.041040335
-0.042776614,-0.093435235,-0.038485609
-0.046712719,-0.096906044,-0.035935629
-0.05059687,-0.10035798,-0.033391058
-0.054365322,-0.103765994,-0.030858757
-0.058060523,-0.107374661,-0.028304534
-0.061620478,-0.110911623,-0.025766497
-0.06511157,-0.114402488,-0.02323244
-0.068449467,-0.117789105,-0.020707559
-0.071758464,-0.121154375,-0.018181287
-0.074949659,-0.124428622,-0.015650319
-0.078045815,-0.127628401,-0.01311214
-0.081004366,-0.130716488,-0.010554945
-0.083839908,-0.133698031,-0.007980399
-0.086543344,-0.136542067,-0.005378736
-0.089113206,-0.139251888,-0.002752319
-0.091533609,-0.141798705,-9.61E-05
-0.093810052,-0.144185349,0.002589359
-0.095937826,-0.146371722,0.005310346
-0.097915903,-0.148344129,0.0080691
-0.099742323,-0.150063276,0.010872005
-0.101416245,-0.151506796,0.013724367
-0.102940992,-0.152647227,0.016638283
-0.104316466,-0.153462261,0.019623414
-0.105545029,-0.153958946,0.022692923
-0.106625617,-0.154142126,0.025843317
-0.107557967,-0.154032603,0.029081419
-0.108341582,-0.153632328,0.032402307
-0.108974576,-0.152973562,0.035799604
-0.10945753,-0.152051315,0.03927042
-0.109789923,-0.150891066,0.042797964
-0.109972857,-0.149483755,0.04638261
-0.110009126,-0.147834033,0.050004389
-0.109899513,-0.145934924,0.053666204
-0.109650038,-0.14377138,0.057351809
-0.109259687,-0.141345441,0.061065923
-0.108735166,-0.13863878,0.064799748
-0.108078569,-0.135648564,0.068551794
-0.107290633,-0.132465348,0.072332039
-0.106373258,-0.129114747,0.076141357
-0.105336741,-0.125491336,0.079964884
-0.104185484,-0.121597193,0.083799504
-0.102924705,-0.117454521,0.087640353
-0.101564437,-0.112739228,0.091517799
-0.100102656,-0.107765444,0.095391043
-0.098545127,-0.102561608,0.099251956
-0.096898325,-0.097129464,0.103093684
-0.095162474,-0.091462627,0.106917761
-0.093346901,-0.085544638,0.110719748
-0.091451459,-0.0793823,0.114500843
-0.089487448,-0.072975732,0.118259221
-0.087454155,-0.066332795,0.121993907
-0.085363656,-0.059477709,0.125699744
-0.083213285,-0.052409038,0.129376695
-0.081013501,-0.045165077,0.13301523
-0.078769535,-0.037768316,0.136608377
-0.076491669,-0.030266425,0.140140086
-0.074179642,-0.022655079,0.143610969
-0.071846202,-0.01498315,0.147002369
-0.069490872,-0.007245574,0.150316834
-0.067128316,0.000511329,0.15353857
-0.064757146,0.00828882,0.156671137
-0.06239162,0.016032208,0.159705594
-0.060030259,0.023746289,0.162643522
-0.057686575,0.031376623,0.165478513
-0.05535724,0.038934104,0.168212071
-0.053052451,0.046366811,0.170839205
-0.050774556,0.053659126,0.173358157
-0.048528604,0.060769293,0.175763771
-0.046319589,0.067663461,0.17805092
-0.044150084,0.074311644,0.180211663
-0.042018924,0.080731444,0.182246119
-0.039926425,0.0869352,0.184144229
-0.037871912,0.09292917,0.185908914
-0.035853829,0.098747879,0.187536404
-0.033871919,0.104387708,0.189029008
-0.031923521,0.109881043,0.190388978
-0.030016704,0.115190484,0.191582292
-0.028144298,0.120360389,0.192625239
-0.026293987,0.125433192,0.193554923
-0.024468705,0.13036859,0.194283068
-0.022654977,0.135207444,0.194884047
-0.020851206,0.139936328,0.195357382
-0.019057546,0.144494295,0.195675194
-0.017281264,0.148774475,0.195765704
-0.015507786,0.153003231,0.195813626
-0.013758928,0.156888574,0.195649877
-0.012014206,0.160710275,0.195446447
-0.010303936,0.164097771,0.195047781
-0.008599615,0.167404726,0.194612458
-0.00691573,0.170424134,0.194087878
-0.005251329,0.173168778,0.193477958
-0.003618565,0.175535411,0.192761794
-0.002016761,0.177530155,0.191940784
-0.000447596,0.179120913,0.191018462
0.001089114,0.180309847,0.189994872
0.002590734,0.181145057,0.188865349
0.004057424,0.181624666,0.187630072
0.005489934,0.18176499,0.186288834
0.006888485,0.181578144,0.184841171
0.008257041,0.181123003,0.183285639
0.009597948,0.180438891,0.181621179
0.010918201,0.179577738,0.179848582
0.012217475,0.178532988,0.177968249
0.013501707,0.17732282,0.175987512
0.014771206,0.175943956,0.173910052
0.016029295,0.174401224,0.171744481
0.01727975,0.172707632,0.169502959
0.018524038,0.170871153,0.167188466
0.019767046,0.168915734,0.164812103
0.021011464,0.166857496,0.162377179
0.022261884,0.1647221,0.159890622
0.023523891,0.16254212,0.157357931
0.024801247,0.160339102,0.154783592
0.026097715,0.15813522,0.152171835
0.027415833,0.155949205,0.149529085
0.028753659,0.15377681,0.146858513
0.030109586,0.151617631,0.144165322
0.031477757,0.149470761,0.141462177
0.032856934,0.147338793,0.138751402
0.034242,0.145226568,0.136043638
0.035629839,0.143144578,0.133345425
0.037015408,0.141109675,0.130667403
0.038393494,0.139150009,0.128020823
0.039760794,0.137282863,0.125411749
0.041114409,0.135521472,0.122845441
0.042447276,0.133888006,0.120332733
0.043755125,0.132402644,0.117872305
0.045032389,0.131088749,0.115466058
0.04627312,0.12995334,0.113120399
0.047473677,0.129003718,0.110838592
0.048628487,0.128250688,0.108628809
0.04973283,0.127703756,0.106496193
0.050785117,0.127369702,0.104449876
0.051781148,0.127257735,0.102496341
0.052721862,0.127373978,0.100642636
0.053604621,0.127726212,0.098895773
0.054430973,0.128309965,0.097258054
0.055199798,0.1291302,0.09573561
0.055903077,0.129717559,0.094281271
0.056548566,0.130507514,0.092939749
0.057135124,0.131519079,0.091710821
0.057663165,0.13275446,0.090595298
0.058129326,0.134207249,0.089587145
0.058534604,0.135879681,0.08868821
0.058874972,0.13777265,0.087891839
0.059143778,0.139922127,0.087213911
0.059236765,0.142611995,0.086815655
0.059323311,0.145308375,0.086426519
0.059279941,0.14812316,0.086216107
0.059177771,0.150957897,0.086075284
0.058970802,0.153827876,0.086058378
0.058647443,0.156702623,0.086161584
0.058266979,0.159579828,0.086323746
0.057753362,0.16242899,0.086600915
0.057174381,0.165264428,0.086934544
0.056454878,0.168020055,0.087378584
0.055666376,0.170736447,0.087876834
0.054731816,0.173335493,0.088480704
0.053725515,0.175876811,0.089136429
0.052651875,0.178365365,0.089836977
0.051482052,0.180778638,0.090601578
0.050209515,0.183107629,0.091427103
0.048822604,0.185341582,0.092318133
0.047326457,0.187477455,0.093268454
0.045719672,0.189510614,0.094276838
0.04399731,0.191410497,0.095338836
0.042156838,0.193162665,0.096452199
0.040199991,0.194748193,0.097609341
0.038126729,0.19615455,0.098806329
0.035937689,0.197372347,0.100039199
0.033633586,0.198380202,0.101300046
0.031217724,0.199161217,0.102577597
0.028694035,0.199692726,0.103857644
0.026066756,0.199972078,0.105126366
0.023341225,0.199996978,0.106367178
0.020522291,0.199771121,0.107566506
0.017615544,0.199304253,0.10870944
0.014625679,0.198603407,0.109785929
0.011557639,0.197680712,0.110786498
0.008420081,0.196541399,0.111703843
0.005214434,0.195184648,0.112540424
0.001947154,0.193600357,0.113299727
-0.001378344,0.191784352,0.11398346
-0.004752231,0.189714983,0.114598133
-0.008169269,0.187381744,0.115147024
-0.011617048,0.18475762,0.115635633
-0.015088666,0.181827918,0.116067305
-0.018575231,0.178189784,0.116380714
-0.022059534,0.174298897,0.116654918
-0.025523163,0.169979885,0.116860136
-0.028976502,0.165449694,0.11703112
-0.032384805,0.160319194,0.117097646
-0.03577723,0.155028582,0.117133185
-0.039114188,0.149229065,0.117067002
-0.042414013,0.143168315,0.116943516
-0.045665123,0.136764571,0.116744906
-0.048844371,0.129972294,0.116450161
-0.051990628,0.123001873,0.116111159
-0.055024054,0.1154541,0.115638763
-0.058023546,0.107751884,0.115128368
-0.060912788,0.099563956,0.114497229
-0.063733324,0.091108076,0.113795958
-0.066469394,0.082322732,0.113008529
-0.069149658,0.073332973,0.112167001
-0.071751148,0.064054646,0.111249246
-0.074260123,0.054466188,0.110249832
-0.076667711,0.044544339,0.109162703
-0.078970462,0.034315813,0.107995473
-0.08116889,0.023548583,0.106724769
-0.08324986,0.012341982,0.105364583
-0.085205823,0.00086956,0.103934176
-0.087033533,-0.010854167,0.102438837
-0.088725604,-0.022807278,0.100885876
-0.090275243,-0.034962822,0.099287078
-0.091674045,-0.04728891,0.097655974
-0.092917249,-0.059768319,0.096001521
-0.093999408,-0.072380379,0.094334446
-0.094913818,-0.085094787,0.092669167
-0.095654093,-0.097882129,0.091020226
-0.096214816,-0.110727735,0.089395754
-0.096590526,-0.123615809,0.087804548
-0.096769229,-0.136507884,0.086260825
-0.096749254,-0.149399698,0.084765024
-0.096522816,-0.162260324,0.08331351
-0.096086733,-0.17507793,0.081905641
-0.095437855,-0.187834501,0.080540895
-0.09457434,-0.200521097,0.079218931
-0.093496524,-0.213115171,0.077937864
-0.092204019,-0.225607082,0.076697022
-0.090701953,-0.238004759,0.075504266
-0.088991858,-0.250308156,0.074361928
-0.087077044,-0.262518108,0.073270075
-0.084962226,-0.274635375,0.072230779
-0.082654744,-0.286654562,0.071244948
-0.080163039,-0.298570186,0.070313931
-0.077502012,-0.310357034,0.069438905
-0.074674353,-0.322007865,0.068619773
-0.07168974,-0.333500087,0.067860954
-0.068552263,-0.344824374,0.0671639
-0.065272383,-0.355959624,0.066539623
-0.061854545,-0.36689651,0.065992057
-0.058307018,-0.377625942,0.06553521
-0.054633636,-0.388142556,0.065174624
-0.050837852,-0.39844507,0.064915322
-0.046926495,-0.408527583,0.064767189
-0.042901807,-0.418388426,0.064728633
-0.038767409,-0.428024799,0.064799927
-0.034525812,-0.437435418,0.064975567
-0.030179307,-0.446619332,0.065248519
-0.025730256,-0.455577463,0.065610819
-0.021180671,-0.464311391,0.066052392
-0.016533321,-0.472825259,0.066566028
-0.011790816,-0.481124073,0.067143217
-0.006960142,-0.489220768,0.067772843
-0.00204264,-0.497118473,0.06845443
0.00295295,-0.504812896,0.069182433
0.00802336,-0.512303591,0.069954611
0.013157223,-0.519589603,0.070760168
0.018347561,-0.526671708,0.071592413
0.023583163,-0.533558667,0.072438173
0.028852677,-0.540218115,0.073274948
0.03413333,-0.546665609,0.074081831
0.039406247,-0.552958429,0.074850716
0.044659242,-0.559091032,0.075567774
0.049842708,-0.564979613,0.07618098
0.055019129,-0.570843756,0.076783232
0.060093317,-0.576502562,0.077268697
0.065157041,-0.582140803,0.077741884
0.070084892,-0.587567806,0.078090593
0.074998766,-0.59297359,0.078426227
0.079836883,-0.598261893,0.078696638
0.084612273,-0.603452921,0.078913011
0.08929237,-0.608523846,0.07906016
0.093883663,-0.613479912,0.079141468
0.09835542,-0.618309081,0.079142205
0.102713361,-0.623013735,0.079065137
0.106941961,-0.627592266,0.078900844
0.111042239,-0.632047594,0.078647621
0.115008362,-0.636388719,0.078294098
0.118847989,-0.640642703,0.077828079
0.122563735,-0.644828618,0.077245235
0.126159698,-0.648978651,0.076540492
0.129541799,-0.653086126,0.07558012
0.132844836,-0.657191932,0.074513249
0.136066899,-0.661294937,0.073339693
0.139152393,-0.665387988,0.071999311
0.142126426,-0.669462264,0.070542566
0.145005196,-0.673515975,0.068993591
0.147750497,-0.677534223,0.067327067
0.150337234,-0.681500435,0.065540098
0.152808592,-0.685427487,0.06367176
0.155149043,-0.689309537,0.061714441
0.157280803,-0.69312197,0.059626762
0.159341216,-0.696886659,0.057499826
0.161254808,-0.700542569,0.055295032
0.163033113,-0.704099357,0.053017709
0.164649516,-0.707535923,0.050652605
0.166093454,-0.710834265,0.048193056
0.167303309,-0.713943541,0.045600142
0.168328047,-0.716922939,0.042897377
0.169184268,-0.719806969,0.040094793
0.169878155,-0.722576499,0.037194226
0.170420006,-0.725273013,0.034212746
0.170813113,-0.727939963,0.031162152
0.17106095,-0.730609953,0.028049888
0.171157032,-0.733316362,0.024875658
0.171108827,-0.736076415,0.021642396
0.170895487,-0.738910496,0.018342005
0.170465186,-0.741865754,0.014959816
0.169958547,-0.744856119,0.011554905
0.169328257,-0.747904062,0.008113473
0.16849719,-0.751035333,0.00463404
0.167557955,-0.754191935,0.001141999
0.166512132,-0.757369578,-0.002360708
0.165287167,-0.760559261,-0.005869092
0.163954437,-0.763737738,-0.009374411
0.162523955,-0.766901195,-0.012875336
0.16095154,-0.770024598,-0.016362986
0.159267902,-0.773092449,-0.019832026
0.157500789,-0.776108742,-0.023283664
0.155628219,-0.779046059,-0.026707759
0.1536479,-0.781876028,-0.030090833
0.151599467,-0.784629583,-0.033441644
0.149477065,-0.78729564,-0.036753591
0.147260889,-0.78982383,-0.040003508
0.14499186,-0.792277217,-0.043209635
0.142671213,-0.794658124,-0.046370968
0.140278637,-0.796942353,-0.049454205
0.137834251,-0.799167693,-0.052464351
0.13534458,-0.801341891,-0.055403173
0.132812276,-0.803468347,-0.058267716
0.130230218,-0.805539727,-0.061033141
0.127602324,-0.807564139,-0.063693322
0.124950878,-0.809561431,-0.066297673
0.122264184,-0.811516047,-0.068815291
0.119546004,-0.813429415,-0.071245395
0.116794497,-0.815296412,-0.073573329
0.11401286,-0.817133546,-0.075803272
0.111204721,-0.818961143,-0.077930614
0.108376302,-0.82081008,-0.079951935
0.105529718,-0.822751164,-0.081819668
0.102671921,-0.824779928,-0.083574265
0.099794857,-0.82690537,-0.085184745
0.096881978,-0.829118252,-0.086602576
0.093940027,-0.831374586,-0.087884746
0.090967819,-0.833661735,-0.089032382
0.087961242,-0.835959673,-0.090025991
0.084927969,-0.838239431,-0.090874523
0.081878066,-0.840528727,-0.091602921
0.078816906,-0.84283787,-0.092213467
0.075750306,-0.845171809,-0.092709184
0.072699413,-0.847295761,-0.0930904
0.069658265,-0.849470019,-0.09335357
0.066630147,-0.851692438,-0.093507335
0.063618086,-0.853962958,-0.093552262
0.060625982,-0.856283367,-0.093482435
0.057651818,-0.858642936,-0.093320601
0.054694857,-0.861040056,-0.093070582
0.051765565,-0.863486528,-0.092701651
0.048861053,-0.865979016,-0.092222556
0.045989919,-0.868520677,-0.091624208
0.043149803,-0.871110618,-0.090909265
0.040346108,-0.873746812,-0.090078093
0.037577342,-0.876429796,-0.089130647
0.034841865,-0.879183114,-0.08806774
0.032140084,-0.882000506,-0.086889133
0.029469345,-0.884874284,-0.085603759
0.026827231,-0.887796581,-0.084220394
0.02421093,-0.890757024,-0.08275184
0.021626599,-0.893752098,-0.081192791
0.019070379,-0.896817744,-0.079572089
0.01653794,-0.899907053,-0.077917762
0.014052358,-0.902966321,-0.076248236
0.011616727,-0.905977488,-0.074579418
0.009208558,-0.908961654,-0.07292325
0.006843905,-0.911903799,-0.071286775
0.004538084,-0.914803565,-0.069683768
0.002260614,-0.917684019,-0.068097323
6.33E-05,-0.92052561,-0.066557415
-0.002093683,-0.923352122,-0.06504108
-0.004197826,-0.926159143,-0.063555479
-0.006209204,-0.928904831,-0.062131777
-0.00819471,-0.931632698,-0.060725767
-0.010085685,-0.934287846,-0.059398424
-0.011950286,-0.936922014,-0.058093477
-0.013719217,-0.939466715,-0.056891333
-0.015461448,-0.941985905,-0.055718362
-0.017106354,-0.944401741,-0.054672461
-0.018724095,-0.946788132,-0.053662542
-0.020295048,-0.949135661,-0.052720513
-0.021814486,-0.951440454,-0.051853154
-0.023274371,-0.953680754,-0.051072896
-0.024673045,-0.95585382,-0.050382216
-0.0260105,-0.957950056,-0.049785245
-0.027286436,-0.95996803,-0.049282849
-0.028494079,-0.961854696,-0.048888866
-0.029632689,-0.963604391,-0.04860485
-0.030700991,-0.965203345,-0.048433237
-0.031697039,-0.966633737,-0.048377935
-0.032615434,-0.967863739,-0.048449088
-0.033451486,-0.968863726,-0.048655603
-0.034199774,-0.969620883,-0.049002957
-0.034854792,-0.970116794,-0.049497988
-0.035410769,-0.970351994,-0.050137796
-0.035861872,-0.970322907,-0.050921869
-0.036202509,-0.970039248,-0.051837415
-0.036426973,-0.969508767,-0.052874088
-0.036526415,-0.968753517,-0.05399977
-0.036501221,-0.967775285,-0.055212736
-0.036347501,-0.966587663,-0.05649282
-0.036064282,-0.965194583,-0.0578348
-0.03564829,-0.963610232,-0.05922088
-0.0350996,-0.961839557,-0.06065058
-0.034417544,-0.95988965,-0.062119775
-0.033601988,-0.957767904,-0.063627787
-0.032653376,-0.955480278,-0.065175116
-0.031571992,-0.953031301,-0.066761762
-0.0303584,-0.950426579,-0.068387754
-0.029013544,-0.947666287,-0.070051387
-0.02753753,-0.944750547,-0.071752511
-0.025931781,-0.941671789,-0.073485583
-0.024196172,-0.938430667,-0.075251058
-0.022332132,-0.935015559,-0.077040739
-0.020338492,-0.931406319,-0.078857988
-0.018214297,-0.927553415,-0.080697574
-0.015962439,-0.923518062,-0.082552783
-0.013583568,-0.919299662,-0.084410064
-0.011077622,-0.914898276,-0.086270578
-0.008445002,-0.910317123,-0.088123046
-0.00568596,-0.905557811,-0.089960769
-0.002801541,-0.900625944,-0.091768965
0.000207572,-0.895525277,-0.093536288
0.003343918,-0.89042896,-0.095265642
0.006602518,-0.885193706,-0.096928604
0.009979707,-0.87979877,-0.098505005
0.013473232,-0.874247074,-0.099979036
0.017079089,-0.868546069,-0.101335153
0.020794047,-0.862701058,-0.102557532
0.024608638,-0.856739938,-0.103621364
0.028523996,-0.850659847,-0.104530469
0.032528717,-0.844495833,-0.105275899
0.036623776,-0.838244975,-0.10585849
0.040795732,-0.831937075,-0.10627991
0.045045756,-0.825569272,-0.106540129
0.049359251,-0.819159746,-0.106649242
0.053737499,-0.812706709,-0.106606454
0.058215275,-0.806013286,-0.10625194
0.062702961,-0.799284875,-0.10586112
0.067214102,-0.792366087,-0.105284862
0.071728908,-0.785416067,-0.104678623
0.076286674,-0.777173281,-0.104043543
0.080851257,-0.768719375,-0.103403993
0.085375935,-0.760148764,-0.102612235
0.089893885,-0.751558959,-0.101795867
0.094384372,-0.742966771,-0.100913353
0.098849572,-0.734372318,-0.099969961
0.103276126,-0.725781858,-0.098945335
0.10766533,-0.717194915,-0.097841643
0.112007976,-0.708616376,-0.096663155
0.116304941,-0.700045764,-0.095409758
0.120537862,-0.691389501,-0.094080254
0.124708295,-0.682655036,-0.09267471
0.128809154,-0.673814595,-0.09119577
0.132835642,-0.664848566,-0.089644745
0.136772051,-0.655705571,-0.088034049
0.140607595,-0.646348,-0.08637087
0.144328013,-0.636789262,-0.084673904
0.147920325,-0.627017081,-0.082956739
0.151372403,-0.617087305,-0.081238016
0.15467155,-0.607024968,-0.079534404
0.157809183,-0.596887708,-0.077858433
0.160774827,-0.586720228,-0.076224841
0.16355522,-0.576574922,-0.074648686
0.166152641,-0.566442251,-0.073127061
0.168530464,-0.556872606,-0.071604371
0.170713469,-0.547376156,-0.070140757
0.172689751,-0.537874162,-0.068760648
0.174460575,-0.528368652,-0.067462526
0.176008165,-0.518835902,-0.066269211
0.1773341,-0.509278119,-0.065178722
0.178150833,-0.499536455,-0.064338945
0.178881422,-0.489755571,-0.0635437
0.17924653,-0.479797035,-0.062948547
0.179431453,-0.469734281,-0.062456056
0.179386422,-0.45953846,-0.062094536
0.179026529,-0.449141949,-0.061915826
0.178568006,-0.43868348,-0.061795119
0.177897215,-0.428094506,-0.061802752
0.177053481,-0.417388886,-0.06191342
0.175961792,-0.406460285,-0.06216361
0.174649894,-0.395338535,-0.062539227
0.173112988,-0.383961558,-0.063039109
0.171351016,-0.372336447,-0.06366387
0.169353038,-0.360367805,-0.064414613
0.167123228,-0.348085761,-0.065290987
0.164661825,-0.335440606,-0.066293739
0.161969855,-0.322426498,-0.067424402
0.159055114,-0.309055686,-0.068694308
0.155919522,-0.295317233,-0.070106298
0.152568191,-0.281227738,-0.071667656
0.149006233,-0.26679635,-0.073383972
0.14524895,-0.252115041,-0.07526274
0.141302958,-0.237167582,-0.077305451
0.13717556,-0.221946582,-0.079506792
0.132876709,-0.206578016,-0.081874885
0.128424078,-0.191129848,-0.084382407
0.123814099,-0.175582677,-0.087029107
0.119066164,-0.159978315,-0.089754134
0.114175752,-0.144303694,-0.092573553
0.109159388,-0.128574729,-0.095446542
0.104014717,-0.112789705,-0.098381504
0.098764442,-0.09697324,-0.101337373
0.093404107,-0.081119224,-0.104324237
0.087959185,-0.065216593,-0.107313789
0.08245755,-0.048551686,-0.110403858
0.076881088,-0.03188017,-0.113483183
0.071235254,-0.015203693,-0.116547495
0.065541171,0.001480761,-0.119585589
0.05980859,0.018171662,-0.122589543
0.054046091,0.034884945,-0.125555083
0.048266929,0.051621843,-0.128473565
0.042489972,0.06838458,-0.131334871
0.036727481,0.085178219,-0.134131536
0.030989341,0.10200876,-0.136857644
0.02529498,0.11884781,-0.139499396
0.019676125,0.13561292,-0.142034322
0.014123189,0.152373731,-0.144476026
0.00867247,0.169034421,-0.146810278
0.00331732,0.185609952,-0.14903824
-0.001901048,0.201976657,-0.151135504
-0.006993376,0.218167305,-0.15310733
-0.011931245,0.234099701,-0.154930502
-0.016722754,0.249797106,-0.156611115
-0.021346645,0.265196711,-0.158127517
-0.025826609,0.279683322,-0.159399331
-0.030149363,0.293073475,-0.160387442
-0.034267373,0.306058139,-0.161166146
-0.038170628,0.318608284,-0.16170828
-0.0418602,0.330725104,-0.162018895
-0.045318648,0.342346549,-0.162065342
-0.048549488,0.353492469,-0.161857158
-0.05153482,0.364141285,-0.161377609
-0.05427948,0.374302208,-0.160632178
-0.05677218,0.383980542,-0.159615561
-0.059015647,0.393178821,-0.158331364
-0.060984589,0.401669353,-0.156754628
-0.062597007,0.40813756,-0.154708818
-0.06394776,0.414177418,-0.15241468
-0.064959161,0.419650346,-0.149803057
-0.065547056,0.424457252,-0.146833152
-0.065900929,0.428946197,-0.1436847
-0.066018358,0.433139294,-0.140357614
-0.065841787,0.437021881,-0.136812255
-0.065340765,0.44064036,-0.133034721
-0.064691767,0.444161385,-0.129152298
-0.06379135,0.447547436,-0.125092238
-0.062658563,0.450818002,-0.120871723
-0.061252091,0.453965366,-0.116466932
-0.059586965,0.456981093,-0.111893244
-0.05765643,0.459847093,-0.107156791
-0.055465296,0.462538749,-0.102263644
-0.053015981,0.4650065,-0.097227246
-0.050309498,0.467250705,-0.092045352
-0.047403902,0.469946742,-0.086826541
-0.044254877,0.472381979,-0.081478253
-0.040866047,0.474515766,-0.075998545
-0.037242915,0.476337522,-0.070389591
-0.033394292,0.477858722,-0.064649709
-0.029328501,0.479078114,-0.05878108
-0.025057765,0.480018139,-0.052784737
-0.020592401,0.480681568,-0.046665911
-0.015946789,0.481078535,-0.04043613
-0.011140869,0.481211483,-0.034114916
-0.006190198,0.481072724,-0.02772676
-0.001101144,0.480654836,-0.021286691
0.004104789,0.479941964,-0.014834953
0.009423221,0.478937864,-0.008380045
0.014832392,0.477636993,-0.00196311
0.020328669,0.476051569,0.004411896
0.025891228,0.474195987,0.010709981
0.031549774,0.471922815,0.016839234
0.037252869,0.469405502,0.022822354
0.042961795,0.466803938,0.02870214
0.048677631,0.464102238,0.034458771
0.054374062,0.46131593,0.040004525
0.06005333,0.458500087,0.045447145
0.065693185,0.455642313,0.050698508
0.071278855,0.452749491,0.055768806
0.076829955,0.449833661,0.060728814
0.082281098,0.446853608,0.065429352
0.08770515,0.443854004,0.070069343
0.093058407,0.440805972,0.074552707
0.098319724,0.437674552,0.078866214
0.103485338,0.43445465,0.083008558
0.108543381,0.431129664,0.086978391
0.113481604,0.427680999,0.09077061
0.118291155,0.42409566,0.094381668
0.122959875,0.420246512,0.097823389
0.127511665,0.415619999,0.101161011
0.131889775,0.410861343,0.104306899
0.136085913,0.405972511,0.107259214
0.140083045,0.400982678,0.110013999
0.143870682,0.395757586,0.112553872
0.147442982,0.390362978,0.114881612
0.15078716,0.384937227,0.117004693
0.153894752,0.379523098,0.118920237
0.156754136,0.37417236,0.120624483
0.159360692,0.368918628,0.122116245
0.161709696,0.363801956,0.123394214
0.163798481,0.358871758,0.124459743
0.165626079,0.35417816,0.125314936
0.167192981,0.349754483,0.12596257
0.168501288,0.345635176,0.126406506
0.16955246,0.341848791,0.126652613
0.170349225,0.338420421,0.126707748
0.17089282,0.335368901,0.126577318
0.171184942,0.33270058,0.126268253
0.171225831,0.330410957,0.125787556
0.171014726,0.328477979,0.125142872
0.170551628,0.32687214,0.124343313
0.169799671,0.326116323,0.12332426
0.168763742,0.326112717,0.12210504
0.167481139,0.326272994,0.12077041
0.165955439,0.326560944,0.119333826
0.164189592,0.326934338,0.117809206
0.162187055,0.327348322,0.116214953
0.159947127,0.327806175,0.114549339
0.157471254,0.328272045,0.112826101
0.154587686,0.328739792,0.11101529
0.15146406,0.329192638,0.10916198
0.148109168,0.329593569,0.10728173
0.144601002,0.32995528,0.105386212
0.140822649,0.330230355,0.10347423
0.136867598,0.330429763,0.101565316
0.132781699,0.330572993,0.099660739
0.128456831,0.330613464,0.09778475
0.123975195,0.330597997,0.095954552
0.119362511,0.330535799,0.094162598
0.114614844,0.330459595,0.092439242
0.109754346,0.330371678,0.090773217
0.104781955,0.330298096,0.089194663
0.099716023,0.330236584,0.087689206
0.094608597,0.330186546,0.086227082
0.089419894,0.330158859,0.08484976
0.084167488,0.330169678,0.083552159
0.078847907,0.330239952,0.0823505
0.073471636,0.330370605,0.081241295
0.068046905,0.330573112,0.080229454
0.062580369,0.33086127,0.079319187
0.057082545,0.331254125,0.07851699
0.051554345,0.331750125,0.077821046
0.046007667,0.332364947,0.077234402
0.040450342,0.333101511,0.076759636
0.034896243,0.333964467,0.076401375
0.029353958,0.334947377,0.076162048
0.023833744,0.336031884,0.076044716
0.018345041,0.337202191,0.076050602
0.012896637,0.338425249,0.076179378
0.007498096,0.339680076,0.076429814
0.002158474,0.340934783,0.076797277
-0.003106453,0.342159092,0.077276021
-0.008289776,0.343344778,0.077860907
-0.013385196,0.344494313,0.078550316
-0.018382594,0.345604062,0.079339989
-0.02327523,0.346684337,0.080229662
-0.028051561,0.347743154,0.081216916
-0.032706548,0.348795414,0.082302555
-0.037229534,0.349859446,0.08348611
-0.041488074,0.350956798,0.084854685
-0.045602147,0.352081686,0.086318016
-0.049569573,0.353269994,0.087871149
-0.053414319,0.354511589,0.089499332
-0.057049632,0.355892211,0.091241553
-0.06061295,0.357321441,0.093022704
-0.063894935,0.358974129,0.09492854
-0.067123435,0.360676259,0.096854724
-0.070134193,0.362586826,0.098859467
-0.07304132,0.364599407,0.100889705
-0.075751536,0.366804779,0.1029687
-0.078290589,0.369142115,0.105073176
-0.080688104,0.371557444,0.107202873
-0.082844526,0.374146402,0.10934332
-0.084918104,0.376796037,0.111487269
-0.086681254,0.379634947,0.113618121
-0.088363841,0.382509649,0.115738899
-0.089678511,0.385522842,0.117805839
-0.090939507,0.388554662,0.119858712
-0.091883928,0.391688347,0.121829644
-0.092775509,0.394838542,0.1237811
-0.093355499,0.398077667,0.125618562
-0.093916565,0.401325166,0.127447113
-0.09429761,0.404638022,0.129192114
-0.094552211,0.407997936,0.130876184
-0.094632924,0.411427468,0.132458553
-0.094557673,0.414918303,0.133952439
-0.094330966,0.418470114,0.135342777
-0.093951158,0.422079593,0.136633173
-0.093418457,0.425717145,0.137807071
-0.09273342,0.429392397,0.138869926
-0.091903389,0.433091313,0.13981466
-0.090930276,0.436809838,0.140639588
-0.089822337,0.440527946,0.141338333
-0.088583879,0.444238394,0.141907156
-0.08722306,0.447944462,0.142339528
-0.085745692,0.451639205,0.142630354
-0.084159002,0.45533666,0.142770261
-0.082469396,0.459035426,0.14275299
-0.080682047,0.462740302,0.142569005
-0.078803822,0.466452122,0.142210409
-0.076841109,0.470154047,0.141670018
-0.074792266,0.473849237,0.140950695
-0.072664276,0.477512151,0.140053168
-0.070455685,0.48114872,0.138978228
-0.068176061,0.484729797,0.13773495
-0.065823279,0.488263071,0.136321321
-0.063409373,0.491723567,0.134748563
-0.060922399,0.494948208,0.132988274
-0.058365136,0.497080535,0.131019965
-0.055794898,0.499161363,0.129011706
-0.053149305,0.500931382,0.12676768
-0.050494242,0.502648771,0.124487363
-0.047784574,0.504048705,0.121992938
-0.045069572,0.505402625,0.119467571
-0.042324461,0.506479144,0.116759941
-0.039578352,0.507520616,0.114027604
-0.036827795,0.508349895,0.111149818
-0.034080427,0.509155452,0.108253203
-0.031353436,0.509815991,0.105245911
-0.028633507,0.510461509,0.102224499
-0.025956873,0.511014044,0.099120319
-0.023283629,0.511564732,0.09601143
-0.020645689,0.512089849,0.092858575
-0.018034365,0.512601852,0.089675538
-0.015475632,0.513132632,0.086457022
-0.012961165,0.513672411,0.083205745
-0.010501335,0.51423794,0.079928413
-0.008093866,0.514822245,0.076623924
-0.005751909,0.515417993,0.073303938
-0.003471122,0.516027212,0.069964863
-0.001256976,0.516643465,0.066614434
0.000889452,0.51726222,0.063254215
0.002966103,0.517846763,0.059887666
0.004970989,0.518382192,0.056516722
0.00690511,0.518816054,0.053131595
0.008768282,0.519162774,0.049734745
0.010561856,0.519379377,0.04631687
0.012248293,0.519364238,0.042879537
0.013841487,0.519088507,0.039432853
0.015375894,0.518607914,0.036005814
0.016861172,0.517956138,0.032595195
0.018252851,0.517017186,0.02924668
0.019605685,0.515967906,0.025934093
0.020886958,0.514719665,0.022692053
0.022094464,0.513291836,0.019537183
0.023265572,0.511777699,0.016425621
0.024375342,0.510173082,0.013391413
0.025437841,0.508501053,0.010416985
0.026434463,0.506784201,0.007528306
0.027371116,0.505015552,0.004717032
0.028246958,0.503434598,0.001971187
0.029054729,0.501815736,-0.000687896
0.029786453,0.500134826,-0.003260393
0.030434418,0.498377085,-0.005737424
0.030898012,0.496290118,-0.008050123
0.031353265,0.494188875,-0.010355731
0.031684723,0.491873801,-0.01255758
0.031968672,0.489489585,-0.0147195
0.032166325,0.486979634,-0.01680897
0.032297503,0.484443933,-0.018833516
0.032392409,0.481894344,-0.020822585
0.032378741,0.479275674,-0.022720367
0.032334514,0.476653695,-0.024590192
0.032211132,0.474034995,-0.026385976
0.032065816,0.471416116,-0.028163094
0.031845916,0.468795121,-0.029876959
0.031607922,0.466164201,-0.03157682
0.031308334,0.463498056,-0.033229202
0.030995289,0.460811436,-0.034869306
0.030636348,0.458054066,-0.036467772
0.030268559,0.455268115,-0.038056113
0.029870475,0.452383935,-0.039610103
0.029467963,0.449470967,-0.041156884
0.029050106,0.446458846,-0.042679183
0.028632371,0.443443775,-0.044198919
0.028214574,0.440407842,-0.045703579
0.027799295,0.437368989,-0.047198709
0.027398564,0.434379667,-0.048687581
0.027015196,0.431428611,-0.050168965
0.026661051,0.428520173,-0.051647626
0.026316516,0.425632715,-0.053129774
0.026004089,0.422814548,-0.054623649
0.025725514,0.420061767,-0.056137975
0.025464593,0.41741842,-0.057673264
0.025260607,0.414938867,-0.059230573
0.025087848,0.412536263,-0.060807433
0.02495669,0.41023612,-0.062410362
0.024881443,0.408080012,-0.064053245
0.02483291,0.405977339,-0.065719798
0.024841426,0.404378682,-0.067391358
0.024893193,0.402974248,-0.069094852
0.02497096,0.401584178,-0.070830822
0.025111007,0.400158435,-0.072656855
0.025263945,0.398724854,-0.074501351
0.025454912,0.397267282,-0.076400965
0.025683237,0.395781845,-0.078354202
0.025962438,0.394252539,-0.080379896
0.026318349,0.392622113,-0.082520261
0.026729841,0.390895247,-0.084746554
0.027171662,0.389101148,-0.087018751
0.027653839,0.387217373,-0.089352153
0.028215045,0.3851147,-0.091800146
0.028802114,0.383173525,-0.094332926
0.029411206,0.381482393,-0.096962824
0.030098384,0.37963599,-0.099696755
0.030805944,0.377761096,-0.102457583
0.031560682,0.375823379,-0.105281278
0.032363337,0.373841345,-0.108165644
0.033226464,0.371822476,-0.111123562
0.034182187,0.369738311,-0.114192046
0.035191312,0.367617697,-0.11732211
0.036230993,0.365456253,-0.12048877
0.037305936,0.363244802,-0.123698033
0.038434681,0.36092031,-0.12697652
0.039598633,0.358447999,-0.13030526
0.040791284,0.355843931,-0.133675709
0.04201657,0.353062063,-0.137095764
0.043267973,0.350058019,-0.140559524
0.044535354,0.346881717,-0.144051045
0.045818504,0.343506932,-0.147570893
0.04711961,0.339757562,-0.151126325
0.04842205,0.335979819,-0.154684007
0.049725641,0.331758529,-0.158255681
0.051029351,0.32750383,-0.161828101
0.052317765,0.322783619,-0.165390462
0.053605109,0.318028271,-0.168951854
0.054861363,0.312856257,-0.172471538
0.056115407,0.307652473,-0.175988019
0.057322908,0.302095681,-0.179440081
0.058527078,0.296511501,-0.18288736
0.059669126,0.290651113,-0.186251879
0.060806718,0.284768701,-0.189610332
0.061866317,0.278695762,-0.192868009
0.062920317,0.27260673,-0.19611837
0.063880719,0.266373366,-0.199253947
0.064834386,0.260127157,-0.202381223
0.065681562,0.253793508,-0.205377623
0.066521056,0.247450978,-0.208364606
0.067240886,0.24109225,-0.21119976
0.067952089,0.234729633,-0.214024022
0.06852892,0.228392035,-0.216682211
0.069096051,0.222053424,-0.219328508
0.069515042,0.215762645,-0.221792191
0.069923341,0.209472433,-0.224242851
0.070250861,0.203202322,-0.226598874
0.07051558,0.196947113,-0.228881374
0.070691645,0.190719739,-0.231048763
0.070785642,0.1845171,-0.233111337
0.070791245,0.178332582,-0.235060483
0.07071016,0.17216754,-0.236898616
0.070530787,0.166063249,-0.23860909
0.070255779,0.160010591,-0.240195781
0.069877818,0.154029384,-0.241652012
0.069398649,0.14811483,-0.242979452
0.06880524,0.142303303,-0.244175121
0.068100564,0.136586517,-0.245239764
0.067272946,0.13100566,-0.246174872
0.066325128,0.125551239,-0.246980175
0.065245561,0.120262444,-0.247658879
0.06403695,0.115130179,-0.248210281
0.062692434,0.110194616,-0.248636276
0.061213657,0.105446458,-0.248936445
0.059411712,0.101316132,-0.248941779
0.05759155,0.09722019,-0.248931199
0.055568408,0.093640156,-0.248723656
0.053496785,0.090194814,-0.248467222
0.05129521,0.087132536,-0.248076051
0.048942719,0.084561385,-0.247515529
0.04649685,0.082338721,-0.246847183
0.043964338,0.080466181,-0.246077254
0.041325066,0.079070292,-0.245179906
0.038589384,0.078148149,-0.244162634
0.035765082,0.077686243,-0.243034095
0.032865971,0.07761889,-0.241811454
0.029899478,0.077937767,-0.240508318
0.026858559,0.078683801,-0.239116162
0.023756817,0.079784438,-0.237659931
0.020587897,0.081277274,-0.236132875
0.017364172,0.083088629,-0.234557629
0.014079925,0.085252285,-0.232929111
0.010747637,0.087698005,-0.231266141
0.007362301,0.090455703,-0.229565069
0.003958549,0.093326889,-0.227851465
0.00051184,0.096467823,-0.226107895
-0.002969405,0.099820189,-0.224339589
-0.006489901,0.103407577,-0.222542182
-0.010066671,0.107351586,-0.220707729
-0.013674742,0.111500449,-0.218855307
-0.017296363,0.115752585,-0.216994047
-0.02093292,0.120119035,-0.215122983
-0.024573304,0.124648467,-0.213236451
-0.028212938,0.129276171,-0.211341023
-0.031850908,0.134036407,-0.209433571
-0.035467766,0.139009222,-0.207507908
-0.039064597,0.144138411,-0.205566972
-0.042638279,0.149419248,-0.203608438
-0.046163287,0.154872045,-0.20160906
-0.049615692,0.160482198,-0.199571058
-0.053037737,0.16615817,-0.197516993
-0.056369253,0.171967596,-0.195430383
-0.059662867,0.177832857,-0.193330258
-0.062849358,0.183804512,-0.191206411
-0.06599097,0.189820662,-0.189072758
-0.06907855,0.195891678,-0.186926991
-0.072094955,0.20203504,-0.184765205
-0.075030945,0.208245382,-0.182591856
-0.077879056,0.214525685,-0.180407301
-0.080638975,0.22086592,-0.178215116
-0.08330863,0.227263704,-0.176016524
-0.085878797,0.233666971,-0.173819855
-0.088345997,0.240058661,-0.171628043
-0.090709776,0.246429026,-0.169442549
-0.092966683,0.252753466,-0.167267337
-0.095108189,0.258953989,-0.165101349
-0.097132191,0.265010387,-0.162943527
-0.09903267,0.270903289,-0.160784289
-0.100807063,0.276620537,-0.158620417
-0.102278024,0.2818636,-0.156417459
-0.103697166,0.287023097,-0.154204026
-0.104883969,0.291812807,-0.151933119
-0.10599187,0.296486706,-0.149641514
-0.106918901,0.300895214,-0.147302166
-0.107715264,0.305133849,-0.144935638
-0.108383022,0.309205353,-0.142542392
-0.108868785,0.313050061,-0.140127778
-0.109278135,0.316799581,-0.137704358
-0.109454587,0.320244849,-0.13527593
-0.109579764,0.323619395,-0.132848799
-0.109475151,0.32666117,-0.130435586
-0.109339319,0.329657227,-0.128025562
-0.109067842,0.332454264,-0.125628322
-0.108687468,0.335088462,-0.123243079
-0.1081637,0.33749938,-0.120878287
-0.107439458,0.33956787,-0.118541718
-0.106507242,0.341237694,-0.116237
-0.105514847,0.342773438,-0.113936484
-0.104384497,0.34400171,-0.111645207
-0.103114314,0.344874054,-0.109342255
-0.10176339,0.345540464,-0.107028358
-0.100241967,0.345769703,-0.104671553
-0.098697335,0.345934987,-0.102305681
-0.096998669,0.345675588,-0.099878274
-0.095277913,0.345348597,-0.09744066
-0.093410514,0.344572902,-0.094934024
-0.091523431,0.343729138,-0.092416629
-0.089505695,0.342433542,-0.089826472
-0.087470226,0.341066718,-0.08722429
-0.085316941,0.339226991,-0.084540904
-0.083176285,0.3368029,-0.081783794
-0.080943525,0.333886743,-0.078939207
-0.078699596,0.330904186,-0.076080874
-0.076381341,0.327480018,-0.073129825
-0.074059986,0.324033976,-0.070173398
-0.071704678,0.320349932,-0.067156449
-0.069326296,0.316498935,-0.064097129
-0.066921651,0.312407672,-0.060977038
-0.064492084,0.308079153,-0.057805296
-0.062040497,0.303462356,-0.054585073
-0.059567984,0.29878217,-0.051291253
-0.057086941,0.293909609,-0.047935009
-0.054594334,0.288843304,-0.044517595
-0.052098781,0.283599645,-0.041034207
-0.049602758,0.278183877,-0.03748304
-0.04711955,0.272628397,-0.033851411
-0.044655707,0.266947627,-0.030133842
-0.042224884,0.261174023,-0.026314465
-0.039824314,0.255304456,-0.022397211
-0.03747629,0.249425218,-0.018363448
-0.035173908,0.243510291,-0.014219406
-0.032928873,0.237611324,-0.009959863
-0.030737612,0.231713995,-0.005587462
-0.028606823,0.225861117,-0.001109446
-0.026549678,0.220059484,0.003498148
-0.024620906,0.214418218,0.008293387
-0.02270738,0.208799258,0.013106436
-0.020871745,0.203757972,0.017987223
-0.019050401,0.199317411,0.022847336
-0.017311525,0.194975272,0.027793471
-0.015646912,0.190711141,0.032802112
-0.0140427,0.186510623,0.037861548
-0.012547726,0.182398766,0.042991713
-0.011086991,0.178315341,0.048143864
-0.009774094,0.174308538,0.053366821
-0.008494704,0.170313075,0.058601532
-0.007346775,0.166355252,0.063880704
-0.006265054,0.162415892,0.069174804
-0.005291204,0.158588976,0.074482284
-0.004422447,0.154775381,0.079807252
-0.003623334,0.150970951,0.085143737
-0.00289605,0.147160396,0.090490974
-0.002247091,0.143343046,0.095849961
-0.001695866,0.139531761,0.101219177
-0.001243153,0.135726839,0.106598623
-0.000888777,0.131949484,0.11198239
-0.000632848,0.128200307,0.117370322
-0.000480282,0.124534942,0.122751839
-0.000431225,0.120954953,0.128126651
-0.000484703,0.11748758,0.13348861
-0.000640625,0.114156477,0.138832569
-0.000894293,0.110992007,0.144148648
-0.001242591,0.108023688,0.149428278
-0.001682078,0.10526453,0.154665902
-0.002209238,0.102733821,0.159854621
-0.002816024,0.100427143,0.164986596
-0.003495895,0.098347686,0.170054376
-0.004245034,0.096495189,0.175052404
-0.005058489,0.09486948,0.179974452
-0.005927788,0.093449399,0.184806883
-0.006853611,0.092234157,0.189550489
-0.00783539,0.091193065,0.194186717
-0.008873083,0.090325184,0.198715091
-0.00996528,0.08961428,0.203121737
-0.01111193,0.089059748,0.207406238
-0.012311683,0.088638142,0.211549789
-0.013564486,0.088348702,0.215551853
-0.014867942,0.088181295,0.219395444
-0.01622197,0.088135488,0.223080009
-0.01762623,0.088233292,0.226596251
-0.019080931,0.088499643,0.229934707
-0.020577719,0.088860728,0.233099565
-0.0221128,0.089305617,0.236086562
-0.02368387,0.089835085,0.238893181
-0.025287969,0.090445705,0.241516352
-0.026919397,0.091122717,0.243957356
-0.028573425,0.091855697,0.246216059
-0.030246794,0.092642456,0.248290658
-0.031935632,0.093477599,0.250180125
-0.033635739,0.094350681,0.251883805
-0.035342995,0.095251299,0.253401071
-0.037054058,0.096169092,0.254730642
-0.038765326,0.09709397,0.255871505
-0.040471308,0.098012343,0.256822616
-0.042169571,0.098914839,0.257547528
-0.043846425,0.099744312,0.257947773
-0.045512654,0.100521535,0.258232474
-0.047166016,0.101235382,0.258376777
-0.04878746,0.101748317,0.258221507
-0.05040668,0.102247365,0.258046746
-0.051995505,0.102536567,0.257608175
-0.053582203,0.10281124,0.257152408
-0.055127908,0.102837607,0.256470233
-0.056664128,0.102814108,0.25574851
-0.058158923,0.10258688,0.254873484
-0.059635233,0.102282494,0.253950238
-0.061075717,0.101828925,0.252933234
-0.062500648,0.10132879,0.251883149
-0.063893467,0.100733295,0.250764608
-0.065255359,0.100079976,0.249585003
-0.066580072,0.099383809,0.248335883
-0.067867719,0.098653212,0.247026622
-0.06911514,0.097904183,0.245662063
-0.070320569,0.09713532,0.244245663
-0.071480624,0.096353546,0.242783323
-0.072595648,0.095553629,0.241274372
-0.073662966,0.09473265,0.239723414
-0.074682914,0.093883596,0.238126799
-0.075656235,0.092993617,0.236477509
-0.076583236,0.092058145,0.23477
-0.077465616,0.091070473,0.232992291
-0.078305744,0.090025418,0.231133297
-0.079108156,0.088919662,0.229174927
-0.079875112,0.08774779,0.227108985
-0.080609985,0.086505637,0.224927008
-0.08131808,0.085189544,0.222624168
-0.082002006,0.083800286,0.220206052
-0.082663044,0.082338586,0.21769464
-0.083304003,0.08080522,0.21511355
-0.08392553,0.079200216,0.212483764
-0.08452972,0.077523991,0.209837973
-0.085116908,0.075778723,0.207182825
-0.085688509,0.073966712,0.204541728
-0.086244211,0.072086155,0.201915905
-0.08678481,0.070135839,0.199330583
-0.087310433,0.068114579,0.196798891
-0.08782085,0.066021591,0.194329932
-0.088315278,0.063857704,0.191932335
-0.088792406,0.061624937,0.189606741
-0.089218006,0.059334554,0.187462017
-0.089636728,0.057041068,0.18534027
-0.090019912,0.054724298,0.183295101
-0.090377741,0.052379977,0.181291327
-0.09070763,0.050001685,0.179328829
-0.090990312,0.047554042,0.177423805
-0.091259338,0.045080505,0.175532997
-0.091499142,0.042548142,0.173672765
-0.091710031,0.039924029,0.171857849
-0.09189444,0.037211489,0.170087859
-0.092054434,0.034407161,0.168368563
-0.092196673,0.031524133,0.166719109
-0.092321046,0.028565375,0.165135771
-0.092437804,0.025567945,0.163625091
-0.092544287,0.022525627,0.162182763
-0.092651717,0.019545805,0.160789907
-0.092766546,0.016770624,0.159429193
-0.092880771,0.01404169,0.158095852
-0.092993043,0.011344464,0.156797945
-0.093104154,0.008707993,0.155511647
-0.093214132,0.006138847,0.154232249
-0.093322232,0.003655196,0.152951017
-0.093428478,0.001272227,0.151659444
-0.093532123,-0.000991416,0.150361806
-0.093633331,-0.003137445,0.14905943
-0.093731403,-0.005128555,0.147770807
-0.093826279,-0.006972202,0.146491021
-0.09391579,-0.008624503,0.145233914
-0.094000176,-0.010096137,0.143995017
-0.094075441,-0.011348314,0.142779171
-0.094142191,-0.012392783,0.141583398
-0.094194293,-0.013210937,0.140399739
-0.094225511,-0.013737711,0.139224634
-0.094211541,-0.013834271,0.138024807
-0.09418837,-0.013900657,0.136815757
-0.094120592,-0.013786567,0.135569468
-0.094014116,-0.013529957,0.134292454
-0.093872912,-0.01314522,0.132987842
-0.093670554,-0.012618707,0.131624922
-0.093443714,-0.012049058,0.130232319
-0.093162969,-0.011403539,0.128767908
-0.092842862,-0.010723817,0.127232268
-0.092494495,-0.010019109,0.125645369
-0.092084832,-0.009275918,0.123920977
-0.091652207,-0.008514849,0.122140214
-0.091172807,-0.00771778,0.120243028
-0.090673745,-0.006891032,0.118299805
-0.090141281,-0.006014985,0.116278701
-0.089574926,-0.005076587,0.114158973
-0.088970937,-0.004063798,0.111921325
-0.088302523,-0.002425147,0.109517619
-0.087585762,-0.000472482,0.106986903
-0.086828724,0.001542908,0.104350336
-0.086029097,0.003611502,0.101605043
-0.085188195,0.005659095,0.098747246
-0.08430282,0.007747928,0.095789246
-0.08336813,0.009865196,0.092743374
-0.082377627,0.011993481,0.089626193
-0.081325017,0.014117614,0.086458266
-0.080201909,0.01621771,0.083267078
-0.079002105,0.018291179,0.08007329
-0.077718437,0.020337563,0.076902233
-0.07634449,0.022329738,0.073782265
-0.074881271,0.024272846,0.070715196
-0.073329948,0.026128536,0.067696899
-0.071691021,0.027875135,0.064727217
-0.069966868,0.029463369,0.061788011
-0.068157844,0.030878695,0.058873318
-0.066265218,0.032055624,0.055954419
-0.064288408,0.032991007,0.053029772
-0.062227305,0.033663403,0.050090089
-0.060082242,0.034078103,0.047121894
-0.057852935,0.034235649,0.044129591
-0.055538788,0.034135614,0.041116115
-0.05313994,0.033783883,0.038086213
-0.050656442,0.033188045,0.035047561
-0.048090063,0.032363717,0.03201915
-0.045442037,0.031322662,0.029012185
-0.04271476,0.030081803,0.02604053
-0.039912224,0.028661065,0.023128783
-0.037037615,0.027069952,0.02029245
-0.034092672,0.025312368,0.017541107
-0.031081585,0.023399955,0.014896862
-0.028005833,0.021331735,0.012369385
-0.024869772,0.0191136,0.00998389
-0.021675376,0.01674288,0.007747713
-0.018427704,0.014219921,0.005685114
-0.015129512,0.011542367,0.003799501
-0.01178724,0.008707573,0.002109759
-0.008404289,0.005713574,0.000614741
-0.004988918,0.00255987,-0.000675878
-0.001534501,-0.000905338,-0.001596904
0.001932017,-0.004569915,-0.002295017
0.005393608,-0.008389612,-0.002842033
0.008850209,-0.012366425,-0.003235991
0.012272644,-0.016635837,-0.003367299
0.015678715,-0.021024318,-0.003394532
0.01904211,-0.025689771,-0.003186205
0.022391615,-0.030422,-0.002921383
0.025682118,-0.035439678,-0.002416566
0.028955843,-0.040519889,-0.001857296
0.032158338,-0.045867689,-0.001066686
0.035340767,-0.051277332,-0.000221761
0.038438056,-0.056951735,0.000853921
0.041526925,-0.062650308,0.00194997
0.044555869,-0.068525508,0.003191588
0.047540914,-0.074531302,0.004538972
0.050460935,-0.080738753,0.006038335
0.053322334,-0.087122157,0.007672823
0.056115419,-0.093688823,0.009446342
0.058840938,-0.100434899,0.011358271
0.061481088,-0.107353948,0.013413814
0.064041473,-0.114447609,0.015610744
0.066512711,-0.121709466,0.017946975
0.068891294,-0.129135042,0.020421254
0.071160018,-0.136695564,0.023025878
0.073311642,-0.14438042,0.025757702
0.075331315,-0.152154088,0.028605593
0.077206708,-0.160099983,0.031551212
0.078927875,-0.168128341,0.034585975
0.08048486,-0.176165551,0.037706163
0.081872009,-0.184182197,0.040893633
0.083078958,-0.192146331,0.044133075
0.084100917,-0.200021327,0.047396492
0.084939107,-0.207818061,0.050690409
0.085589185,-0.215521857,0.053989094
0.086051941,-0.223138869,0.057298318
0.086321585,-0.23066102,0.06059264
0.086399391,-0.238092512,0.063878283
0.086279832,-0.245440081,0.067134544
0.085893989,-0.252661675,0.07034713
0.085128494,-0.259680271,0.073457137
0.084292434,-0.26667124,0.076539621
0.08315739,-0.273548245,0.079506308
0.081956163,-0.280421823,0.082440808
0.080474459,-0.287283868,0.085239746
0.078931049,-0.294153959,0.088001236
0.077126138,-0.301060975,0.090604894
0.07526312,-0.307988733,0.093165703
0.073153853,-0.31500712,0.095545888
0.070990011,-0.322047263,0.097876236
0.068594903,-0.329181969,0.099996336
0.066181183,-0.336359978,0.102092251
0.063630737,-0.34363991,0.104043029
0.060982678,-0.350980699,0.105886392
0.058205813,-0.358394653,0.107558154
0.055312935,-0.365873158,0.109079808
0.052310087,-0.373392135,0.110434234
0.049195785,-0.380944103,0.111623965
0.045974959,-0.388427734,0.11262507
0.042647846,-0.395867437,0.113445401
0.039227255,-0.403177589,0.114077546
0.035709113,-0.410407126,0.114528015
0.032107402,-0.417476714,0.114798814
0.028421286,-0.424377322,0.11488694
0.024668271,-0.43105787,0.11480023
0.020843206,-0.437535822,0.114536509
0.016958304,-0.443795532,0.114102386
0.013017256,-0.449836969,0.11349953
0.00903521,-0.455679834,0.112733394
0.005019536,-0.461324662,0.111806758
0.000981687,-0.466790259,0.110719189
-0.003066487,-0.47208336,0.10947343
-0.007108135,-0.477204829,0.108068563
-0.011146569,-0.482152998,0.106505297
-0.015161741,-0.486920983,0.104786091
-0.019157076,-0.491511136,0.102911212
-0.023107203,-0.495922059,0.100887902
-0.027017443,-0.500156939,0.098715208
-0.0308617,-0.50423193,0.096403949
-0.034613896,-0.508063793,0.09391059
-0.038191088,-0.511502028,0.091192298
-0.041736789,-0.51488322,0.088444598
-0.045148931,-0.518022478,0.085573107
-0.048450362,-0.521003902,0.082622223
-0.051675253,-0.523877084,0.079617508
-0.054708503,-0.526507914,0.076512255
-0.057700023,-0.528034151,0.073265351
-0.060576286,-0.529358149,0.069974415
-0.063201874,-0.530277848,0.06665045
-0.065789789,-0.531136572,0.063321337
-0.068116173,-0.531570077,0.060004395
-0.070403263,-0.531939387,0.056689113
-0.072421856,-0.531899393,0.053424299
-0.074400112,-0.531797588,0.050166912
-0.076247297,-0.531530499,0.046944078
-0.077976525,-0.531114638,0.043752331
-0.079549305,-0.530540466,0.040613413
-0.080970772,-0.529810488,0.037524816
-0.082241945,-0.52893883,0.034498602
-0.083363235,-0.52792418,0.031533327
-0.084323995,-0.526738524,0.028650116
-0.085125327,-0.525384486,0.025846725
-0.085767902,-0.523855805,0.023130992
-0.086251535,-0.522148192,0.020507904
-0.086579025,-0.520251095,0.017985992
-0.08675164,-0.518156946,0.015572378
-0.086776458,-0.515886545,0.013266549
-0.086657733,-0.513446271,0.011072004
-0.086403981,-0.510866821,0.00898215
-0.086021788,-0.508167565,0.006995203
-0.085518248,-0.505356908,0.005104159
-0.084900372,-0.502449751,0.003304239
-0.084178239,-0.499408424,0.001590658
-0.083328672,-0.496619374,7.75E-06
-0.082370408,-0.493828684,-0.001463484
-0.081312731,-0.490860671,-0.002843806
-0.080166228,-0.487664044,-0.004122151
-0.078929745,-0.484244436,-0.005299656
-0.077618003,-0.480587035,-0.006363935
-0.076229416,-0.476693779,-0.007316337
-0.074707687,-0.472346127,-0.007993257
-0.073172681,-0.467948526,-0.008638232
-0.071585685,-0.463294148,-0.009119767
-0.069985971,-0.458559602,-0.009551498
-0.068356216,-0.453579694,-0.00983008
-0.066722512,-0.448495507,-0.010047926
-0.065083191,-0.443264574,-0.010179839
-0.063446812,-0.437944353,-0.010270145
-0.061814737,-0.432493269,-0.01029909
-0.060198791,-0.426891476,-0.010259563
-0.058598634,-0.421153247,-0.010155725
-0.057024781,-0.415308237,-0.00999084
-0.055479243,-0.409382284,-0.009770585
-0.053969309,-0.403421521,-0.009503623
-0.052500032,-0.397454232,-0.009198688
-0.051079359,-0.391525686,-0.008867865
-0.049721558,-0.385667384,-0.008531581
-0.048440017,-0.379912734,-0.008208776
-0.047251571,-0.374266833,-0.007921685
-0.046163928,-0.368716687,-0.007680033
-0.045188453,-0.363252968,-0.007498456
-0.044336561,-0.357856572,-0.007394634
-0.043608874,-0.352525771,-0.00737024
-0.043012496,-0.34724158,-0.007442884
-0.042619754,-0.342071116,-0.007678702
-0.042371523,-0.337002277,-0.008044085
-0.042221364,-0.332010418,-0.008507377
-0.042184751,-0.327128708,-0.009096974
-0.042260893,-0.322365552,-0.009821163
-0.042442236,-0.317697287,-0.010673299
-0.042744186,-0.313187808,-0.011682699
-0.043138079,-0.308775365,-0.012823055
-0.043643512,-0.304492027,-0.014133994
-0.044242829,-0.300323755,-0.01559311
-0.044912793,-0.296264917,-0.017171986
-0.045672935,-0.292345762,-0.01890366
-0.046504371,-0.288574904,-0.020766886
-0.047426809,-0.284993291,-0.022797963
-0.048416194,-0.281592041,-0.024963234
-0.049491037,-0.278420866,-0.027299723
-0.050593644,-0.275339305,-0.029696394
-0.051769085,-0.272490621,-0.032250356
-0.05301762,-0.269564807,-0.034966178
-0.054354146,-0.267012596,-0.037828635
-0.055758033,-0.264841735,-0.04082574
-0.057219341,-0.262929082,-0.043980405
-0.058736168,-0.261274517,-0.047292113
-0.060303193,-0.259886265,-0.050765764
-0.061919738,-0.258762747,-0.054398526
-0.063577421,-0.257909626,-0.058188912
-0.065270044,-0.257327199,-0.062133025
-0.066982657,-0.257022023,-0.06622164
-0.0687076,-0.257020056,-0.070452996
-0.070435539,-0.257284701,-0.074813411
-0.072154187,-0.257810056,-0.079293527
-0.073846146,-0.258579463,-0.083877914
-0.07550016,-0.259588212,-0.088558033
-0.077103823,-0.260824591,-0.093324468
-0.078636952,-0.262272179,-0.098159224
-0.080085784,-0.263916135,-0.103048511
-0.081446409,-0.26576066,-0.107992373
-0.082701787,-0.26776737,-0.112975635
-0.083848789,-0.269915193,-0.117987975
-0.08486896,-0.27216661,-0.123004258
-0.085763216,-0.274526834,-0.128021806
-0.086519159,-0.276976109,-0.133017331
-0.087135673,-0.279512823,-0.137984559
-0.08760161,-0.282119542,-0.142895758
-0.08781404,-0.284775048,-0.147694334
-0.08784759,-0.287416637,-0.152392358
-0.087751783,-0.290043533,-0.157003999
-0.087498926,-0.292623043,-0.161501035
-0.087076716,-0.295128226,-0.165865242
-0.086463466,-0.297616899,-0.170076236
-0.085692428,-0.30008617,-0.174147457
-0.084832713,-0.302562594,-0.178140953
-0.083852679,-0.305079579,-0.18202883
-0.082720131,-0.307662815,-0.185773879
-0.081429712,-0.310306817,-0.189359769
-0.079978369,-0.312991321,-0.19277291
-0.078365803,-0.315684319,-0.196001038
-0.076594234,-0.318331778,-0.199033484
-0.074665219,-0.320874244,-0.201862171
-0.072579153,-0.32326138,-0.204480067
-0.070334762,-0.325453788,-0.206882641
-0.067928508,-0.327434361,-0.209066644
-0.065355457,-0.329210907,-0.211028382
-0.06261123,-0.33080101,-0.212762669
-0.059691921,-0.332239449,-0.214260668
-0.056598436,-0.333547443,-0.215514317
-0.053336654,-0.334733069,-0.216514483
-0.049809288,-0.33562842,-0.217062578
-0.046178773,-0.336362571,-0.217408314
-0.042434763,-0.336887658,-0.217520759
-0.038589299,-0.337217182,-0.21741055
-0.034654859,-0.337319285,-0.217084095
-0.030641222,-0.337250113,-0.2165571
-0.026548032,-0.337011069,-0.215802297
-0.022418424,-0.336707056,-0.214924544
-0.018242784,-0.336320698,-0.213891193
-0.014023033,-0.335818648,-0.212670863
-0.009759244,-0.335202962,-0.211265847
-0.00546986,-0.334430635,-0.209680483
-0.001153901,-0.33350417,-0.207914814
0.003168068,-0.332366109,-0.205983222
0.007497267,-0.331019729,-0.203884915
0.01182089,-0.329417884,-0.201635152
0.016130367,-0.327530295,-0.199243292
0.020416347,-0.325329989,-0.196722314
0.02466931,-0.322786629,-0.194084167
0.028873114,-0.319904327,-0.191344947
0.033029865,-0.31668672,-0.188502207
0.037122034,-0.313180894,-0.185565993
0.041150626,-0.309384108,-0.182535693
0.045093287,-0.305349767,-0.179426685
0.048945621,-0.301184595,-0.176225528
0.052668981,-0.297193915,-0.172929406
0.056283057,-0.293025017,-0.169576585
0.059561558,-0.288614571,-0.166196182
0.062790647,-0.284179747,-0.16281727
0.065806217,-0.279644519,-0.159475923
0.068661153,-0.274881095,-0.156187952
0.071358122,-0.270096064,-0.15293467
0.073774166,-0.265307069,-0.149756387
0.076102465,-0.260521203,-0.146603778
0.078245319,-0.25574261,-0.143505409
0.08020103,-0.250980198,-0.140466079
0.081936076,-0.246243507,-0.137499541
0.08345557,-0.241537973,-0.134610116
0.084747396,-0.236873582,-0.131808847
0.085810624,-0.232248992,-0.129102409
0.086638249,-0.227667972,-0.126502723
0.087231532,-0.223123625,-0.124014571
0.087588124,-0.2186113,-0.121648476
0.08771053,-0.214123398,-0.119406097
0.087599963,-0.209650367,-0.117294364
0.087258101,-0.205188826,-0.115311675
0.086689167,-0.200723335,-0.113461845
0.085896224,-0.196254686,-0.111742906
0.084884688,-0.191784814,-0.110151172
0.083660655,-0.187317163,-0.108683355
0.082227238,-0.182859436,-0.107336044
0.080587536,-0.178432629,-0.106108546
0.078746341,-0.174060345,-0.104998432
0.076706618,-0.169752255,-0.104008369
0.074473567,-0.1655294,-0.103139661
0.072050937,-0.161398873,-0.102393717
0.069444872,-0.157378003,-0.101772547
0.066659845,-0.153469026,-0.101274796
0.063703187,-0.14968282,-0.100900225
0.060580209,-0.146018118,-0.100645021
0.057301711,-0.142371684,-0.100492761
0.053746048,-0.138994575,-0.100545838
0.050057855,-0.135766298,-0.100698717
0.046268702,-0.132687122,-0.10093452
0.042395476,-0.129732013,-0.101239391
0.038413204,-0.126964748,-0.101644233
0.03439372,-0.124261253,-0.102083251
0.030277921,-0.121750928,-0.102621324
0.026152587,-0.119260937,-0.103169903
0.021987844,-0.116866231,-0.103765272
0.017794861,-0.114541315,-0.104394041
0.013572289,-0.112304017,-0.105056502
0.009319742,-0.110166751,-0.105755135
0.005049619,-0.10817524,-0.106483281
0.000784086,-0.106192745,-0.107209988
-0.003454248,-0.104266085,-0.107927784
-0.007660539,-0.102384314,-0.108626626
-0.011818244,-0.100570872,-0.109296702
-0.015885439,-0.098414376,-0.109973773
-0.019912943,-0.096246645,-0.110634863
-0.02381891,-0.094210647,-0.111224912
-0.027684869,-0.092214465,-0.111791842
-0.031402968,-0.090361521,-0.11227376
-0.035087895,-0.088534392,-0.112735696
-0.038589172,-0.086853415,-0.113086954
-0.042052537,-0.085201479,-0.113414578
-0.045306053,-0.083713554,-0.11361143
-0.048544437,-0.082234994,-0.113798574
-0.051645581,-0.080847383,-0.113897882
-0.054647531,-0.079523295,-0.113933042
-0.057494085,-0.078284189,-0.11386279
-0.060204037,-0.07712169,-0.113700747
-0.062761784,-0.076032162,-0.113433994
-0.065169871,-0.075018682,-0.113065131
-0.067402624,-0.074095108,-0.112576753
-0.069468565,-0.07325612,-0.111974634
-0.07135769,-0.072499476,-0.111251831
-0.073067248,-0.071824871,-0.110406868
-0.074585393,-0.071232982,-0.10943605
-0.075906627,-0.070721842,-0.108336657
-0.07702557,-0.070276536,-0.107108675
-0.077935927,-0.069891997,-0.105749726
-0.078637838,-0.069541849,-0.104259662
-0.079126962,-0.069214635,-0.102637
-0.079408444,-0.068883292,-0.100881197
-0.079481639,-0.068526417,-0.098991551
-0.079357356,-0.068100981,-0.096970506
-0.079033233,-0.067621276,-0.094817534
-0.078522436,-0.067071453,-0.092535645
-0.077822164,-0.066458963,-0.090124652
-0.076949023,-0.065796301,-0.087591983
-0.075899057,-0.065082051,-0.084937014
-0.074689701,-0.064341426,-0.082176723
-0.073284879,-0.063846044,-0.079252288
-0.071589619,-0.063813947,-0.076111846
-0.069856398,-0.063797325,-0.072951846
-0.067913271,-0.063868456,-0.069683887
-0.065888539,-0.063966848,-0.06637466
-0.06371437,-0.064115547,-0.062989876
-0.061414827,-0.064309463,-0.059547581
-0.059014041,-0.064539827,-0.05605885
-0.056463223,-0.064812437,-0.052509762
-0.053863261,-0.065098658,-0.048940893
-0.051172622,-0.065360196,-0.045338064
-0.048410047,-0.065602116,-0.041708298
-0.045551602,-0.065820865,-0.03804652
-0.04260416,-0.066017583,-0.03435431
-0.039461095,-0.066296801,-0.030632306
-0.036310691,-0.066580385,-0.026909601
-0.033053644,-0.066974893,-0.023197416
-0.029752266,-0.067438863,-0.019504717
-0.026387427,-0.068006903,-0.015842818
-0.022946974,-0.068830661,-0.01220675
-0.019490372,-0.069683887,-0.008580282
-0.01598792,-0.070575997,-0.005023658
-0.012474635,-0.071477138,-0.001483502
-0.008939165,-0.072412007,0.00198003
-0.005398439,-0.073354699,0.00542549
-0.001858898,-0.074346974,0.008785999
0.001680389,-0.075350821,0.012126468
0.005195891,-0.076456718,0.015366687
0.00870581,-0.077586576,0.018583253
0.012196876,-0.078738034,0.021749891
0.015668491,-0.079911798,0.024865016
0.019106984,-0.081119224,0.02791968
0.022511831,-0.082360789,0.030913353
0.025829729,-0.083786823,0.033774316
0.029131532,-0.085251793,0.036612168
0.032363646,-0.086925775,0.039366193
0.035565969,-0.088687576,0.04208656
0.038671821,-0.090727516,0.044706967
0.041724499,-0.092861027,0.047281321
0.044707954,-0.095116362,0.049795739
0.047629796,-0.09746106,0.05226263
0.050471429,-0.099922098,0.054667667
0.053248763,-0.102467626,0.05702715
0.05594239,-0.105123155,0.05932736
0.058570616,-0.107860342,0.061585926
0.061113708,-0.110703856,0.063790299
0.063591145,-0.113627933,0.065959163
0.065983109,-0.116656914,0.068081826
0.068309516,-0.119766772,0.070176229
0.070550568,-0.122981928,0.072233871
0.072726265,-0.126279876,0.074270487
0.074816845,-0.129685596,0.076279752
0.076842494,-0.133175611,0.07827539
0.078783594,-0.136775389,0.080253303
0.080667466,-0.140440106,0.082226768
0.082476825,-0.144189373,0.084194481
0.084198229,-0.148070663,0.086164184
0.08586897,-0.152027994,0.088134989
0.087438568,-0.156101108,0.090124473
0.088983461,-0.160203889,0.092118919
0.09039747,-0.16449663,0.094151162
0.091783561,-0.168821245,0.096195333
0.093078412,-0.173250169,0.098278709
0.094315186,-0.177757353,0.100391306
0.095468223,-0.182519823,0.102559254
0.096523076,-0.187824875,0.104823209
0.097535178,-0.19318226,0.107113093
0.098455951,-0.198652506,0.109466136
0.099333748,-0.204176188,0.111850038
0.100120425,-0.209813863,0.114301331
0.100829519,-0.215535432,0.116812952
0.101485699,-0.221314162,0.119365685
0.102058329,-0.227157697,0.121985115
0.102573976,-0.233045354,0.124649994
0.103009842,-0.238955572,0.127381235
0.103391297,-0.244881094,0.130157709
0.103688911,-0.250803739,0.133002028
0.103929341,-0.256724358,0.1358926
0.104083486,-0.262666404,0.138835013
0.104178779,-0.268622965,0.141812757
0.104233801,-0.274588257,0.144809157
0.10421966,-0.280568689,0.147837654
0.104145169,-0.286553085,0.150891095
0.104004547,-0.29253605,0.153969988
0.103801988,-0.29850924,0.157070309
0.103538089,-0.3044644,0.16018939
0.103212439,-0.310406864,0.163321808
0.102824964,-0.316337049,0.166462541
0.102375552,-0.32224983,0.169611737
0.10186395,-0.328137755,0.172765121
0.101286203,-0.334000707,0.175919652
0.100636251,-0.339838177,0.179070503
0.099909924,-0.345654488,0.1822128
0.099100739,-0.35145846,0.18534027
0.098200984,-0.357243627,0.188447863
0.097200602,-0.363001585,0.191529751
0.096093498,-0.368737131,0.194578707
0.094872877,-0.374455005,0.197586402
0.093530878,-0.380145222,0.200538814
0.092066944,-0.385800898,0.20343022
0.090362512,-0.391402006,0.206165552
0.088552058,-0.396980077,0.208821625
0.086633585,-0.402511179,0.211389467
0.084611207,-0.407997102,0.21386911
0.082364395,-0.413386166,0.216140941
0.080088317,-0.41875726,0.218383521
0.077594645,-0.423998743,0.220410004
0.075074732,-0.42922163,0.222408399
0.072359793,-0.43430987,0.224199131
0.069635078,-0.439392507,0.225978434
0.066794068,-0.444414228,0.227623865
0.063873529,-0.449395984,0.229176745
0.060855661,-0.454348028,0.230606496
0.057746891,-0.459268123,0.231923655
0.054547343,-0.464172035,0.233122945
0.051257294,-0.469053566,0.23420614
0.047880262,-0.473906696,0.23517178
0.044415172,-0.478733718,0.236019924
0.040864326,-0.483534783,0.236745417
0.037226889,-0.488309801,0.237348422
0.033502977,-0.49305737,0.237810373
0.029692531,-0.497779071,0.238136739
0.0257954,-0.502489626,0.238309577
0.021811815,-0.507192135,0.238324478
0.01774542,-0.511896789,0.238161549
0.013597063,-0.516610086,0.237811476
0.009370668,-0.521336913,0.237268582
0.005068911,-0.52608186,0.236522824
0.000704813,-0.530815244,0.235579178
-0.003716996,-0.535535157,0.234431967
-0.008188578,-0.540216029,0.233093023
-0.012702295,-0.544845164,0.231563047
-0.017241653,-0.549391091,0.229863539
-0.021796614,-0.553833783,0.228002533
-0.026352081,-0.55814606,0.226002529
-0.030911349,-0.562337875,0.223857597
-0.035449363,-0.56640774,0.221592918
-0.039973527,-0.57035929,0.219200224
-0.044466022,-0.574224949,0.216688454
-0.048931334,-0.577994406,0.214055672
-0.053339839,-0.581837416,0.211333126
-0.057702415,-0.585652649,0.208506271
-0.062000025,-0.589389265,0.205583364
-0.066239603,-0.593044698,0.202559918
-0.0704059,-0.59661746,0.1994479
-0.074495398,-0.600107312,0.196249843
-0.078494847,-0.603514373,0.192972481
-0.082396373,-0.606837451,0.189620569
-0.086186737,-0.610066056,0.186192855
-0.089856304,-0.613198936,0.18269287
-0.093397781,-0.616248012,0.179112732
-0.096800789,-0.619211733,0.175453246
-0.100051589,-0.622087479,0.171713799
-0.103139922,-0.624876618,0.167893007
-0.106054023,-0.627579927,0.163988531
-0.108780876,-0.630196214,0.160001129
-0.111296415,-0.632708132,0.155953318
-0.113607965,-0.635120094,0.151839495
-0.115699045,-0.637411952,0.147686765
-0.117560938,-0.639565051,0.143515661
-0.119186439,-0.641561568,0.139345914
-0.120462224,-0.643286347,0.135208338
-0.121511735,-0.644814312,0.13110508
-0.122060686,-0.645863175,0.127099276
-0.122570641,-0.6468786,0.123103067
-0.122657157,-0.647521794,0.119211145
-0.122667752,-0.648106933,0.11534027
-0.122304767,-0.648402989,0.111572929
-0.121899039,-0.64867413,0.107818462
-0.121269405,-0.648811162,0.104131304
-0.120465614,-0.648850203,0.100491606
-0.119438127,-0.648777962,0.096901014
-0.118207566,-0.648603857,0.09335538
-0.11677523,-0.64833504,0.089848444
-0.115182072,-0.648795784,0.086467549
-0.113391928,-0.649385035,0.083136693
-0.111395679,-0.649863422,0.079829626
-0.109195799,-0.650216877,0.076538585
-0.106790639,-0.650429666,0.07326398
-0.104178578,-0.650481224,0.07000526
-0.101356596,-0.650371075,0.066773869
-0.098321527,-0.650094688,0.063580073
-0.095071904,-0.649667859,0.060443759
-0.091605566,-0.649098396,0.057381023
-0.087928511,-0.64839673,0.054409161
-0.084041983,-0.647571623,0.051544871
-0.079968147,-0.646630466,0.048807185
-0.075702049,-0.645567834,0.046190292
-0.071272135,-0.644345164,0.043696065
-0.066673152,-0.642967343,0.041322637
-0.061932735,-0.641382754,0.039062135
-0.057047453,-0.63959831,0.036913712
-0.05204197,-0.637570441,0.034863345
-0.046857566,-0.6351735,0.032960065
-0.041542765,-0.63244766,0.031168852
-0.036184791,-0.629558086,0.029433958
-0.030772122,-0.626461327,0.02777029
-0.025324328,-0.623113155,0.026200891
-0.019863347,-0.619667649,0.024668263
-0.014398807,-0.616028607,0.023256507
-0.008938716,-0.612391114,0.021861492
-0.003489168,-0.608596623,0.020525523
0.001946829,-0.604676545,0.019232804
0.007350144,-0.600597739,0.017982364
0.012700077,-0.596333385,0.016787946
0.017971819,-0.591919839,0.015641108
0.023212804,-0.587480843,0.014511243
0.028379606,-0.582979977,0.013422405
0.033432204,-0.57845819,0.012425495
0.038414713,-0.573919952,0.011488113
0.043272924,-0.569344401,0.010663467
0.048014235,-0.56474328,0.009945431
0.052686162,-0.560124695,0.00929087
0.057252016,-0.555448771,0.008736886
0.061730709,-0.550727129,0.008263362
0.066061825,-0.545944333,0.007901496
0.070236318,-0.541107953,0.007656809
0.07410001,-0.536264002,0.007595432
0.077932306,-0.531429112,0.007548217
0.081506498,-0.526671946,0.00761743
0.08496201,-0.521955788,0.007736247
0.088214636,-0.517309844,0.007939858
0.091246657,-0.512710333,0.008227427
0.094149016,-0.508137882,0.008564357
0.09681879,-0.503602445,0.008977058
0.099351875,-0.499088466,0.009434312
0.101640686,-0.494622618,0.009956429
0.103785947,-0.490184695,0.010516689
0.105682507,-0.485826075,0.011132342
0.107420661,-0.481738538,0.011805562
0.109045275,-0.477663785,0.012501804
0.110492006,-0.473603755,0.013233496
0.111763716,-0.46955207,0.013999403
0.112838529,-0.465507209,0.01480349
0.113727398,-0.461480588,0.015645636
0.11442861,-0.457478166,0.016527219
0.114936724,-0.453538954,0.017450811
0.11524801,-0.449687302,0.018418381
0.115163729,-0.446217746,0.019486472
0.114923462,-0.442855507,0.020607064
0.11451216,-0.439791113,0.021781776
0.113973379,-0.4369528,0.022996906
0.113180324,-0.434600115,0.024293173
0.112230442,-0.432523251,0.025638852
0.111158185,-0.430661321,0.027023086
0.109929092,-0.429056942,0.028448129
0.108577609,-0.427653223,0.029905016
0.10707432,-0.426490039,0.03139253
0.10545256,-0.425514251,0.032903947
0.103689514,-0.424760878,0.034433983
0.101816215,-0.424180776,0.035978548
0.099885643,-0.423679978,0.037528511
0.097848415,-0.423327953,0.039088488
0.095719174,-0.423093796,0.040651459
0.093487121,-0.422983825,0.042213548
0.091163754,-0.422993094,0.043772757
0.088753887,-0.42312032,0.045325514
0.086261168,-0.423377603,0.046868265
0.083691031,-0.423774898,0.04839623
0.081045672,-0.424315035,0.049909413
0.07834629,-0.425244838,0.051429495
0.075599149,-0.426537812,0.052950434
0.072808579,-0.428030103,0.054448627
0.069985934,-0.429726869,0.055923037
0.067147218,-0.431631833,0.05737365
0.064304672,-0.433744371,0.058799118
0.061472215,-0.43605265,0.060198929
0.058659211,-0.438551784,0.061570916
0.055872381,-0.441227138,0.062912226
0.053117983,-0.444067329,0.064217784
0.050392326,-0.447067261,0.06548433
0.047693674,-0.450222343,0.066709623
0.045019403,-0.453525603,0.06789007
0.042369012,-0.456966221,0.069022641
0.039742578,-0.460537076,0.070105433
0.037145209,-0.464202285,0.07113155
0.034578938,-0.467954576,0.072099611
0.032048006,-0.47177124,0.073005117
0.02956065,-0.475611538,0.073839657
0.027148234,-0.479443729,0.074556284
0.024832277,-0.483198732,0.075126767
0.022555115,-0.486897916,0.075646117
0.020377044,-0.490454674,0.07603512
0.018242665,-0.493946105,0.076374106
0.016219858,-0.497270644,0.076585606
0.014244778,-0.500564218,0.07674291
0.012392486,-0.503734767,0.076767296
0.010559983,-0.506876051,0.076773092
0.008817825,-0.509882987,0.076694436
0.007146246,-0.512786388,0.076549597
0.005576243,-0.515545011,0.076308973
0.004097214,-0.518172979,0.075984627
0.002671692,-0.519824088,0.075482771
0.001340905,-0.521280885,0.074890673
0.000116297,-0.522574365,0.074211158
-0.001005334,-0.523712337,0.073445745
-0.002022958,-0.524680436,0.072594769
-0.00293718,-0.52547437,0.071660481
-0.003751738,-0.526081085,0.070654094
-0.004468442,-0.526495755,0.069580756
-0.005095557,-0.526723444,0.068458781
-0.005636867,-0.526762128,0.067297019
-0.006101551,-0.526629806,0.066111639
-0.006495043,-0.526330471,0.064912893
-0.006824134,-0.525883377,0.063705713
-0.007095946,-0.525297701,0.062498104
-0.007314674,-0.524578393,0.061281156
-0.007478984,-0.523723781,0.060055453
-0.007590936,-0.52273643,0.058811419
-0.007649675,-0.521616995,0.05755154
-0.007655141,-0.520371258,0.056270923
-0.007607315,-0.518996894,0.054973118
-0.00750606,-0.517493725,0.053663719
-0.007323653,-0.515776575,0.052347444
-0.007051322,-0.513796329,0.05104401
-0.006750953,-0.511714816,0.049751293
-0.00637904,-0.509374082,0.04848589
-0.005981666,-0.506921053,0.047237378
-0.005519331,-0.504180551,0.046031915
-0.005034459,-0.501319945,0.044851415
-0.004492105,-0.498152256,0.043734547
-0.00394221,-0.494933814,0.042629469
-0.003358081,-0.491482913,0.041578002
-0.002750208,-0.487848967,0.040572047
-0.002117589,-0.483947039,0.0396428
-0.001462355,-0.479804635,0.03878177
-0.0007907,-0.475397676,0.038003545
-0.000102342,-0.470734626,0.037308142
0.00059477,-0.465811223,0.036716484
0.001302119,-0.460603386,0.03622517
0.002012477,-0.455070764,0.035848901
0.002724689,-0.449280471,0.035581864
0.00343133,-0.443260968,0.03542614
0.004128719,-0.43702206,0.035382442
0.004812583,-0.430596918,0.035438426
0.005479102,-0.424001455,0.035590999
0.006128063,-0.417253882,0.035821147
0.006757456,-0.410372317,0.03611704
0.007372265,-0.403354317,0.03645758
0.00797268,-0.396198779,0.036846612
0.008566133,-0.388900757,0.037266411
0.00915173,-0.381463856,0.037720673
0.00973689,-0.373893678,0.038197152
0.01032016,-0.366192997,0.038698509
0.010906952,-0.358379573,0.039216667
0.011495779,-0.350452721,0.039753042
0.01208907,-0.34243539,0.040301111
0.012685655,-0.334324539,0.040861644
0.013284818,-0.326142162,0.041428052
0.013886338,-0.317882389,0.042001817
0.01448756,-0.309560895,0.042576998
0.015087404,-0.301181167,0.043151762
0.015682114,-0.292750865,0.043720733
0.016269825,-0.284276217,0.044280488
0.01684743,-0.275760919,0.044825867
0.017412404,-0.267211497,0.045351923
0.017961735,-0.258634239,0.045849804
0.018492857,-0.250035912,0.046312783
0.019003708,-0.241427004,0.046727441
0.019491347,-0.232819363,0.047079939
0.019953957,-0.224232689,0.047346126
0.020392165,-0.215667173,0.047526773
0.020805322,-0.207152456,0.047588918
0.021194052,-0.198684692,0.047536846
0.021559646,-0.190292671,0.047338497
0.021902522,-0.181969881,0.046999127
0.022226034,-0.173734322,0.046491429
0.02253009,-0.165579572,0.04582027
0.022819199,-0.157508403,0.044963781
0.023092717,-0.149518594,0.043925986
0.023354836,-0.141606003,0.042689808
0.023599444,-0.133864045,0.041268621
0.023827171,-0.1263313,0.039653324
0.024037609,-0.118945695,0.037727099
0.024227928,-0.111753769,0.035452463
0.024408875,-0.104623444,0.033073429
0.024565525,-0.09764944,0.030428344
0.024697071,-0.090780988,0.027590886
0.024803719,-0.084017277,0.024562659
0.024861274,-0.077185601,0.02126885
0.024889706,-0.070129678,0.017850682
0.024889797,-0.063150182,0.01427898
0.024865231,-0.056236096,0.01057612
0.024805237,-0.049405925,0.006704165
0.024713038,-0.042652804,0.002679259
0.02458735,-0.035976596,-0.00149371
0.02442969,-0.02937378,-0.005805219
0.02424085,-0.022841599,-0.010246489
0.024020538,-0.016377836,-0.01481416
0.023768729,-0.009979726,-0.019502666
0.023480855,-0.00364419,-0.02432126
0.023154899,0.002631491,-0.029271513
0.022784898,0.008850578,-0.034368724
0.022366749,0.01501672,-0.039620899
0.021894485,0.021134662,-0.045041941
0.021364983,0.027207894,-0.050634623
0.020775059,0.033240192,-0.056401368
0.020125469,0.039235782,-0.062316693
0.019416945,0.045193166,-0.068378024
0.018656038,0.05110582,-0.074529558
0.017842432,0.056970999,-0.080770127
0.016980581,0.062776901,-0.087052278
0.016070537,0.068518311,-0.093364581
0.01511376,0.074187078,-0.099682257
0.014059877,0.079779275,-0.105946712
0.012987535,0.085361436,-0.112193055
0.011840075,0.090917908,-0.11833895
0.010657708,0.09646932,-0.12441992
0.009428118,0.102014244,-0.13041319
0.008139963,0.107522346,-0.136269778
0.006824044,0.113024548,-0.142046928
0.005454545,0.118535019,-0.147648409
0.004049518,0.124068588,-0.15310207
0.002622426,0.129616201,-0.158463523
0.001165724,0.135169059,-0.16368185
-0.000313699,0.140726656,-0.168789491
-0.001819125,0.146351084,-0.17371048
-0.003349368,0.152022287,-0.178470165
-0.004897512,0.157801971,-0.18304643
-0.006465802,0.163670897,-0.187446371
-0.008046624,0.169748351,-0.191642582
-0.009642506,0.175994888,-0.195644185
-0.011248827,0.182481945,-0.199438378
-0.012864661,0.189223841,-0.20302251
-0.014487432,0.196253091,-0.206383929
-0.016115159,0.203598782,-0.209516034
-0.017747274,0.21126014,-0.212411955
-0.019381914,0.219260395,-0.215063766
-0.021014437,0.227537856,-0.217458099
-0.022642685,0.236094207,-0.219586179
-0.024261292,0.24488762,-0.221437275
-0.025866913,0.253898293,-0.223001286
-0.027448259,0.263078004,-0.224265397
-0.028996564,0.272386849,-0.22521773
-0.03049596,0.281818658,-0.225855157
-0.031935818,0.29133603,-0.226167232
-0.033300821,0.30091992,-0.226160705
-0.034591831,0.310581118,-0.225839764
-0.035801921,0.320306361,-0.225214332
-0.036931694,0.330011487,-0.224307358
-0.03798097,0.33970806,-0.223123133
-0.038947519,0.349461228,-0.221664131
-0.039829671,0.359290302,-0.219943002
-0.040556684,0.369293511,-0.217786625
-0.041217361,0.379396349,-0.215469733
-0.041784052,0.389662683,-0.212952018
-0.042238005,0.400145471,-0.210228756
-0.042533901,0.410958439,-0.207254842
-0.042807031,0.421821505,-0.204250485
-0.042922713,0.433021814,-0.20103696
-0.04298003,0.444318235,-0.197751135
-0.042916931,0.455811381,-0.194316417
-0.042769946,0.467398018,-0.190782636
-0.042547565,0.479068935,-0.187159777
-0.042191688,0.490789354,-0.183407873
-0.041771166,0.502534926,-0.17959778
-0.04122936,0.514328063,-0.175707459
-0.040567581,0.526152849,-0.171762973
-0.039859351,0.53799051,-0.167798355
-0.039025825,0.54986465,-0.163791984
-0.038069319,0.561630368,-0.159741625
-0.036989886,0.573312342,-0.155659005
-0.035800204,0.584894598,-0.151555985
-0.034489181,0.596336067,-0.147446364
-0.033053845,0.607625186,-0.143354997
-0.031491209,0.6187644,-0.139307424
-0.02979666,0.629761338,-0.135336846
-0.027965624,0.640622616,-0.131474584
-0.025995567,0.651349604,-0.127740517
-0.023885777,0.661937356,-0.124152079
-0.021611912,0.672347307,-0.120757721
-0.019185914,0.682574809,-0.117566384
-0.016653266,0.692674041,-0.114540979
-0.013979753,0.702605128,-0.111772925
-0.011218657,0.712429583,-0.109187156
-0.008367168,0.722140551,-0.106808275
-0.005428868,0.731726885,-0.104655825
-0.002414878,0.74119246,-0.102720082
0.000664415,0.75052774,-0.100990951
0.003788104,0.759751618,-0.099413022
0.006958123,0.768844187,-0.097999498
0.010179791,0.777759552,-0.096782856
0.013460654,0.786441505,-0.095806286
0.016781487,0.79489404,-0.095029712
0.020137193,0.803110123,-0.094454564
0.023522656,0.811113,-0.094067156
0.0269337,0.818932176,-0.09384802
0.030372173,0.826555729,-0.093811177
0.033842277,0.833954692,-0.093985505
0.037343904,0.84112376,-0.09437681
0.040878367,0.848048329,-0.094999969
0.044442639,0.854737937,-0.095848799
0.048034955,0.861195326,-0.096923128
0.051651243,0.867428303,-0.0982209
0.055287909,0.873443365,-0.099740595
0.058938969,0.879249692,-0.101477571
0.062598743,0.884856403,-0.103427932
0.066259988,0.890277505,-0.105584726
0.069915287,0.895526826,-0.107941464
0.073560521,0.900598407,-0.110491961
0.077183731,0.905498445,-0.113221534
0.080772221,0.910236895,-0.116112612
0.084315345,0.914814055,-0.119146675
0.087801598,0.919228315,-0.122301824
0.091218404,0.923473895,-0.125552177
0.094549522,0.927538872,-0.12886329
0.097790919,0.931420505,-0.132226586
0.100927137,0.935099483,-0.135609731
0.10395965,0.938577533,-0.139015794
0.10687004,0.941826224,-0.142407075
0.109666251,0.944727063,-0.145773858
0.112328082,0.947368503,-0.149099037
0.114856757,0.949757338,-0.15238601
0.117245607,0.951879144,-0.155619636
0.119490355,0.953724802,-0.15879035
0.121587619,0.955290735,-0.1618907
0.123533271,0.956570029,-0.164911568
0.125325724,0.957568467,-0.167851552
0.12696217,0.958285689,-0.170705512
0.128440782,0.958735824,-0.173475564
0.129759356,0.95892626,-0.176160574
0.130915329,0.958877027,-0.178763404
0.13190639,0.958602488,-0.181285247
0.132729307,0.958125949,-0.183726773
0.133380845,0.957472086,-0.186089024
0.133856654,0.95666945,-0.188365445
0.13415198,0.955750346,-0.190549225
0.134262159,0.954749048,-0.192626998
0.134182185,0.953697562,-0.194581285
0.133905187,0.952615917,-0.196387663
0.133429185,0.951505959,-0.198030338
0.132746831,0.950323462,-0.199489802
0.131498009,0.944412172,-0.199947119
0.12974833,0.936543882,-0.199997559
0.127493724,0.928767145,-0.199955553
0.125095248,0.921103001,-0.19988133
0.122424543,0.913649261,-0.199746102
0.119498946,0.906538963,-0.199537307
0.116455331,0.899590492,-0.19929409
0.113226704,0.892946839,-0.198981956
0.109847464,0.886572659,-0.198610798
0.106288843,0.880564928,-0.198162869
0.102572389,0.874922395,-0.197639257
0.098703414,0.869661689,-0.197037846
0.094697982,0.864871681,-0.196355417
0.090552665,0.860528946,-0.195591956
0.086296588,0.856670141,-0.194724619
0.081920691,0.853281379,-0.193759665
0.077446461,0.850344002,-0.192663446
0.0728672,0.847859681,-0.191445261
0.068198591,0.845737517,-0.190056428
0.063435443,0.844005764,-0.188512608
0.058585163,0.842582166,-0.186780453
0.053649314,0.841447711,-0.184853256
0.048633177,0.840506792,-0.182714999
0.04354015,0.839714766,-0.180352479
0.038373105,0.839039385,-0.17776984
0.03313636,0.838424921,-0.174957767
0.027843459,0.837801218,-0.17194283
0.022490935,0.83719331,-0.168718591
0.017104032,0.836603701,-0.165339768
0.011675186,0.836032927,-0.161789238
0.006228796,0.835511148,-0.15810588
0.000757855,0.835030138,-0.154277802
-0.004708235,0.83463937,-0.150337979
-0.010178057,0.834325075,-0.146276161
-0.015618886,0.834159434,-0.142117217
-0.021040414,0.834119737,-0.137853265
-0.026408944,0.834255755,-0.133499816
-0.031723589,0.834576845,-0.12904194
-0.036851589,0.835327029,-0.124413803
-0.041965526,0.836099148,-0.119777717
-0.046899077,0.837153494,-0.115035027
-0.051728599,0.838311851,-0.110249206
-0.056395937,0.839632213,-0.105395958
-0.060868744,0.84110409,-0.100484893
-0.065252572,0.842642605,-0.095548883
-0.069337256,0.844327748,-0.090566494
-0.073375456,0.846036673,-0.085580058
-0.077240668,0.847833574,-0.080578111
-0.080950104,0.849684417,-0.075575113
-0.08443886,0.851559162,-0.070597328
-0.087730356,0.853457212,-0.065643847
-0.090813853,0.855345428,-0.060740296
-0.093685627,0.857198179,-0.055891365
-0.096324958,0.858916759,-0.051135976
-0.098739296,0.860528529,-0.046464365
-0.10092324,0.861977994,-0.041902345
-0.102875598,0.863241494,-0.037457488
-0.104593992,0.864253283,-0.033147745
-0.106078722,0.864977419,-0.028983375
-0.107335903,0.865398407,-0.024961205
-0.108366832,0.865527213,-0.021079721
-0.109180979,0.865370095,-0.017333269
-0.109779716,0.864937186,-0.013722342
-0.110176452,0.864260316,-0.010242176
-0.110371202,0.863343835,-0.006894425
-0.110378206,0.862232685,-0.003678159
-0.110086188,0.860797465,-0.000679575
-0.109536298,0.859089136,0.002117261
-0.108889043,0.857299149,0.004843374
-0.108061694,0.855357707,0.007438608
-0.107047059,0.853279531,0.009915967
-0.105933078,0.851129115,0.012330821
-0.104573369,0.848853827,0.01461242
-0.103136577,0.846538961,0.016856283
-0.101511896,0.844126821,0.019009842
-0.099747121,0.84161377,0.021108197
-0.097873285,0.839022338,0.023163576
-0.095764361,0.836198568,0.025151923
-0.093618743,0.833338916,0.027129781
-0.091224946,0.830112755,0.029069547
-0.088792428,0.826829851,0.031003335
-0.086114697,0.823068261,0.032944031
-0.083398715,0.819232523,0.03488576
-0.080563903,0.815169454,0.036849525
-0.077621184,0.810899973,0.038833294
-0.074552953,0.806363761,0.040864799
-0.071361944,0.801568389,0.042941287
-0.06805639,0.796454608,0.045084678
-0.064635821,0.791028619,0.047292687
-0.061106805,0.785199046,0.049589016
-0.057468701,0.77897495,0.051971264
-0.053737037,0.77226907,0.054473992
-0.049910329,0.765090346,0.057093792
-0.046001546,0.757377207,0.059863918
-0.042009354,0.749136209,0.062780976
-0.037949655,0.740362525,0.065878078
-0.033820864,0.731057346,0.069151856
-0.029630788,0.7212286,0.072618738
-0.025384275,0.710879862,0.076288953
-0.021103123,0.700090766,0.080187589
-0.016784737,0.688853562,0.084311105
-0.01244943,0.677249432,0.088663436
-0.008096706,0.6652385,0.093268409
-0.00375629,0.652596056,0.098328844
0.000574394,0.639851391,0.103476159
0.004878071,0.626823902,0.108863883
0.009147181,0.613585889,0.114460789
0.013395772,0.600225508,0.120179623
0.01758546,0.586611688,0.126163751
0.021743312,0.572900653,0.132254526
0.025854437,0.559047163,0.138501734
0.029885763,0.544975817,0.144940197
0.03389528,0.530844688,0.151431054
0.03781477,0.516485214,0.158074766
0.04170965,0.502062976,0.164760396
0.045497525,0.487356812,0.171561942
0.049256146,0.472572654,0.178395301
0.052894223,0.457450151,0.185297742
0.056458812,0.441537708,0.192296281
0.059952889,0.425368816,0.1993182
0.063373856,0.408984721,0.206358492
0.066702053,0.392345428,0.213398233
0.069934651,0.375444204,0.220435977
0.073064901,0.358283579,0.227451757
0.076091699,0.340862572,0.234443516
0.079002768,0.323206753,0.241384909
0.08179681,0.305318207,0.248273209
0.084468924,0.287224561,0.255095631
0.087013632,0.268949151,0.261838913
0.089426003,0.250525206,0.268481433
0.091700517,0.231985211,0.275002748
0.093826085,0.213390291,0.281368256
0.095802814,0.194739819,0.287578672
0.097622447,0.176093832,0.293608785
0.099284127,0.157458425,0.299455911
0.100783259,0.138915196,0.305089891
0.102119267,0.12047255,0.310507536
0.1032921,0.102182634,0.315686017
0.104301654,0.084051616,0.320622683
0.105149262,0.066114321,0.325301886
0.105835766,0.048405208,0.329708219
0.106364779,0.030966036,0.333818585
0.106740437,0.013827473,0.337611228
0.106956288,-0.002960411,0.341037661
0.106881112,-0.019031642,0.343758672
0.106710881,-0.034872413,0.346249014
0.106418967,-0.050418291,0.348444164
0.105818905,-0.065263629,0.349916935
0.105216734,-0.080105327,0.351385325
0.104335159,-0.094391741,0.352198005
0.103451423,-0.108674474,0.353006393
0.102281839,-0.122406997,0.353174746
0.101005673,-0.135936886,0.353112608
0.099582069,-0.149186283,0.352731496
0.097949512,-0.16204688,0.35191372
0.096214153,-0.174718633,0.350885302
0.09429165,-0.187049404,0.349478096
0.092210218,-0.199091166,0.347756982
0.090039782,-0.210970834,0.345859915
0.087733738,-0.222598642,0.34368661
0.085321926,-0.234030038,0.341297448
0.082766861,-0.245196879,0.338605523
0.080081925,-0.256122231,0.335641414
0.077272899,-0.26679346,0.332410753
0.074338391,-0.2772156,0.328912407
0.071290627,-0.287402302,0.325163245
0.068126313,-0.297349751,0.321158618
0.064868711,-0.307167023,0.316933453
0.061523456,-0.317068309,0.312504649
0.058098119,-0.326777458,0.307861894
0.054580897,-0.336275488,0.302986056
0.050965212,-0.345522404,0.297842771
0.047300786,-0.354603499,0.292534798
0.043583695,-0.363464326,0.287009746
0.039817508,-0.372026175,0.281211376
0.036028981,-0.380390674,0.275255382
0.032221507,-0.388548523,0.269147217
0.028394971,-0.39639473,0.262846738
0.02455462,-0.403978705,0.256415874
0.02070193,-0.411360025,0.249900475
0.016836824,-0.418550253,0.243319407
0.012956767,-0.425445229,0.236684889
0.009068081,-0.432102114,0.230041996
0.005175295,-0.438643515,0.223395228
0.001276987,-0.44489181,0.2167539
-0.002623922,-0.450921625,0.210136414
-0.006526262,-0.456733912,0.203563839
-0.010429185,-0.462327063,0.197062463
-0.014331741,-0.467727095,0.190650672
-0.018229693,-0.472893387,0.184374347
-0.022117531,-0.477868855,0.1782251
-0.025980424,-0.482628852,0.172222748
-0.029802764,-0.487195492,0.166352272
-0.033551417,-0.49157396,0.160611212
-0.037244182,-0.495847762,0.154944062
-0.0408566,-0.500014305,0.149360046
-0.044378582,-0.504095137,0.143854082
-0.047802232,-0.508108079,0.138425186
-0.05114292,-0.512079,0.13305904
-0.054390248,-0.516013741,0.127762645
-0.057537109,-0.519913435,0.12254405
-0.060573936,-0.523776829,0.117412023
-0.063499831,-0.527599871,0.112371162
-0.066312686,-0.531380355,0.107424557
-0.069007285,-0.535099506,0.1025794
-0.071583048,-0.538754642,0.097832948
-0.074035034,-0.542328835,0.093184717
-0.076358207,-0.54581672,0.088626988
-0.078549877,-0.549215138,0.084156223
-0.080600455,-0.552530527,0.079755448
-0.08251036,-0.555765986,0.075424403
-0.08427158,-0.558935285,0.071146533
-0.085876204,-0.562063158,0.0669019
-0.087322623,-0.565155327,0.062685803
-0.088604398,-0.56822741,0.058478564
-0.089721158,-0.571273625,0.054277543
-0.090668879,-0.574293077,0.050068133
-0.091444656,-0.577273428,0.045836322
-0.092047416,-0.58021158,0.041577622
-0.092493862,-0.582678258,0.037229333
-0.092769183,-0.584917068,0.032809597
-0.092861034,-0.587089121,0.028320568
-0.092767328,-0.589191973,0.023750955
-0.092482209,-0.591161847,0.019081764
-0.092007823,-0.59305793,0.014311308
-0.091343366,-0.594885051,0.009432574
-0.090489477,-0.596650362,0.004444065
-0.089448728,-0.598359525,-0.000652456
-0.088222161,-0.600012481,-0.005854627
-0.086815268,-0.601610899,-0.011152657
-0.085229628,-0.603156865,-0.016544983
-0.08346907,-0.604653597,-0.0220262
-0.081537798,-0.606112182,-0.027593026
-0.079436496,-0.607535481,-0.033245329
-0.077169098,-0.608939588,-0.03898222
-0.074735962,-0.61032927,-0.044804391
-0.072138801,-0.61171478,-0.050712131
-0.069379017,-0.613099039,-0.056706671
-0.066457033,-0.614482582,-0.062787622
-0.063375369,-0.615869582,-0.068953536
-0.060135379,-0.61725688,-0.075203329
-0.056739014,-0.618642986,-0.081535622
-0.053191084,-0.620023489,-0.087945141
-0.049492374,-0.62139535,-0.094430625
-0.045648675,-0.622743905,-0.100984178
-0.04166396,-0.624050856,-0.107600383
-0.037522137,-0.625710309,-0.114226706
-0.033221748,-0.627852499,-0.120838143
-0.028793465,-0.629793227,-0.12747708
-0.02424719,-0.631629229,-0.134142011
-0.019589623,-0.633350849,-0.140821025
-0.01482956,-0.634950042,-0.147497386
-0.009975228,-0.636417031,-0.154155627
-0.005030749,-0.637745678,-0.160788178
-9.19E-06,-0.638918519,-0.167370766
0.005081193,-0.639921367,-0.17388846
0.010227809,-0.640732586,-0.18031843
0.01542063,-0.641332567,-0.186643273
0.020648083,-0.641695797,-0.192844063
0.02589873,-0.641798735,-0.198905244
0.031161554,-0.641624689,-0.204814136
0.036425613,-0.641164005,-0.210562944
0.041687142,-0.640287817,-0.216161668
0.046802398,-0.640910625,-0.221150026
0.051837873,-0.642636657,-0.225439027
0.056889422,-0.643888116,-0.229293093
0.061933484,-0.644858718,-0.232951939
0.066962086,-0.64550513,-0.236408308
0.07192342,-0.645407975,-0.239505664
0.076867722,-0.645192921,-0.242560163
0.081685871,-0.644122779,-0.245300829
0.086484946,-0.642947853,-0.248008132
0.091142863,-0.641013086,-0.250471115
0.095772132,-0.638947904,-0.252900541
0.10018988,-0.635934353,-0.255084127
0.1045615,-0.632763982,-0.257233024
0.108593255,-0.628451467,-0.259127587
0.112584732,-0.624035537,-0.260995865
0.116279446,-0.618868589,-0.262671351
0.11984285,-0.613432765,-0.264272451
0.123165503,-0.607505381,-0.265737265
0.126253754,-0.6011976,-0.267092228
0.129178286,-0.5946545,-0.26836589
0.131804347,-0.587712407,-0.269518077
0.134342849,-0.580649793,-0.270638019
0.136492297,-0.573114097,-0.271648496
0.13852185,-0.565465331,-0.272638649
0.140251592,-0.557535887,-0.273577988
0.141761467,-0.549454272,-0.274502426
0.143067569,-0.541231573,-0.275413066
0.144053891,-0.532845736,-0.276330501
0.144934863,-0.52440542,-0.27725023
0.145349681,-0.515821159,-0.278224885
0.145665854,-0.507204473,-0.279216677
0.145653963,-0.49848187,-0.280266613
0.145454317,-0.489685148,-0.281356931
0.145026833,-0.480798662,-0.282496274
0.144316807,-0.471791714,-0.283699602
0.143476814,-0.462728828,-0.284932435
0.14226076,-0.45351094,-0.286246151
0.140950039,-0.44425571,-0.287578434
0.139296561,-0.434872478,-0.288974136
0.137471482,-0.425447553,-0.290393233
0.13537173,-0.415956497,-0.291849762
0.133107051,-0.406443089,-0.293318033
0.130578399,-0.396894544,-0.29480508
0.127894059,-0.387341619,-0.296291828
0.124960557,-0.377782255,-0.29777801
0.12188296,-0.368238419,-0.299252123
0.118574724,-0.358719975,-0.300706863
0.115212113,-0.349199742,-0.302153021
0.111680463,-0.339675933,-0.303572327
0.108017519,-0.330151111,-0.304966301
0.104196392,-0.32062915,-0.306321114
0.100143977,-0.311216086,-0.30761078
0.095910519,-0.301975191,-0.308839053
0.091602027,-0.292890489,-0.310028881
0.087173492,-0.284056276,-0.311157137
0.082651362,-0.275532186,-0.312210768
0.078066133,-0.267216831,-0.313214153
0.073391005,-0.259295762,-0.314104736
0.068694785,-0.251466423,-0.314969033
0.063946694,-0.244073272,-0.315707713
0.059186421,-0.236781627,-0.316417128
0.054414023,-0.229943335,-0.316999912
0.049638741,-0.223210603,-0.317553133
0.044888459,-0.216941461,-0.317981184
0.040143982,-0.210780308,-0.318380028
0.035424128,-0.204807788,-0.318715364
0.030732861,-0.198891044,-0.318969041
0.02609073,-0.193204761,-0.319156468
0.021498546,-0.187750489,-0.319277316
0.016970901,-0.182556406,-0.319333225
0.012508084,-0.177618504,-0.319324762
0.008130376,-0.172952726,-0.319262326
0.003838482,-0.168560386,-0.319146156
-0.000359781,-0.164445803,-0.318980724
-0.004456858,-0.16061613,-0.318769693
-0.008440635,-0.157085285,-0.318515599
-0.012300086,-0.153865278,-0.318221539
-0.016026665,-0.150946543,-0.31788367
-0.019610684,-0.148327261,-0.317500561
-0.023045093,-0.145988584,-0.317066044
-0.026321976,-0.143916681,-0.316575378
-0.029435497,-0.142099679,-0.316026211
-0.032379225,-0.140524104,-0.315415144
-0.035142779,-0.139205799,-0.31475243
-0.037727069,-0.138147593,-0.314038992
-0.040126294,-0.137363568,-0.313289493
-0.042340264,-0.136854276,-0.312504411
-0.04436449,-0.136613786,-0.311702222
-0.046198819,-0.136642039,-0.310883552
-0.047840804,-0.136898637,-0.310064495
-0.049290355,-0.137382463,-0.309245616
-0.050301325,-0.138139993,-0.308458418
-0.051236413,-0.138928965,-0.307678998
-0.051869381,-0.139763489,-0.306908816
-0.052431673,-0.140608624,-0.30614078
-0.052696005,-0.141433045,-0.305362552
-0.052890632,-0.142252609,-0.30458194
-0.0527886,-0.1430078,-0.303785771
-0.052617181,-0.143747985,-0.302985966
-0.052148946,-0.144397959,-0.302170515
-0.051611289,-0.145026922,-0.301351398
-0.050777961,-0.145565391,-0.300512642
-0.049863726,-0.146313682,-0.29964301
-0.048619822,-0.147787482,-0.298656732
-0.047308337,-0.149243787,-0.297664434
-0.045860589,-0.15069817,-0.296648324
-0.044272631,-0.152150616,-0.295607656
-0.042517629,-0.153626412,-0.29453373
-0.040594202,-0.155126348,-0.293426245
-0.038510546,-0.156670868,-0.292276561
-0.036266692,-0.158260748,-0.291084409
-0.033861119,-0.159878626,-0.289839953
-0.031293783,-0.161524162,-0.288542867
-0.028569575,-0.163199604,-0.287189841
-0.025691587,-0.164905071,-0.285777539
-0.022669258,-0.166625485,-0.284294337
-0.019510046,-0.168350965,-0.282731295
-0.016226223,-0.170077354,-0.28107518
-0.012828716,-0.171797916,-0.279313833
-0.009331211,-0.173513651,-0.277439415
-0.005746719,-0.175222993,-0.275442302
-0.002100145,-0.176917836,-0.273330718
0.001610012,-0.178598449,-0.27110666
0.00536269,-0.180217892,-0.268794894
0.009157199,-0.181774795,-0.266396224
0.01297284,-0.183190092,-0.263934493
0.016808672,-0.184460267,-0.261410773
0.02063383,-0.185443506,-0.258853376
0.024454227,-0.186169192,-0.256256193
0.028247233,-0.186551616,-0.253637552
0.032012254,-0.186596662,-0.250995427
0.035732958,-0.186258689,-0.248338029
0.039353274,-0.185112238,-0.245652199
0.042926237,-0.183612376,-0.2429564
0.046390414,-0.181480542,-0.240253597
0.049827524,-0.179195061,-0.237549171
0.053115733,-0.176284373,-0.23484911
0.056369737,-0.173277795,-0.232150704
0.059495512,-0.169908389,-0.229458526
0.062590607,-0.166472837,-0.226765677
0.065593056,-0.162779391,-0.224064022
0.06851685,-0.159043416,-0.221367061
0.071339108,-0.155328274,-0.218670994
0.074067295,-0.151639611,-0.215977088
0.07669609,-0.148041263,-0.213284463
0.079224095,-0.14451465,-0.210595354
0.081644215,-0.141078815,-0.207913116
0.083957627,-0.13772428,-0.205239356
0.086158283,-0.134448558,-0.202583313
0.08824151,-0.131233573,-0.199955791
0.090195,-0.128026471,-0.197386473
0.092013419,-0.124810569,-0.194887742
0.09368892,-0.121552169,-0.192481175
0.095211111,-0.118213013,-0.190190136
0.096563488,-0.114731371,-0.188050777
0.097737074,-0.111075595,-0.186082333
0.098722331,-0.107217632,-0.184300661
0.099503301,-0.103088543,-0.182728797
0.100068904,-0.098627612,-0.181369096
0.100419104,-0.093818776,-0.180201203
0.100543536,-0.088577777,-0.179191187
0.100443065,-0.082908966,-0.17834124
0.100110531,-0.076749727,-0.177626967
0.099546306,-0.070105672,-0.177043632
0.098745063,-0.062934749,-0.176561847
0.097708099,-0.055252589,-0.176184133
0.096433297,-0.047053076,-0.175890431
0.094919577,-0.038388189,-0.175681457
0.093143255,-0.029704753,-0.175497681
0.09113384,-0.020570565,-0.175390467
0.088898435,-0.011065811,-0.175356954
0.086439922,-0.001218552,-0.175393939
0.083764195,0.00892887,-0.175501093
0.080881856,0.019291895,-0.175673589
0.077805869,0.029784987,-0.175907686
0.074542508,0.040411528,-0.176201954
0.071114749,0.051101834,-0.176550314
0.067521967,0.061871167,-0.17695424
0.06378229,0.072689265,-0.177411318
0.059899285,0.083566137,-0.177923396
0.055894814,0.094494924,-0.178491935
0.051769931,0.105486803,-0.179116771
0.047544964,0.116556793,-0.179798871
0.04321643,0.127706721,-0.180537328
0.038801145,0.138961971,-0.1813308
0.034309331,0.150343657,-0.182172567
0.029753929,0.161881864,-0.183050707
0.025136871,0.173581064,-0.183949441
0.020473322,0.185475886,-0.18482922
0.015762152,0.197553873,-0.185691476
0.011013978,0.209820896,-0.186505616
0.006230982,0.222275063,-0.187262982
0.001426399,0.234929428,-0.187920377
-0.003404385,0.248004839,-0.188383818
-0.008245967,0.261251152,-0.188685417
-0.013080039,0.274582148,-0.188850001
-0.017870091,0.287401676,-0.18880251
-0.022614997,0.300031006,-0.188524127
-0.027313706,0.312636554,-0.188053802
-0.031968981,0.325194001,-0.187443957
-0.036574438,0.337685674,-0.186692625
-0.041055005,0.349974364,-0.185677513
-0.045525722,0.362246215,-0.184649184
-0.049818393,0.374194115,-0.183369443
-0.054099679,0.386125892,-0.182078317
-0.058174249,0.397748381,-0.180570409
-0.06223451,0.409354776,-0.179051802
-0.066033214,0.420653492,-0.177328855
-0.069815159,0.43193841,-0.175595894
-0.0732897,0.442959934,-0.173671573
-0.076757193,0.453977883,-0.171743646
-0.080031827,0.464888185,-0.169706106
-0.083174981,0.475726783,-0.16759418
-0.086111955,0.486495942,-0.165371358
-0.088867649,0.497195393,-0.163050041
-0.091417879,0.507841527,-0.160624117
-0.093770057,0.518428862,-0.158095703
-0.095898159,0.528962374,-0.15546453
-0.09781082,0.539439619,-0.152730629
-0.099495992,0.549834549,-0.149891168
-0.100951225,0.560141087,-0.146945551
-0.102169156,0.570312083,-0.143890828
-0.103144549,0.580330253,-0.140725642
-0.103874795,0.59018153,-0.137452587
-0.104354836,0.599842787,-0.13407059
-0.104584768,0.609285712,-0.130576134
-0.104560994,0.618487298,-0.126968756
-0.104281463,0.62739712,-0.123258814
-0.103744037,0.635983646,-0.119447805
-0.102959163,0.644162893,-0.115554556
-0.10192395,0.651957512,-0.111574806
-0.100657992,0.659187257,-0.107571684
-0.099155046,0.665910482,-0.10352511
-0.097429141,0.67202419,-0.099482231
-0.095476009,0.677562118,-0.095428728
-0.093311146,0.682474852,-0.091418833
-0.09092965,0.686779976,-0.087435387
-0.088343538,0.690493405,-0.083521493
-0.085548513,0.693601549,-0.079662107
-0.082554385,0.69615531,-0.075884476
-0.079340957,0.698133647,-0.072192289
-0.075686969,0.699214637,-0.068714902
-0.07201717,0.700273991,-0.065246485
-0.068055756,0.700934172,-0.061945103
-0.064080127,0.701582909,-0.058652516
-0.059842661,0.70202291,-0.055523708
-0.055594563,0.702459514,-0.05240291
-0.051175669,0.702432811,-0.049383231
-0.046770841,0.702038169,-0.04632752
-0.042225689,0.701674998,-0.043412067
-0.037678272,0.70131278,-0.040499255
-0.033071648,0.700984001,-0.037662242
-0.028425716,0.70067966,-0.034876827
-0.023747824,0.700458527,-0.032171432
-0.019036252,0.700300336,-0.029536556
-0.014313168,0.700206399,-0.026980516
-0.009571911,0.70017755,-0.02450086
-0.004839435,0.70024693,-0.022109076
-0.000107637,0.700402856,-0.01980128
0.004590707,0.700633347,-0.017579325
0.009265536,0.700941145,-0.01544241
0.013879278,0.701286733,-0.013385734
0.018435432,0.701684594,-0.01141761
0.02279176,0.70212245,-0.009613086
0.027136823,0.702554703,-0.007813461
0.031268306,0.702880502,-0.006104678
0.035336208,0.70317018,-0.004416058
0.039213769,0.703351498,-0.002787609
0.04296717,0.703472197,-0.001186296
0.046569183,0.703518927,0.000381949
0.049980372,0.703518033,0.00192218
0.053289153,0.703491688,0.003447338
0.056332447,0.703480721,0.004951396
0.059312273,0.703478575,0.006451515
0.061974414,0.70358783,0.007948262
0.064546101,0.703747809,0.00945009
0.066847101,0.704059005,0.010967269
0.068972185,0.704484224,0.012505326
0.070882782,0.705048501,0.01406885
0.072520688,0.705780685,0.015679028
0.074012235,0.706603169,0.017314201
0.075124934,0.707626939,0.019030372
0.07614769,0.7086972,0.020766359
0.076729372,0.709968626,0.02260899
0.07719174,0.711287498,0.024483893
0.077297121,0.712747276,0.026455538
0.077185586,0.714274764,0.028493427
0.076809593,0.715884626,0.030612094
0.076121837,0.717564046,0.032837689
0.075266764,0.719281018,0.035120629
0.074206516,0.721060693,0.037482791
0.07294184,0.722902834,0.039923884
0.071425416,0.72483331,0.042467106
0.06966152,0.726850033,0.045110505
0.067660488,0.728960097,0.047857467
0.065422177,0.731162846,0.050707556
0.062949963,0.733430862,0.053666469
0.060243621,0.735765815,0.056733802
0.057311997,0.738158822,0.059912663
0.054160122,0.740603566,0.063205138
0.050804444,0.743067741,0.066617548
0.047257379,0.745514154,0.070156328
0.04352865,0.747908473,0.073829599
0.039626561,0.750271857,0.077638045
0.035571329,0.752583504,0.081593357
0.031378593,0.754824698,0.085704297
0.027057793,0.757002771,0.089967318
0.022621507,0.759113133,0.0943847
0.018099485,0.761357367,0.098938636
0.01349903,0.763600349,0.103649311
0.008841422,0.765772462,0.108505361
0.004123227,0.767874658,0.113507368
-0.000625333,0.769867539,0.118619151
-0.005406206,0.771753669,0.123843066
-0.010198481,0.773477733,0.129161805
-0.015003657,0.775043309,0.134576693
-0.019796381,0.776403248,0.140070006
-0.024578376,0.77756083,0.145642981
-0.029327611,0.778466105,0.151282713
-0.034045629,0.779122233,0.156990156
-0.038721271,0.779514134,0.162761837
-0.043348558,0.779731691,0.168606535
-0.047908362,0.7796278,0.174506187
-0.052387316,0.779177845,0.180456504
-0.056780592,0.778350711,0.186453119
-0.061079111,0.777117908,0.192491651
-0.065264769,0.775464535,0.198565245
-0.069323815,0.773369312,0.204668179
-0.073249467,0.770798087,0.210794225
-0.077031516,0.767723024,0.216937304
-0.080655351,0.764133215,0.223088518
-0.084106728,0.760017455,0.229238719
-0.087374665,0.755365849,0.235380217
-0.090447091,0.750174284,0.241504386
-0.093313798,0.744447887,0.247600541
-0.095963411,0.738187194,0.253658295
-0.098380186,0.731416345,0.25965026
-0.100565925,0.724134028,0.265578359
-0.10250885,0.716367483,0.271415383
-0.104180098,0.70758605,0.277218521
-0.105582103,0.697998345,0.282939613
-0.106732272,0.687976658,0.28852585
-0.107627913,0.677533984,0.29396531
-0.108267501,0.666716933,0.299238533
-0.108650967,0.655527472,0.304344952
-0.108776048,0.64402318,0.309267402
-0.108643413,0.632197857,0.314009994
-0.108252592,0.620107293,0.318564534
-0.107605286,0.607757449,0.322932601
-0.106700495,0.595348001,0.327130169
-0.10554605,0.582775891,0.331144124
-0.104146272,0.570025384,0.334970355
-0.102258816,0.557069182,0.338398218
-0.100294203,0.544092953,0.34175989
-0.098023601,0.531084538,0.344832093
-0.095616192,0.518090487,0.347755849
-0.093035646,0.505115092,0.350491583
-0.090233043,0.492221683,0.352963507
-0.087331116,0.47937429,0.355311841
-0.084239349,0.466632217,0.357414156
-0.081011184,0.45398742,0.359325588
-0.077696025,0.441404432,0.361115336
-0.0741456,0.429048389,0.362547547
-0.070594124,0.416692197,0.363978595
-0.066826545,0.404567748,0.365045041
-0.063058041,0.39244321,0.366110355
-0.05910299,0.380546033,0.36682725
-0.055147145,0.368648887,0.367543072
-0.051034849,0.356978416,0.367935658
-0.04692189,0.345308125,0.36832732
-0.042684078,0.333871812,0.368427634
-0.038445968,0.322435111,0.36852777
-0.03415639,0.311091244,0.368487924
-0.029832439,0.299809217,0.368354738
-0.025473526,0.288615167,0.36810264
-0.021079769,0.277501792,0.367739469
-0.016649606,0.266757637,0.367154896
-0.012219327,0.256014407,0.366570085
-0.007798551,0.245576292,0.365878344
-0.003411253,0.235410318,0.365134388
0.000942152,0.225505844,0.364340425
0.005227645,0.215953827,0.363480717
0.00943564,0.206698135,0.362583995
0.013591361,0.19764252,0.361662328
0.017632527,0.188933298,0.360724628
0.021596404,0.180457965,0.359776109
0.025419585,0.172345355,0.358834833
0.02914783,0.164477661,0.357898444
0.03280649,0.156767398,0.3569718
0.036346413,0.149325475,0.356061786
0.039759528,0.142142236,0.355175287
0.043019734,0.135256946,0.354320079
0.046130959,0.128656685,0.353499353
0.049085137,0.122348644,0.352718532
0.051864192,0.116470568,0.351970494
0.054460116,0.110971443,0.351270467
0.056872852,0.105805673,0.350625336
0.059095792,0.100980736,0.350039035
0.061125979,0.096501514,0.349514335
0.062958583,0.092374533,0.349054843
0.064593628,0.088593595,0.348662585
0.066029124,0.085157029,0.348340601
0.067265809,0.082063332,0.348089397
0.068303019,0.079308718,0.34791258
0.069142707,0.076884598,0.347813487
0.0697878,0.074777834,0.347797483
0.070243791,0.072972648,0.347870797
0.07051409,0.071461685,0.348035723
0.070602439,0.070239581,0.348293722
0.07051301,0.06929902,0.348647028
0.070250519,0.068633929,0.349095345
0.069820032,0.068236999,0.349639446
0.069226965,0.068095215,0.350276291
0.068477228,0.068196364,0.351003975
0.067428879,0.068667591,0.351897418
0.06625478,0.069270447,0.35285902
0.064944476,0.069973789,0.353890628
0.063542232,0.070745036,0.354969382
0.061968748,0.071563527,0.356121927
0.060351614,0.072394237,0.357293129
0.058546852,0.073276229,0.358524054
0.056707375,0.074159108,0.359759927
0.054728821,0.075044245,0.361015856
0.05268712,0.075928763,0.362268418
0.050549522,0.076812208,0.363516003
0.048327949,0.077684775,0.364737689
0.046049673,0.078550041,0.365941852
0.043677192,0.079388224,0.367085874
0.041280676,0.080219612,0.368214488
0.038834017,0.081064962,0.369292587
0.036351275,0.081920378,0.370334327
0.033830442,0.082805321,0.371295273
0.031272206,0.083713382,0.372190028
0.028696332,0.084642597,0.372999966
0.026096329,0.085593596,0.373731226
0.023495771,0.086498901,0.374360442
0.020886905,0.087380692,0.374895364
0.018285168,0.088211156,0.37532565
0.015693758,0.088984542,0.375649244
0.013131034,0.089652099,0.375860065
0.01060573,0.090194874,0.375953615
0.008131072,0.090595081,0.37592721
0.005718614,0.090828151,0.37577644
0.003378517,0.090877458,0.375493169
0.001122383,0.090721384,0.375072539
-0.001036098,0.090343989,0.374493599
-0.003101438,0.089750566,0.373763263
-0.005065503,0.088935688,0.37285313
-0.006930966,0.087901153,0.371772557
-0.008693838,0.086647935,0.370485812
-0.010355433,0.085175738,0.369004667
-0.011914521,0.083495297,0.367295265
-0.013371511,0.081603102,0.365368813
-0.014656538,0.079339802,0.363050103
-0.01584873,0.076881781,0.360522538
-0.016942523,0.074213251,0.357775778
-0.017951045,0.071381502,0.354830056
-0.01889622,0.068467364,0.351720691
-0.019760722,0.065485418,0.348410577
-0.02053985,0.062480096,0.344903231
-0.021171276,0.059487794,0.341100872
-0.021802338,0.05649583,0.337297767
-0.022298174,0.053543925,0.333247632
-0.02276559,0.050562844,0.329161942
-0.023118747,0.047461659,0.324934214
-0.023421472,0.044289026,0.32065016
-0.023647673,0.04100785,0.316280663
-0.023800686,0.037573088,0.311849087
-0.023904383,0.034034882,0.307375669
-0.023914583,0.030264517,0.302841514
-0.023908928,0.026581192,0.298274368
-0.023793332,0.022606736,0.293651432
-0.023677034,0.018629784,0.289028049
-0.023522202,0.014529167,0.284379035
-0.023300909,0.010132278,0.279713333
-0.02301204,0.005367346,0.275064558
-0.02264834,0.000189155,0.270460278
-0.022206932,-0.005389465,0.265928149
-0.021703655,-0.011263715,0.261470348
-0.021147547,-0.01739545,0.257086784
-0.020554073,-0.023742238,0.252762437
-0.019938873,-0.030265624,0.248476714
-0.019308761,-0.036984917,0.244221717
-0.01867138,-0.043904763,0.239988506
-0.018032823,-0.051018517,0.235771611
-0.01739727,-0.058304381,0.231570408
-0.016767066,-0.065716617,0.227390483
-0.016142411,-0.073186375,0.223242685
-0.015535327,-0.080848247,0.219167143
-0.014938329,-0.088494517,0.215160236
-0.014347751,-0.095946915,0.211217418
-0.01376837,-0.103159681,0.207342654
-0.013205962,-0.110123456,0.203535795
-0.012666942,-0.116845414,0.199797511
-0.012158168,-0.123359226,0.196133077
-0.011681212,-0.129678011,0.19254607
-0.011241995,-0.135800809,0.189052209
-0.010863189,-0.141635805,0.185721084
-0.010512831,-0.147339329,0.182462171
-0.010206738,-0.152871341,0.179301932
-0.009945547,-0.158273473,0.176225603
-0.009738253,-0.163568288,0.173232034
-0.009586909,-0.168795615,0.170309588
-0.009481644,-0.174016133,0.167434931
-0.009423541,-0.179242715,0.164606661
-0.009423046,-0.184516698,0.16182898
-0.009476343,-0.189832434,0.159099102
-0.00958337,-0.195221826,0.156412914
-0.009741579,-0.200664848,0.153768256
-0.009946196,-0.206145093,0.151158467
-0.010196932,-0.211641073,0.148579255
-0.01049007,-0.217105731,0.146018937
-0.010826917,-0.222508192,0.143466666
-0.011207821,-0.227810249,0.140910104
-0.011637235,-0.23298949,0.138336003
-0.012117121,-0.238016635,0.135732517
-0.012651778,-0.242885724,0.133093104
-0.0132434,-0.247577354,0.130410045
-0.013891731,-0.252091408,0.127689451
-0.014596135,-0.256406575,0.124935068
-0.015352612,-0.260508955,0.122159794
-0.016158912,-0.264383912,0.119371831
-0.017012743,-0.26801911,0.11657916
-0.017912956,-0.2713916,0.113794059
-0.018859388,-0.274499595,0.111017555
-0.01985772,-0.277338326,0.108256727
-0.0209073,-0.279912591,0.105508931
-0.022016866,-0.282246053,0.102774061
-0.023189081,-0.284350127,0.100051872
-0.024428813,-0.28625533,0.097341426
-0.025738884,-0.287981272,0.09464325
-0.027120527,-0.289554566,0.091958739
-0.028573439,-0.29099223,0.089289926
-0.030095968,-0.292311132,0.086639605
-0.031684831,-0.29351449,0.084008746
-0.033337407,-0.294610739,0.081398897
-0.03504955,-0.295595944,0.078807905
-0.03681992,-0.296465367,0.076232299
-0.038647201,-0.297211885,0.073667742
-0.040552281,-0.297756702,0.071112782
-0.042509664,-0.298127025,0.06856823
-0.044515155,-0.298305452,0.066048831
-0.04656101,-0.298291624,0.063569799
-0.048641901,-0.298071623,0.061143722
-0.050748475,-0.297664285,0.058770232
-0.05287575,-0.297065765,0.056451909
-0.055022031,-0.296265155,0.054187387
-0.057187065,-0.295221895,0.051981114
-0.059366532,-0.293920934,0.049817443
-0.061557017,-0.292337358,0.047685787
-0.063757867,-0.290440828,0.045565415
-0.065968461,-0.288220376,0.043449689
-0.068188496,-0.285666376,0.041327339
-0.070417561,-0.282769024,0.039189745
-0.072657689,-0.279537559,0.037051186
-0.074909285,-0.275968581,0.034911573
-0.077174895,-0.272076994,0.032798961
-0.079455733,-0.267865747,0.030723739
-0.081753671,-0.263342321,0.028708871
-0.084074296,-0.258614779,0.026780454
-0.086416453,-0.253709316,0.024940865
-0.088772364,-0.248560145,0.023172397
-0.091140188,-0.243182555,0.021468161
-0.09351676,-0.237601504,0.019816488
-0.095897183,-0.231848031,0.018205071
-0.09827733,-0.225939378,0.016627233
-0.100652777,-0.219893128,0.015076356
-0.103017606,-0.21372585,0.013546943
-0.105364695,-0.207448587,0.012036524
-0.107686639,-0.201066539,0.010545326
-0.109972619,-0.194581628,0.009073121
-0.112199396,-0.188322186,0.007657805
-0.114369072,-0.182087272,0.006270651
-0.116484135,-0.175731882,0.004889384
-0.118535459,-0.169251382,0.003504351
-0.120512851,-0.16265367,0.002106074
-0.12240725,-0.155944243,0.000684072
-0.124210469,-0.149129033,-0.000769702
-0.125913367,-0.14220567,-0.002261181
-0.127515018,-0.135147154,-0.003795932
-0.128800601,-0.131401643,-0.004518205
-0.129976064,-0.128150538,-0.004902607
-0.131100565,-0.124793768,-0.00516841
-0.132148743,-0.121241055,-0.005317579
-0.133094668,-0.117399849,-0.005356215
-0.133989379,-0.113396838,-0.005367685
-0.134755254,-0.108987622,-0.005310722
-0.135462329,-0.104365386,-0.005238288
-0.136021554,-0.099207975,-0.005126856
-0.136555448,-0.093961008,-0.005010894
-0.13697581,-0.088313781,-0.004874435
-0.137308508,-0.082364894,-0.004719648
-0.137519091,-0.076019257,-0.00453151
-0.137619078,-0.069324464,-0.004313672
-0.137599856,-0.062312204,-0.004057629
-0.137461975,-0.054985657,-0.003762761
-0.137195125,-0.047400758,-0.00341486
-0.136802673,-0.03955048,-0.003017419
-0.136280581,-0.03151308,-0.002559099
-0.135627091,-0.023318231,-0.00203858
-0.134836078,-0.015064411,-0.001456521
-0.133904472,-0.006802357,-0.000813964
-0.132826716,0.001390338,-0.000132156
-0.131599501,0.009453599,0.000579985
-0.130222246,0.017343605,0.001282983
-0.128693357,0.025003958,0.001958559
-0.127020314,0.032410856,0.002566433
-0.125207171,0.039510399,0.003075462
-0.123270676,0.046278145,0.0034569
-0.121208988,0.052720487,0.003719442
-0.119039506,0.058820214,0.003849375
-0.116759129,0.064582743,0.003854658
-0.114381589,0.07000266,0.003743686
-0.111902326,0.075087845,0.003520243
-0.109324828,0.079858132,0.003209425
-0.106593497,0.084187351,0.002782673
-0.103690132,0.088104032,0.002274707
-0.100741006,0.091927849,0.001752447
-0.097682118,0.095426373,0.001205809
-0.094515339,0.098666698,0.000649538
-0.09128318,0.101788945,8.83E-05
-0.087923817,0.104688451,-0.000461776
-0.084488727,0.10745763,-0.00098458
-0.080994613,0.110125318,-0.00148616
-0.077355847,0.112528399,-0.001895651
-0.073715284,0.114928693,-0.002304045
-0.069957271,0.117097847,-0.002624014
-0.066197805,0.119264588,-0.002942936
-0.062350601,0.121228896,-0.003200918
-0.058502313,0.123191111,-0.003458195
-0.054619614,0.125056133,-0.003699047
-0.050713319,0.126854613,-0.003928654
-0.046791699,0.128588483,-0.004150395
-0.042852253,0.130257353,-0.004363257
-0.038910814,0.131880224,-0.004581917
-0.034962386,0.133451059,-0.00480176
-0.031029867,0.135010004,-0.005041073
-0.027106024,0.136544347,-0.005294078
-0.023203343,0.138078511,-0.005570502
-0.019324668,0.139617994,-0.005872568
-0.015481397,0.141186401,-0.006216682
-0.011680116,0.142796829,-0.006609667
-0.0079253,0.144451588,-0.007062088
-0.004223969,0.146163359,-0.007583394
-0.000578802,0.14791812,-0.00817049
0.003004617,0.149720684,-0.008830233
0.006521618,0.15155144,-0.009541753
0.009967368,0.153406233,-0.010303846
0.013327276,0.155260757,-0.011064629
0.01660596,0.157122746,-0.011840506
0.019786598,0.158981696,-0.012581058
0.022874504,0.160840929,-0.01330226
0.025850568,0.162705645,-0.01396409
0.028720839,0.164574221,-0.014579259
0.031469636,0.166467667,-0.015142555
0.034101937,0.168379337,-0.015655724
0.03643981,0.170373559,-0.016142961
0.038727708,0.172391802,-0.016635481
0.040852081,0.174490407,-0.017146075
0.042808846,0.176707596,-0.017694287
0.044643234,0.179019153,-0.018274745
0.04627689,0.180849925,-0.018846652
0.047866043,0.18260318,-0.019422952
0.049207229,0.184606463,-0.02009673
0.05049191,0.186671153,-0.020796573
0.051505726,0.189030513,-0.021620993
0.052461717,0.191453174,-0.02247237
0.053140573,0.19417958,-0.023452621
0.053761035,0.196967915,-0.024455987
0.054101661,0.200053364,-0.025569795
0.054419413,0.203164205,-0.026690254
0.054556321,0.206476271,-0.02786267
0.054564599,0.209931612,-0.029068869
0.054396972,0.213583902,-0.030300291
0.054070074,0.217410922,-0.03155696
0.053576764,0.221397713,-0.032816872
0.052918617,0.225542486,-0.03408429
0.05208813,0.229794338,-0.035331797
0.051087976,0.234167278,-0.036567423
0.04991702,0.238614723,-0.03777054
0.048575293,0.243124261,-0.038935434
0.047064826,0.247648105,-0.040038995
0.045385733,0.252162546,-0.041070502
0.043539353,0.256648451,-0.042022124
0.04152675,0.261079848,-0.04288109
0.039351951,0.265455097,-0.0436395
0.037016451,0.269756287,-0.044287603
0.034522127,0.273997396,-0.04482682
0.031871367,0.278171808,-0.045252178
0.029068613,0.282307506,-0.04558501
0.026116934,0.286411047,-0.045828648
0.023021113,0.290513188,-0.046008464
0.019781355,0.294603288,-0.0461215
0.01641191,0.298688918,-0.046213806
0.012909262,0.302764952,-0.046271369
0.00928598,0.306815565,-0.046316396
0.005539803,0.310842276,-0.046341572
0.001687606,0.314814866,-0.046353739
-0.002274426,0.318740278,-0.046348978
-0.006329031,0.322588205,-0.046317875
-0.010521705,0.326603949,-0.046281822
-0.014866009,0.330349177,-0.04615264
-0.019226933,0.334051341,-0.046010274
-0.023667095,0.337547362,-0.0458044
-0.028157823,0.340895295,-0.04556058
-0.032684252,0.344137579,-0.0452899
-0.03728056,0.347126842,-0.04496225
-0.041889537,0.350066543,-0.044626087
-0.046533994,0.352866948,-0.044265833
-0.051205583,0.355451405,-0.043862894
-0.0559019,0.357796758,-0.043409571
-0.060614351,0.359834701,-0.042881455
-0.065338068,0.36141035,-0.042242367
-0.070055015,0.362588584,-0.041511893
-0.074762248,0.363415658,-0.040722281
-0.07945507,0.363876075,-0.039925676
-0.08411698,0.363865882,-0.039242342
-0.088777922,0.363840073,-0.038563263
-0.093422979,0.363590986,-0.037976611
-0.098048255,0.36310932,-0.037532259
-0.102649063,0.362394661,-0.037250765
-0.107208222,0.361359894,-0.037154436
-0.111714497,0.35999608,-0.037192743
-0.11614912,0.358307034,-0.037348785
-0.120508179,0.356393754,-0.037597362
-0.124779835,0.3543365,-0.037952028
-0.128962994,0.352215886,-0.038435981
-0.133073032,0.350077689,-0.039056357
-0.137101367,0.347923458,-0.039847951
-0.141037673,0.345746458,-0.040850393
-0.144874677,0.34353596,-0.04208371
-0.148604229,0.341283292,-0.043552738
-0.152218148,0.338989079,-0.045249533
-0.155706301,0.336669803,-0.047152258
-0.159060076,0.33435753,-0.049232639
-0.162273273,0.332103163,-0.051460817
-0.165342987,0.329968661,-0.053816825
-0.168270126,0.327997237,-0.056303412
-0.171057016,0.326208144,-0.058938675
-0.173705742,0.324602902,-0.061747912
-0.176217496,0.323168874,-0.064754985
-0.178592309,0.321879297,-0.067985266
-0.180828512,0.320701778,-0.071454652
-0.182922214,0.319604486,-0.075165473
-0.184814095,0.318625212,-0.079177052
-0.186574727,0.317735881,-0.083351076
-0.188202381,0.316975623,-0.087675154
-0.189695999,0.316358238,-0.092147127
-0.191043347,0.315908074,-0.096779026
-0.192243874,0.31564033,-0.101570837
-0.193300381,0.315557092,-0.106519453
-0.194213688,0.315655798,-0.111620367
-0.194983706,0.315935493,-0.11687199
-0.195610955,0.316387892,-0.12225873
-0.196095049,0.317015737,-0.12778011
-0.196434453,0.317815602,-0.133392304
-0.196629524,0.318790615,-0.13910532
-0.196678594,0.319952637,-0.144874826
-0.196582288,0.321298838,-0.150713801
-0.196340203,0.322843254,-0.156588957
-0.195952535,0.324588358,-0.162493527
-0.195421264,0.326536328,-0.168413118
-0.194746882,0.328690499,-0.174335152
-0.193932235,0.331038922,-0.180257872
-0.192978665,0.333579898,-0.186170697
-0.191889539,0.336285532,-0.192073748
-0.190666795,0.339146078,-0.197959945
-0.189312607,0.342127413,-0.203824565
-0.187829331,0.345205963,-0.209659904
-0.186218485,0.348329365,-0.215446159
-0.184479609,0.351511568,-0.221186757
-0.182613388,0.354709536,-0.226853415
-0.180619985,0.357930273,-0.232448369
-0.178500712,0.361150622,-0.237951025
-0.1762577,0.364352435,-0.243346483
-0.173892185,0.367529273,-0.248631269
-0.171407416,0.370686382,-0.25380218
-0.168807194,0.373803318,-0.258854419
-0.16609396,0.376853019,-0.263787061
-0.16300416,0.375824809,-0.267868966
-0.159607679,0.373480052,-0.271725595
-0.155949906,0.370881289,-0.275556386
-0.152180016,0.368206292,-0.279375881
-0.148187637,0.365512609,-0.283156276
-0.144100726,0.362885624,-0.286908627
-0.139909178,0.360332072,-0.290629923
-0.135628894,0.357879311,-0.294308454
-0.131265253,0.3555215,-0.297946811
-0.126812279,0.353345156,-0.301529437
-0.122272074,0.351332963,-0.305059731
-0.117665865,0.349542886,-0.308531225
-0.112989813,0.347962916,-0.311945379
-0.108263753,0.346648902,-0.31528914
-0.103483722,0.345589608,-0.318565071
-0.098660469,0.344801188,-0.321756363
-0.093798645,0.34429127,-0.324856222
-0.088903166,0.344027698,-0.327825308
-0.083979562,0.344004005,-0.330643207
-0.0790314,0.344145238,-0.333245993
-0.074057661,0.344466299,-0.335647345
-0.069063015,0.34481445,-0.337772697
-0.064046554,0.345219016,-0.339636564
-0.059016567,0.345567644,-0.341206849
-0.053971425,0.345883101,-0.342490435
-0.048923258,0.346080989,-0.343487263
-0.043869678,0.346178472,-0.34419778
-0.038818959,0.346149653,-0.344637066
-0.033774573,0.345982432,-0.344810873
-0.028744398,0.345691502,-0.344744176
-0.023734175,0.345273048,-0.344451159
-0.01874825,0.344753087,-0.343947947
-0.013792104,0.344140977,-0.343250662
-0.008872469,0.343483597,-0.34237206
-0.003993308,0.342801571,-0.341311306
0.00081488,0.342163384,-0.340005636
0.005552026,0.341614336,-0.338496864
0.010192151,0.341231644,-0.336774349
0.01465285,0.341164321,-0.334752977
0.019047823,0.341212243,-0.332622916
0.023228455,0.34158054,-0.330192596
0.027330671,0.342065811,-0.32765311
0.031180674,0.342848986,-0.324811786
0.034938496,0.34374094,-0.321860701
0.038566813,0.344756752,-0.318770349
0.042036228,0.345924497,-0.315508902
0.04531965,0.347224444,-0.312082291
0.048404127,0.348658532,-0.308484524
0.051288281,0.350203902,-0.304736316
0.053968817,0.351855785,-0.300841033
0.056427147,0.35358879,-0.296818107
0.05864441,0.355641395,-0.292703003
0.060627427,0.357863247,-0.288490057
0.062376518,0.360133857,-0.284181714
0.063884132,0.362429768,-0.279792488
0.065142021,0.364725649,-0.275339365
0.066145256,0.366998285,-0.270828575
0.06688793,0.369222045,-0.266268253
0.067368463,0.371379942,-0.261663824
0.067585036,0.373453587,-0.257019788
0.067541718,0.375442177,-0.252349049
0.067242727,0.377344191,-0.247662812
0.066705011,0.379190087,-0.243003905
0.065932177,0.38098985,-0.238379374
0.064940222,0.382784396,-0.233829275
0.063733704,0.384585112,-0.229364753
0.06232924,0.386441797,-0.225026026
0.060731675,0.388368517,-0.220824838
0.058950569,0.390399337,-0.216777414
0.05698923,0.392545253,-0.212890133
0.054642983,0.394870669,-0.209320217
0.052198566,0.397237957,-0.20583038
0.04952962,0.399672478,-0.202505812
0.046778694,0.402131885,-0.199241385
0.043744303,0.404666305,-0.196176529
0.040646754,0.407209843,-0.193154305
0.037272822,0.409774363,-0.19031617
0.033799354,0.412329227,-0.187540755
0.030127296,0.414864093,-0.184890673
0.026387516,0.417394966,-0.182283014
0.022505557,0.41991663,-0.179764673
0.018488387,0.422399998,-0.177328676
0.014309086,0.4248133,-0.174989402
0.009984708,0.427148223,-0.172735691
0.005518214,0.429379612,-0.170563906
0.000910208,0.431450367,-0.168471217
-0.003831324,0.433392942,-0.166465938
-0.008698402,0.435299993,-0.164557159
-0.013692314,0.436946362,-0.162715733
-0.018803449,0.438297629,-0.160937741
-0.02401403,0.439290971,-0.159216166
-0.02930994,0.439907998,-0.157549068
-0.03466903,0.440139353,-0.155936301
-0.040073149,0.43998313,-0.154377952
-0.045498557,0.439474493,-0.152878895
-0.050925799,0.438631415,-0.151440009
-0.056333471,0.437508792,-0.15006505
-0.061692607,0.436158508,-0.148750648
-0.066992842,0.434615612,-0.147491723
-0.072226815,0.432887942,-0.146277979
-0.077380165,0.431003958,-0.145096511
-0.082447134,0.42895931,-0.143936172
-0.08741428,0.426764756,-0.142778829
-0.092277341,0.424408913,-0.141616434
-0.097024895,0.421885967,-0.14043127
-0.101649769,0.41917643,-0.139214441
-0.106138632,0.41625759,-0.137947544
-0.110351004,0.412867248,-0.136576444
-0.114404395,0.409191489,-0.135140076
-0.118276186,0.405172974,-0.13363111
-0.121989086,0.400854498,-0.13205862
-0.125505745,0.396154195,-0.130413458
-0.128850713,0.391119778,-0.128704697
-0.131986588,0.385675222,-0.126928329
-0.134939536,0.379871786,-0.125092804
-0.137670785,0.373645812,-0.123199232
-0.140208051,0.367050141,-0.121254832
-0.142509893,0.36005348,-0.119262554
-0.144605741,0.352706015,-0.117228352
-0.146450862,0.344965488,-0.115160048
-0.148076579,0.336881042,-0.113061853
-0.149434343,0.328441203,-0.110939197
-0.150557652,0.319690347,-0.108795092
-0.151396573,0.310651183,-0.106632881
-0.151986644,0.301359743,-0.1044548
-0.15227893,0.291856587,-0.102264635
-0.15231064,0.28216812,-0.10006386
-0.152035147,0.272336215,-0.097857967
-0.151490852,0.262378693,-0.095647559
-0.15063408,0.252328455,-0.093439795
-0.149503887,0.242197037,-0.091234311
-0.148060217,0.232007012,-0.089039229
-0.146342233,0.221765682,-0.086853214
-0.144313961,0.211485416,-0.084685251
-0.142014191,0.201171055,-0.082533039
-0.139411345,0.190830231,-0.080405869
-0.136543319,0.180466235,-0.078300573
-0.133382753,0.170083582,-0.076226555
-0.129966214,0.159684598,-0.074179865
-0.126270503,0.149275988,-0.072170101
-0.122327663,0.138910383,-0.070199095
-0.118122458,0.128538594,-0.06826932
-0.113687687,0.118161358,-0.066375583
-0.109010145,0.107789606,-0.064527847
-0.104120158,0.097422637,-0.062720336
-0.099009372,0.087072991,-0.060963642
-0.093705378,0.076738484,-0.05925139
-0.088204108,0.066435754,-0.057594161
-0.082530223,0.056160819,-0.055985048
-0.076683842,0.045940068,-0.054433849
-0.070686512,0.03576671,-0.052933298
-0.064542733,0.025678998,-0.051492535
-0.058270793,0.015666205,-0.050104063
-0.051879518,0.005773875,-0.048777394
-0.045383807,-0.004013064,-0.047504775
-0.038796883,-0.013634235,-0.046295457
-0.032130133,-0.023110365,-0.045141507
-0.025400568,-0.032417424,-0.044056822
-0.018616032,-0.041576549,-0.043032732
-0.011795297,-0.050552581,-0.042079814
-0.004942883,-0.059368402,-0.041189153
0.001919384,-0.067966238,-0.040367827
0.008790276,-0.076373331,-0.039607152
0.015643273,-0.084524639,-0.038914345
0.022480613,-0.092452109,-0.038280908
0.029270651,-0.100098446,-0.037716661
0.036019299,-0.107498765,-0.037212949
0.042690683,-0.114607364,-0.03678171
0.049294461,-0.121460676,-0.036413878
0.055856213,-0.128196478,-0.036079813
0.06233348,-0.134696066,-0.035813756
0.068720184,-0.140991852,-0.035609979
0.074987702,-0.147053719,-0.035480835
0.081137218,-0.15288949,-0.035421558
0.087154754,-0.158491164,-0.035433874
0.093026258,-0.163839206,-0.035517309
0.098730125,-0.168909624,-0.035672296
0.104268566,-0.173705459,-0.03589838
0.109624296,-0.178208709,-0.036195114
0.114785649,-0.182407141,-0.03656251
0.119731359,-0.186278537,-0.037000623
0.12444979,-0.189822719,-0.037511393
0.128927484,-0.193048298,-0.0380987
0.133152932,-0.195964932,-0.038766138
0.137117967,-0.198603898,-0.039520379
0.140813038,-0.200981036,-0.040365454
0.144232631,-0.203127459,-0.041306999
0.147365004,-0.205064908,-0.042348769
0.150207058,-0.206797808,-0.043490238
0.152755052,-0.208319291,-0.044728637
0.155002996,-0.209626362,-0.046061244
0.156947449,-0.210710987,-0.047483321
0.158581823,-0.211563438,-0.048988648
0.159905538,-0.21218729,-0.05057257
0.16091451,-0.212581024,-0.052227072
0.161324933,-0.212581903,-0.053988673
0.161412209,-0.212385729,-0.055796016
0.161179379,-0.212042123,-0.057644475
0.160666436,-0.211569428,-0.059528917
0.159842461,-0.210962787,-0.061451949
0.158746332,-0.210238859,-0.063408755
0.157347739,-0.209391877,-0.065397367
0.155684486,-0.20843713,-0.067413837
0.153893664,-0.207422167,-0.069443576
0.151846468,-0.206286773,-0.071499974
0.149568513,-0.205048516,-0.07357423
0.147017449,-0.203693256,-0.075664558
0.144216806,-0.202221662,-0.077767633
0.141167924,-0.20062691,-0.07987915
0.137868136,-0.198924944,-0.081994027
0.134315446,-0.197128251,-0.084104873
0.130514488,-0.195234507,-0.086212397
0.126472011,-0.193251789,-0.088310607
0.122194335,-0.191192433,-0.090400666
0.117693104,-0.189079434,-0.092485093
0.112978011,-0.18693085,-0.094570853
0.108063899,-0.184776217,-0.096673615
0.10296455,-0.182610691,-0.098807767
0.097694837,-0.180485308,-0.100990742
0.092267253,-0.178435117,-0.103227004
0.086696662,-0.176476151,-0.105521016
0.081003956,-0.174620688,-0.107865021
0.075197503,-0.172857568,-0.110240921
0.069283597,-0.171186179,-0.112635382
0.063274041,-0.169601575,-0.115025967
0.057177521,-0.168112352,-0.117401168
0.051009055,-0.166724592,-0.119737476
0.044778757,-0.165454134,-0.122034751
0.038504794,-0.164320141,-0.124280393
0.032202262,-0.163498506,-0.12642628
0.025908874,-0.162868813,-0.128513828
0.019658823,-0.162397102,-0.130532861
0.0134467,-0.162063643,-0.132491976
0.007306204,-0.161835983,-0.134376913
0.001228391,-0.161700919,-0.136196956
-0.004751551,-0.161633283,-0.137942284
-0.010645846,-0.161624685,-0.139622226
-0.016417837,-0.161661342,-0.141231179
-0.022082796,-0.161737621,-0.142778039
-0.027688149,-0.161826476,-0.144295022
-0.033173744,-0.161940709,-0.145751938
-0.038537886,-0.162078559,-0.147159204
-0.043747,-0.16224502,-0.148511335
-0.048807502,-0.162448928,-0.149813071
-0.053708088,-0.162701845,-0.151066288
-0.058437176,-0.163024262,-0.152271569
-0.06297709,-0.163443029,-0.153430462
-0.067330755,-0.163960263,-0.154542834
-0.071486138,-0.164606616,-0.155609921
-0.075436704,-0.165403306,-0.156628639
-0.079170674,-0.166388988,-0.157593116
-0.082682565,-0.16757676,-0.15849629
-0.085967816,-0.168976128,-0.159324571
-0.089021362,-0.17059128,-0.160067514
-0.091841541,-0.172406241,-0.160708383
-0.094423994,-0.174414545,-0.161236167
-0.096766233,-0.176589295,-0.161637887
-0.098861642,-0.178910553,-0.161901385
-0.100706868,-0.181364566,-0.162026048
-0.102298535,-0.183932498,-0.162011355
-0.103631236,-0.186587065,-0.161855608
-0.10470435,-0.189317212,-0.161559373
-0.105514377,-0.192097351,-0.161122322
-0.10606268,-0.19492206,-0.160547465
-0.106348768,-0.197772309,-0.159837678
-0.10637597,-0.200651318,-0.158997983
-0.106147379,-0.203552276,-0.15803501
-0.105439194,-0.206439137,-0.156858593
-0.104476385,-0.209297612,-0.15557681
-0.103284642,-0.212123752,-0.154187128
-0.101892561,-0.214921653,-0.152703017
-0.100179546,-0.217686996,-0.15104872
-0.098349683,-0.22044079,-0.149332553
-0.096144862,-0.223268762,-0.147397324
-0.093861476,-0.226123974,-0.145415261
-0.091242641,-0.229119495,-0.143230259
-0.088500783,-0.23218447,-0.140969574
-0.08551307,-0.235387921,-0.138557479
-0.082339585,-0.238701612,-0.136027873
-0.079003498,-0.242111862,-0.133395448
-0.075428501,-0.245646,-0.13060388
-0.071766473,-0.249225542,-0.12775448
-0.067957267,-0.252918988,-0.124789916
-0.064025961,-0.256707013,-0.121729881
-0.059937384,-0.260552347,-0.118541047
-0.055700831,-0.264462203,-0.115231976
-0.051149949,-0.268299282,-0.111652821
-0.046581931,-0.272129238,-0.108058907
-0.041832589,-0.275670558,-0.10428831
-0.037023745,-0.279073834,-0.100450054
-0.032078549,-0.282130927,-0.096450023
-0.027056446,-0.284985572,-0.09232942
-0.021977311,-0.287690461,-0.088119499
-0.016802866,-0.290079594,-0.083730683
-0.011586044,-0.292302966,-0.079251319
-0.006319177,-0.294319123,-0.074660145
-0.000994663,-0.295943111,-0.069904789
0.004338505,-0.297510207,-0.065125339
0.009698403,-0.298723996,-0.060211543
0.015062412,-0.299886584,-0.055278026
0.020424677,-0.300736666,-0.050233603
0.025786871,-0.301541537,-0.045172896
0.031139564,-0.302217573,-0.040059038
0.036483783,-0.302778482,-0.034897648
0.041807327,-0.303050518,-0.029706672
0.047106691,-0.303145051,-0.024473449
0.052367341,-0.30311048,-0.019203877
0.057590753,-0.302947193,-0.013896754
0.062757984,-0.302632034,-0.00857279
0.067871176,-0.302167475,-0.003229677
0.072922811,-0.30153951,0.002122276
0.077908285,-0.300740242,0.007477019
0.082820758,-0.299742877,0.012826577
0.087654158,-0.298529655,0.018163478
0.092407241,-0.297093749,0.023495374
0.097076185,-0.295421898,0.028822068
0.101660296,-0.293521732,0.034155507
0.106157459,-0.291390508,0.039502002
0.110564418,-0.289040297,0.04486192
0.114878632,-0.286476493,0.050239168
0.119089395,-0.283717155,0.055602562
0.123198092,-0.280759662,0.060955036
0.127193734,-0.277611971,0.066249475
0.131077573,-0.274273098,0.071491204
0.134838164,-0.270741731,0.076624118
0.138476849,-0.267017901,0.081654646
0.141979858,-0.262975931,0.086532168
0.145350963,-0.258666366,0.091267377
0.148408771,-0.253989965,0.095651656
0.151431188,-0.249277115,0.099995255
0.154237971,-0.244317532,0.104094006
0.15699251,-0.239295319,0.108133592
0.159481466,-0.23392868,0.111873716
0.161949307,-0.228530839,0.115590245
0.164145038,-0.222726524,0.119002625
0.1663194,-0.216892838,0.122391999
0.168218762,-0.210676536,0.125484705
0.170096666,-0.20443432,0.128555194
0.171698794,-0.197854519,0.131339192
0.173293322,-0.191264778,0.134115487
0.174736381,-0.184469879,0.136736855
0.176075816,-0.177533522,0.139251977
0.177264854,-0.170369565,0.141608149
0.178319782,-0.163009807,0.143823862
0.179240242,-0.155486658,0.14590022
0.180026144,-0.147794887,0.147836745
0.180674136,-0.140050948,0.149631336
0.181185484,-0.132216752,0.151284888
0.181563526,-0.124355756,0.152801231
0.181808934,-0.116483726,0.154181316
0.181924433,-0.108704112,0.155431181
0.181911588,-0.101057135,0.156553209
0.181771681,-0.093580246,0.157549337
0.181506455,-0.086323857,0.158422351
0.181116983,-0.079270214,0.159167543
0.180604815,-0.072453603,0.159785971
0.179971457,-0.065856926,0.160271272
0.179218605,-0.059493322,0.160621703
0.17835179,-0.053342059,0.160830334
0.177369326,-0.047409758,0.160899907
0.176277012,-0.041685324,0.160835579
0.175073013,-0.036173314,0.160636961
0.173760936,-0.030886428,0.160331264
0.17233941,-0.025822252,0.15991132
0.170807183,-0.021019131,0.159421772
0.169164598,-0.016464887,0.158848405
0.167409524,-0.012189497,0.158224598
0.165541619,-0.008199981,0.157557517
0.163561955,-0.004522644,0.156863585
0.161470339,-0.001149956,0.156137541
0.159269512,0.001884337,0.155390024
0.156958655,0.00458891,0.154617995
0.154540285,0.00690401,0.15383397
0.152013555,0.008848599,0.15303427
0.149379522,0.010385515,0.15223144
0.146623075,0.011474443,0.151424021
0.143626764,0.011693106,0.150650963
0.140617922,0.011864655,0.149880871
0.137450606,0.011432053,0.149148151
0.134222418,0.010741132,0.14843154
0.130894154,0.009625203,0.147741362
0.127462655,0.008001534,0.14708139
0.123983301,0.006143097,0.14643541
0.120384082,0.00361733,0.145835832
0.116752699,0.000883601,0.145252064
0.113047957,-0.002329012,0.14470467
0.1092887,-0.005935318,0.144193619
0.105535261,-0.008999815,0.143608972
0.101748772,-0.012269614,0.14304021
0.097926773,-0.015829949,0.142498553
0.09406206,-0.019748971,0.141985893
0.090156317,-0.024011187,0.141501576
0.086171404,-0.028832048,0.141090974
0.082180448,-0.033690896,0.140686437
0.078151606,-0.038692359,0.140325069
0.074101351,-0.043697592,0.139995128
0.070027292,-0.048688218,0.139701903
0.065922253,-0.05371334,0.139454573
0.061802499,-0.058755256,0.139229387
0.057667624,-0.063814551,0.139027089
0.053518828,-0.068963952,0.138843775
0.049358133,-0.074190117,0.138676643
0.045183584,-0.079560645,0.138515875
0.040995818,-0.085055448,0.138364226
0.036801454,-0.090696357,0.138211086
0.032598589,-0.096476637,0.138059601
0.028397664,-0.102331042,0.137897789
0.024195619,-0.108278356,0.137729168
0.019998917,-0.114276975,0.137549147
0.015809262,-0.120315991,0.13735649
0.01163631,-0.126317233,0.137154922
0.007484613,-0.132247359,0.136943862
0.003371467,-0.138045341,0.136735737
-0.000708266,-0.143729836,0.136526912
-0.004734437,-0.149282947,0.136327028
-0.008712965,-0.154710054,0.136133239
-0.012615733,-0.159996524,0.135950133
-0.016451005,-0.165146708,0.135776311
-0.020187043,-0.170112163,0.135611385
-0.023833206,-0.174907029,0.135455444
-0.027153911,-0.178844243,0.135329872
-0.030465135,-0.182723776,0.135200754
-0.033541851,-0.185968474,0.135099247
-0.036481697,-0.188852578,0.135010689
-0.039250217,-0.191286206,0.134938121
-0.04177396,-0.193108782,0.134879723
-0.044166323,-0.194613099,0.13482517
-0.046370383,-0.195665851,0.134774491
-0.048336383,-0.196165234,0.134721681
-0.050151769,-0.196311682,0.134666339
-0.051709447,-0.19585222,0.134605408
-0.053162701,-0.195151344,0.134542167
-0.05433134,-0.193793759,0.134472564
-0.055395212,-0.192199096,0.134402186
-0.056173548,-0.189959556,0.134329662
-0.056911487,-0.187629521,0.134256944
-0.057455085,-0.184866652,0.134183183
-0.057852101,-0.181779683,0.134109378
-0.05804985,-0.178260937,0.13403815
-0.058068361,-0.174349323,0.133969247
-0.057903644,-0.17002885,0.133905798
-0.057554327,-0.165305644,0.133847848
-0.057009142,-0.160178572,0.133800343
-0.056272347,-0.154648289,0.133761927
-0.05534257,-0.148716003,0.13373594
-0.054218773,-0.142386079,0.133723363
-0.052896302,-0.135681361,0.133726969
-0.051373385,-0.128611013,0.133748025
-0.049645904,-0.121206433,0.133785963
-0.047709417,-0.113448903,0.133837327
-0.045561921,-0.105381176,0.133901179
-0.043201033,-0.097025193,0.133977458
-0.040625405,-0.088374205,0.134060249
-0.03783289,-0.079436019,0.134145752
-0.03482512,-0.070191085,0.134226546
-0.031602666,-0.060646176,0.134303853
-0.028169924,-0.050798181,0.134370565
-0.024527641,-0.040658187,0.134427682
-0.020685375,-0.030263659,0.134468198
-0.016643347,-0.019624211,0.134493738
-0.012416968,-0.008833524,0.134499758
-0.007929714,0.002069156,0.134481996
-0.003181074,0.012832117,0.134441227
0.001626312,0.02350563,0.134394109
0.006593771,0.033934548,0.134329572
0.011642739,0.044171952,0.134255558
0.016784184,0.054191995,0.134170771
0.022014443,0.063886836,0.134080291
0.027288744,0.073420629,0.133987024
0.032637373,0.082502924,0.133894145
0.038000662,0.091474034,0.133801609
0.043410294,0.09985774,0.133712739
0.048820589,0.108193919,0.133623987
0.054239932,0.115877986,0.133536309
0.059657406,0.123513147,0.133448139
0.065049544,0.130477607,0.133352757
0.070440456,0.137426257,0.133256853
0.075805515,0.144031942,0.133149371
0.081152067,0.150403947,0.13303411
0.086455368,0.156445161,0.132910594
0.091723256,0.162188962,0.132778689
0.096940003,0.1676258,0.132632464
0.102109917,0.172755495,0.132473558
0.107209429,0.177507728,0.132293642
0.11224629,0.181905657,0.132095441
0.117208183,0.185914755,0.131875023
0.122092314,0.189526796,0.131631106
0.126884148,0.192692488,0.131349385
0.131576762,0.195391655,0.131025344
0.136159718,0.197614834,0.130642042
0.140623838,0.199339077,0.1301907
0.14495939,0.20058322,0.129659846
0.149156824,0.201335371,0.129039094
0.153205514,0.201614872,0.128331855
0.157094851,0.20142141,0.127531365
0.160803139,0.200750947,0.126663819
0.164309829,0.199537352,0.125715807
0.167352304,0.197184503,0.124673538
0.17036812,0.194771945,0.123627461
0.173022434,0.191569388,0.122527398
0.175575659,0.188627824,0.121345751
0.177822679,0.185081139,0.120116971
0.179855287,0.181149229,0.118848033
0.181689739,0.176861286,0.117541984
0.183214024,0.172084078,0.116164662
0.184632316,0.167139784,0.11476291
0.185843259,0.161870688,0.113306381
0.186894685,0.156351715,0.111807674
0.187708169,0.150512129,0.110227846
0.18830736,0.144373983,0.108578339
0.188696265,0.137969971,0.106843866
0.18887423,0.131291106,0.105029032
0.188832358,0.124427274,0.103110403
0.188573182,0.117352486,0.101094782
0.188105926,0.110153958,0.098968379
0.187427998,0.102806136,0.096735284
0.186543182,0.095367178,0.09438853
0.185452521,0.087852612,0.091926232
0.184163049,0.080312379,0.08934743
0.182677835,0.072778225,0.086649597
0.181003466,0.065262452,0.0838397
0.179144576,0.057794921,0.080917895
0.177108243,0.050372116,0.077898175
0.17490007,0.043012422,0.074785419
0.172528133,0.035714544,0.071597695
0.169998944,0.028488103,0.068344839
0.167330578,0.021353187,0.065057188
0.16451773,0.014303939,0.061725784
0.161580384,0.00737248,0.058373708
0.158512712,0.000549469,0.054994207
0.155339673,-0.006115292,0.051604066
0.152053982,-0.012636305,0.048198346
0.148680478,-0.018954312,0.044784043
0.145211905,-0.025086626,0.041359063
0.141571164,-0.030487046,0.037920263
0.137926757,-0.035868723,0.034481157
0.134191871,-0.040693313,0.031057017
0.130442858,-0.04541054,0.027639113
0.126638278,-0.049686477,0.024249494
0.122818708,-0.053775717,0.020876821
0.118973657,-0.057547998,0.01753293
0.11512427,-0.061203051,0.014204311
0.111266553,-0.064633548,0.010904933
0.107411131,-0.067847818,0.007634279
0.103565156,-0.070810653,0.004397391
0.099734984,-0.073532686,0.001196378
0.095929123,-0.076006457,-0.001964714
0.092155337,-0.078208677,-0.005079534
0.088423923,-0.080116756,-0.008141005
0.08473628,-0.081731476,-0.011145967
0.081104316,-0.083033234,-0.014082637
0.077536248,-0.084017061,-0.016936097
0.07404577,-0.084674656,-0.019681573
0.0706397,-0.085002869,-0.022305626
0.067325123,-0.085003458,-0.024790093
0.064112857,-0.084695026,-0.027112862
0.061014038,-0.084114634,-0.02924799
0.058035292,-0.083273314,-0.031180531
0.055181995,-0.08219178,-0.032897055
0.052466862,-0.080915838,-0.034382407
0.049893863,-0.07946866,-0.035638768
0.047462448,-0.077851206,-0.036688436
0.045174472,-0.076076128,-0.037549656
0.043029763,-0.074140072,-0.038226236
0.041029032,-0.072046071,-0.03872969
0.039170384,-0.069799535,-0.039068811
0.037452593,-0.067406327,-0.039256122
0.035873957,-0.064874783,-0.039292734
0.034432523,-0.062214475,-0.039185319
0.033127837,-0.059429437,-0.038932089
0.031957362,-0.056535274,-0.038536277
0.030920051,-0.05354777,-0.03799608
0.030014183,-0.050493192,-0.037308533
0.029239113,-0.047381841,-0.036472887
0.028594676,-0.044225343,-0.035486739
0.028081359,-0.041054234,-0.034348041
0.027700424,-0.0378814,-0.033056065
0.027453782,-0.034700517,-0.031611618
0.027343534,-0.03151321,-0.030014921
0.02736965,-0.028318398,-0.02826529
0.027533071,-0.025115941,-0.026362265
0.027834214,-0.021906314,-0.024305018
0.028273853,-0.01868986,-0.022092659
0.028851608,-0.015473457,-0.019726355
0.029567525,-0.012262931,-0.017206654
0.030421242,-0.009061172,-0.014535007
0.031412214,-0.005878436,-0.011714334
0.032538652,-0.002728863,-0.008752836
0.033797603,0.000364032,-0.005664122
0.035187546,0.003390913,-0.002456351
0.036706138,0.006339856,0.00085794
0.038348887,0.009192908,0.00425901
0.04010947,0.01193033,0.007719415
0.041983649,0.014540734,0.011223372
0.043965738,0.017014066,0.01475154
0.046048436,0.019343276,0.018281035
0.048222497,0.021527784,0.021786831
0.050475951,0.023561675,0.025242191
0.05280377,0.025447195,0.028641153
0.055197917,0.027175207,0.031981949
0.057649024,0.028738825,0.035258982
0.060154881,0.030134963,0.038468767
0.062709369,0.031357914,0.041605867
0.065309674,0.032400474,0.044668451
0.067950673,0.033254083,0.047652531
0.070630722,0.033916075,0.050555982
0.073346108,0.03438032,0.053375233
0.076096967,0.03464707,0.056109846
0.078880087,0.034711063,0.058755782
0.081693135,0.034569353,0.061310701
0.084534563,0.034220215,0.063773535
0.087401152,0.033658687,0.066144295
0.090309866,0.032680251,0.068356916
0.093236074,0.031487551,0.070489027
0.096181162,0.030027298,0.072512068
0.099139266,0.028320313,0.074393392
0.102102429,0.026467558,0.076168075
0.105069071,0.024465442,0.077818744
0.108032428,0.022373378,0.0793477
0.110992685,0.020196678,0.080762088
0.113942325,0.017938096,0.082020372
0.116883077,0.015597825,0.083132997
0.119806252,0.013175865,0.084097579
0.122713901,0.010672217,0.084915124
0.125596374,0.008051869,0.085593119
0.128455937,0.005322701,0.086129911
0.131285131,0.002453146,0.086530678
0.134081274,-0.000567976,0.086797275
0.136835292,-0.003755629,0.086924918
0.139541715,-0.007125008,0.086913697
0.142193794,-0.01067118,0.086755104
0.144785121,-0.014402676,0.086445741
0.147307411,-0.018294247,0.085976623
0.149753571,-0.022341363,0.085341796
0.152117655,-0.026523435,0.084545799
0.154392809,-0.030827846,0.083585791
0.156568184,-0.035177048,0.082485706
0.158646509,-0.039589226,0.081240132
0.160617635,-0.043988515,0.07990551
0.162483945,-0.048392721,0.078468852
0.164234102,-0.052751224,0.076981567
0.165873632,-0.057020225,0.075424835
0.167394832,-0.0610772,0.073827446
0.168793857,-0.065062068,0.072195649
0.170059204,-0.06895858,0.070549019
0.1711936,-0.072770767,0.068882719
0.171982229,-0.076265715,0.067180283
0.17275165,-0.079741091,0.06547609
0.173291847,-0.083036996,0.063759319
0.173706949,-0.086257994,0.062041789
0.173941463,-0.089376055,0.060324449
0.173922822,-0.092472345,0.05861865
0.173848107,-0.09556333,0.056915402
0.173490316,-0.098713666,0.055236772
0.17306985,-0.101876698,0.053563595
0.1723634,-0.105166264,0.051922381
0.171593651,-0.108483434,0.050288249
0.170683071,-0.111901522,0.0486768
0.169630274,-0.115421556,0.047088251
0.168407619,-0.119088769,0.045527518
0.167014629,-0.122903779,0.04399468
0.165451959,-0.126870096,0.042494956
0.16371958,-0.130987853,0.04102841
0.161805987,-0.135205984,0.039600313
0.159711048,-0.139524028,0.038210716
0.157434106,-0.14391695,0.036863003
0.154973596,-0.148364395,0.035559874
0.152321488,-0.15279451,0.034311891
0.149471998,-0.157153085,0.033126909
0.146416426,-0.161384478,0.03202042
0.143146858,-0.165431425,0.031005446
0.139657423,-0.169263586,0.030098649
0.135941297,-0.172840282,0.029315712
0.132000059,-0.17615661,0.028667917
0.127832234,-0.179195508,0.028168362
0.123453483,-0.181963116,0.027823012
0.11886435,-0.184463099,0.027629687
0.114086613,-0.186704382,0.027577663
0.109120511,-0.188687131,0.027666831
0.103984162,-0.19041568,0.027881116
0.098677777,-0.191890106,0.028220346
0.093220659,-0.193130016,0.028658701
0.087613031,-0.194135666,0.029195903
0.081702165,-0.194717556,0.029894382
0.075744413,-0.195236787,0.030615158
0.069644079,-0.195627853,0.031409718
0.063478902,-0.195974484,0.032240249
0.057197247,-0.196264625,0.033139266
0.050838057,-0.196535558,0.034086164
0.044429742,-0.196794301,0.035063405
0.037926514,-0.197023988,0.036097441
0.031391758,-0.197228864,0.037149314
0.024815926,-0.197401345,0.03822438
0.018199595,-0.197489977,0.039324038
0.011572665,-0.197547778,0.04043135
0.004928375,-0.197516814,0.041555904
-0.001727102,-0.197404608,0.042693961
-0.008385211,-0.19714953,0.043847386
-0.015045225,-0.19676654,0.045015022
-0.021689113,-0.196214706,0.046195004
-0.028318657,-0.195503414,0.047387604
-0.034910489,-0.194603071,0.048590802
-0.041470539,-0.193523586,0.049805276
-0.04797877,-0.192254305,0.051030278
-0.054428857,-0.190796584,0.052266113
-0.060799006,-0.189167917,0.053515214
-0.06707824,-0.187371388,0.054777835
-0.073254041,-0.185430184,0.056054715
-0.07931181,-0.183358729,0.057346031
-0.085233003,-0.181205302,0.058648504
-0.091003433,-0.178991958,0.059960317
-0.096609354,-0.176759019,0.061269574
-0.102013342,-0.174195677,0.06252493
-0.107196227,-0.171461776,0.06370686
-0.112172969,-0.168790251,0.064843707
-0.116911486,-0.166244179,0.065879479
-0.121418066,-0.163810626,0.066826895
-0.12566489,-0.161541864,0.067645185
-0.129656389,-0.159416527,0.068343207
-0.133363992,-0.157430962,0.068889529
-0.13679336,-0.155580759,0.069293983
-0.139919966,-0.153840408,0.06954553
-0.142748758,-0.152215183,0.06965147
-0.145259261,-0.150684386,0.069624834
-0.147306815,-0.149293557,0.069422133
-0.148760259,-0.148058549,0.069047533
-0.150093108,-0.146846548,0.06864471
-0.151049972,-0.145705923,0.068153806
-0.151544556,-0.14459464,0.067564718
-0.151717976,-0.143498421,0.066905275
-0.151447028,-0.142417178,0.066146091
-0.150994614,-0.141329154,0.065350525
-0.15009208,-0.140224159,0.064464666
-0.14886941,-0.139099196,0.063524321
-0.147309795,-0.137953162,0.062526613
-0.145350829,-0.136834785,0.061462842
-0.143209994,-0.135728985,0.060369
-0.140511006,-0.134669721,0.059186034
-0.137690604,-0.133625224,0.057982638
-0.13434352,-0.132674143,0.056683965
-0.130836204,-0.131764203,0.055351909
-0.126931503,-0.13095656,0.053937003
-0.122914575,-0.130194902,0.052491724
-0.118629992,-0.129543215,0.050973929
-0.114102103,-0.128996104,0.049393322
-0.109277144,-0.128581613,0.047739279
-0.103971526,-0.128390238,0.045969583
-0.098375335,-0.128338933,0.04413246
-0.092588417,-0.128377363,0.042248663
-0.086595893,-0.12859112,0.040325809
-0.080251329,-0.129066721,0.03829696
-0.073773444,-0.129614577,0.036213849
-0.067077585,-0.130292296,0.034036003
-0.060189612,-0.131069303,0.03176482
-0.053194571,-0.131900996,0.029441746
-0.045988131,-0.132837385,0.027017092
-0.038668245,-0.133817136,0.024542695
-0.031237226,-0.134839371,0.02201956
-0.023716802,-0.135853022,0.019469241
-0.016108792,-0.136858255,0.01689229
-0.008447529,-0.13782233,0.014304301
-0.000734095,-0.138746068,0.011705504
0.006990538,-0.139658242,0.009101517
0.014739375,-0.140545666,0.006486319
0.022494709,-0.141413182,0.003865693
0.030243494,-0.142258659,0.001242854
0.037976749,-0.143079579,-0.001383121
0.045676295,-0.143871754,-0.004011421
0.053329229,-0.144623995,-0.006640437
0.060909774,-0.145320743,-0.009267812
0.068419918,-0.145964265,-0.011894074
0.075836666,-0.146542966,-0.014517857
0.083144188,-0.147053286,-0.017142788
0.090307504,-0.1475669,-0.019767394
0.097296305,-0.148043454,-0.022410247
0.104090877,-0.148474857,-0.025087623
0.110680997,-0.148872644,-0.027801545
0.117040724,-0.149261013,-0.030562351
0.123158187,-0.149651691,-0.033363674
0.129004225,-0.15007259,-0.036204159
0.134299979,-0.150559887,-0.039060917
0.139244646,-0.151100308,-0.041904431
0.143848211,-0.151675791,-0.044704419
0.148117617,-0.15228565,-0.047461763
0.15202871,-0.152917296,-0.050160054
0.155588761,-0.153570324,-0.052800484
0.158991173,-0.154228061,-0.055411585
0.162051603,-0.154896095,-0.057959091
0.164801165,-0.155567452,-0.060454234
0.167167708,-0.156237245,-0.062889993
0.169179052,-0.156893179,-0.065271646
0.170825243,-0.157517955,-0.067601226
0.172095552,-0.158108264,-0.069884211
0.172971547,-0.158649996,-0.072128236
0.173459888,-0.15913941,-0.074333705
0.173555017,-0.159553751,-0.076509543
0.173253387,-0.159879655,-0.078660034
0.172548056,-0.160091221,-0.080793343
0.171435878,-0.160172954,-0.082911275
0.169913664,-0.160106212,-0.085012347
0.167979032,-0.159874275,-0.087095872
0.165632233,-0.159462616,-0.089154206
0.162873879,-0.1588559,-0.091184564
0.15970926,-0.158042014,-0.093179412
0.156147286,-0.157003373,-0.095133349
0.152198449,-0.155735597,-0.097044162
0.147869572,-0.154239491,-0.098911606
0.143174931,-0.152512342,-0.100733727
0.138123378,-0.150566593,-0.102508828
0.132733688,-0.148415178,-0.104233764
0.12701267,-0.146082759,-0.1059063
0.120979391,-0.143605798,-0.107521966
0.114401452,-0.140998051,-0.109036043
0.107525632,-0.138381496,-0.110490501
0.100438118,-0.135787562,-0.111893713
0.09314321,-0.133215785,-0.113246731
0.085573517,-0.130698681,-0.114528231
0.077898979,-0.128202468,-0.11578235
0.069932021,-0.125810832,-0.116953842
0.061904699,-0.123452164,-0.118109018
0.053655792,-0.121231928,-0.119205981
0.045324601,-0.119095355,-0.120282985
0.036858954,-0.11709547,-0.121327475
0.028293431,-0.115252301,-0.122345395
0.019660879,-0.113514327,-0.123345464
0.010977532,-0.111887135,-0.124321647
0.002239329,-0.110379584,-0.12527205
-0.006543335,-0.109005421,-0.126199767
-0.01537041,-0.107765034,-0.127104819
-0.024214679,-0.106655039,-0.127979368
-0.033075765,-0.105675444,-0.12882334
-0.041919764,-0.104812391,-0.129626498
-0.050746161,-0.104065701,-0.130388722
-0.05953816,-0.103422776,-0.131104976
-0.068281524,-0.102874309,-0.131771028
-0.07694608,-0.102386363,-0.132366464
-0.085506566,-0.101933338,-0.132876441
-0.093910955,-0.101431452,-0.133263379
-0.102162458,-0.100883409,-0.133528948
-0.110217087,-0.10021285,-0.133656412
-0.118074156,-0.099418595,-0.13364546
-0.125698298,-0.098456249,-0.133502871
-0.133088917,-0.097325034,-0.133228675
-0.140211329,-0.096012741,-0.132854953
-0.147064999,-0.094519064,-0.132382169
-0.153633758,-0.092869729,-0.131841451
-0.159903497,-0.091079265,-0.131255671
-0.165867195,-0.089183979,-0.130640849
-0.171514452,-0.087213174,-0.130016789
-0.17683056,-0.085245192,-0.129399121
-0.181817129,-0.083276577,-0.128784701
-0.186467439,-0.081348687,-0.128173962
-0.190775871,-0.07949768,-0.127566069
-0.194735348,-0.077769525,-0.126958713
-0.197980925,-0.076403975,-0.126335174
-0.200954735,-0.075190417,-0.125702754
-0.203418776,-0.074304312,-0.1250415
-0.205697894,-0.073536783,-0.12436977
-0.207389608,-0.073149495,-0.123649158
-0.208962709,-0.072838716,-0.122918658
-0.209874511,-0.072912835,-0.122115269
-0.210729629,-0.073019154,-0.121305607
-0.211216092,-0.073364213,-0.120448306
-0.21144338,-0.073987246,-0.119542599
-0.211289823,-0.074727312,-0.11858546
-0.21079345,-0.075578302,-0.117583722
-0.209950432,-0.07648427,-0.116536967
-0.208758846,-0.077440701,-0.115444109
-0.207209006,-0.078374609,-0.114301458
-0.20530428,-0.079272196,-0.113117486
-0.203043416,-0.080012284,-0.111912206
-0.200429082,-0.080632284,-0.110683531
-0.197467268,-0.081094563,-0.109449372
-0.194157898,-0.081408612,-0.108213931
-0.190507829,-0.081556775,-0.107010558
-0.186518401,-0.08155264,-0.105837494
-0.182201624,-0.081413999,-0.104729436
-0.177376032,-0.081114389,-0.103732355
-0.172068506,-0.080726549,-0.102878921
-0.166592449,-0.080355965,-0.102098227
-0.160763711,-0.080022141,-0.101469822
-0.15478386,-0.079734541,-0.100909419
-0.148487836,-0.079544395,-0.100491367
-0.142137378,-0.079374529,-0.100097202
-0.1355775,-0.079284683,-0.09979514
-0.128863975,-0.079246961,-0.099554114
-0.121971287,-0.079252966,-0.099366739
-0.114916526,-0.079297796,-0.09922833
-0.107718028,-0.079357415,-0.099116646
-0.100375026,-0.079430528,-0.099031664
-0.092907198,-0.079484731,-0.09894675
-0.085310698,-0.079525895,-0.098868869
-0.077603951,-0.079521731,-0.098780558
-0.069793068,-0.079462118,-0.098680638
-0.061894637,-0.079320386,-0.098572761
-0.053918473,-0.079081565,-0.09845943
-0.045875736,-0.078734308,-0.098370202
-0.037782289,-0.078258708,-0.098323308
-0.029653171,-0.077644564,-0.098361135
-0.02149016,-0.076891452,-0.098476991
-0.013317472,-0.075984299,-0.098703533
-0.005134777,-0.074927352,-0.099030413
0.003030017,-0.073714726,-0.099467061
0.011178314,-0.072354786,-0.100005947
0.019280864,-0.070864394,-0.10063681
0.027294712,-0.069248475,-0.101397216
0.035181772,-0.067610681,-0.102259882
0.043007143,-0.065998212,-0.10314744
0.050703317,-0.064439319,-0.104087144
0.058208749,-0.062978841,-0.105061494
0.06561593,-0.06156886,-0.10605368
0.072796516,-0.060273927,-0.107048862
0.079860374,-0.059038073,-0.108045593
0.0866675,-0.057927366,-0.109017275
0.093342386,-0.056880962,-0.109976046
0.099734351,-0.055969737,-0.110891126
0.105980568,-0.055128004,-0.111783698
0.11192061,-0.054415952,-0.112626642
0.117702931,-0.053770576,-0.113444023
0.123339161,-0.053157642,-0.114238724
0.128761977,-0.052592263,-0.115000285
0.133962363,-0.052104838,-0.115728766
0.13891454,-0.051714256,-0.116420835
0.143626302,-0.051417723,-0.117082
0.148092955,-0.051220018,-0.117713735
0.152298659,-0.05117045,-0.118323892
0.156234622,-0.05129328,-0.118916579
0.159896195,-0.051696576,-0.119508035
0.163280234,-0.052329294,-0.120094649
0.166374952,-0.053156897,-0.120675512
0.1691733,-0.054184772,-0.121253341
0.171666741,-0.055399764,-0.121824406
0.173849091,-0.056797549,-0.122387849
0.175716445,-0.058370359,-0.122940093
0.177258924,-0.060105201,-0.12347614
0.1784693,-0.061980944,-0.123982355
0.179337665,-0.063970476,-0.124441713
0.179858178,-0.066045322,-0.124826334
0.180031776,-0.068199821,-0.125127494
0.179861486,-0.070427433,-0.125333264
0.179348603,-0.07272239,-0.125434771
0.178498387,-0.075079113,-0.125427976
0.177313685,-0.077493176,-0.125308111
0.175798461,-0.07994993,-0.125083506
0.173955485,-0.082441203,-0.124756448
0.171786696,-0.08493983,-0.124341384
0.169293866,-0.087430663,-0.123845704
0.166122928,-0.089785948,-0.123242468
0.162714958,-0.09207046,-0.122613437
0.158885434,-0.094239525,-0.121965297
0.154838726,-0.096349142,-0.121307299
0.150380611,-0.098395146,-0.1206524
0.145710573,-0.100408413,-0.119999081
0.140646577,-0.102401033,-0.119367696
0.135379627,-0.104383059,-0.118747599
0.129740492,-0.106360704,-0.118162662
0.123909615,-0.108336143,-0.117595829
0.117729999,-0.110307604,-0.117070332
0.111370727,-0.112277083,-0.116566122
0.104860969,-0.114259221,-0.11608097
0.098131351,-0.116259813,-0.11562369
0.091192283,-0.118280195,-0.11519222
0.084026255,-0.120322861,-0.11478845
0.07665313,-0.12238501,-0.114409402
0.069076434,-0.124466166,-0.114054285
0.061300628,-0.126530334,-0.113720946
0.053328909,-0.128560781,-0.113408141
0.045166835,-0.13055259,-0.113114886
0.036823776,-0.132485718,-0.112838969
0.028307326,-0.134330347,-0.112578981
0.019627823,-0.136047974,-0.11233297
0.010792606,-0.137624368,-0.112102143
0.001809939,-0.139041513,-0.11188817
-0.007311834,-0.140301332,-0.111696303
-0.016564438,-0.141413152,-0.111533649
-0.025937615,-0.142392248,-0.111409612
-0.035420734,-0.143265486,-0.111336306
-0.044991735,-0.144065738,-0.111334704
-0.054644827,-0.144803822,-0.111410871
-0.064364836,-0.145485342,-0.111576661
-0.074142449,-0.146117121,-0.111839935
-0.083959669,-0.146692291,-0.112211585
-0.093805194,-0.147209927,-0.112699144
-0.103663072,-0.147658229,-0.113306604
-0.113522314,-0.148031518,-0.114038214
-0.123337634,-0.148228183,-0.114978649
-0.133120656,-0.148347035,-0.115996458
-0.142842919,-0.148357853,-0.117123581
-0.15243943,-0.148195967,-0.11837548
-0.161855027,-0.147838682,-0.119769119
-0.171230778,-0.147439003,-0.121193551
-0.180348605,-0.146773115,-0.122740529
-0.189407736,-0.146046907,-0.124315254
-0.198212102,-0.145086184,-0.12598595
-0.206958473,-0.144072354,-0.12767835
-0.215381175,-0.142767712,-0.129444063
-0.223730251,-0.141397193,-0.131226316
-0.231711835,-0.139707834,-0.133050889
-0.239609823,-0.137946188,-0.134884953
-0.247100174,-0.135870159,-0.136754036
-0.254497826,-0.133722827,-0.138630927
-0.261451751,-0.131287843,-0.14055419
-0.268304765,-0.128787607,-0.142487854
-0.274683446,-0.126032189,-0.144482315
-0.280954272,-0.123218887,-0.146490425
-0.286724001,-0.120181911,-0.148566797
-0.292379767,-0.117094174,-0.150658533
-0.297509074,-0.113815263,-0.152816683
-0.302518696,-0.110492967,-0.154989794
-0.306976974,-0.107015148,-0.157218918
-0.311309874,-0.103502028,-0.159460649
-0.315336525,-0.09991914,-0.161725014
-0.319051832,-0.09629681,-0.164016113
-0.322424024,-0.092646897,-0.166324437
-0.325451136,-0.088938423,-0.168646306
-0.328120232,-0.085180603,-0.170967668
-0.330430865,-0.081373617,-0.173288241
-0.332367092,-0.077525631,-0.175591961
-0.333928585,-0.073636808,-0.177878499
-0.335108906,-0.069709972,-0.180139184
-0.335902184,-0.065747865,-0.182366714
-0.336301535,-0.061755028,-0.18455559
-0.336300135,-0.057735521,-0.186699212
-0.335893989,-0.053693086,-0.188795149
-0.335078001,-0.049631689,-0.190839484
-0.333849579,-0.045557652,-0.19283101
-0.332205266,-0.041476477,-0.194767699
-0.330145627,-0.037392877,-0.196646139
-0.327671647,-0.033345856,-0.198459536
-0.324787945,-0.029352551,-0.200197995
-0.321494699,-0.025372759,-0.201860383
-0.317801237,-0.021420158,-0.203426242
-0.313707471,-0.017494056,-0.204896212
-0.309228271,-0.013622187,-0.206246957
-0.304363966,-0.009805075,-0.207478017
-0.299129069,-0.006070043,-0.208577231
-0.293523937,-0.002417656,-0.209544316
-0.287568629,0.001125058,-0.210373804
-0.28126353,0.004557535,-0.211065561
-0.274621755,0.007869249,-0.211619407
-0.267653883,0.011050422,-0.212034553
-0.260391593,0.014091631,-0.212315276
-0.252833903,0.016994106,-0.212461784
-0.2450151,0.019750798,-0.212476879
-0.236935854,0.022361575,-0.212360635
-0.22862418,0.024849966,-0.212116882
-0.220080733,0.027216399,-0.211745739
-0.211336434,0.029484531,-0.211247653
-0.202391967,0.031654872,-0.210622668
-0.193277746,0.033751473,-0.209869385
-0.183994442,0.035774857,-0.208987787
-0.174572408,0.03774073,-0.207976013
-0.16501233,0.039649475,-0.206834063
-0.155330703,0.041505918,-0.205561593
-0.145541549,0.043315053,-0.204158247
-0.135664687,0.045076862,-0.20262754
-0.125718683,0.046793401,-0.200971574
-0.11573182,0.048458751,-0.199198097
-0.105701603,0.050072417,-0.197306961
-0.095661566,0.051613901,-0.195309579
-0.085612379,0.053082839,-0.193206191
-0.075582899,0.054458231,-0.191003039
-0.065573737,0.055739664,-0.188700303
-0.055618163,0.056904066,-0.186302736
-0.045716874,0.057950977,-0.183810443
-0.035904579,0.058860492,-0.181229085
-0.026182013,0.059632204,-0.178558812
-0.016585492,0.060253207,-0.175808623
-0.007115788,0.060723223,-0.172978744
0.001957283,0.060909554,-0.170009002
0.010956509,0.061052043,-0.167018354
0.019624842,0.061076324,-0.163951039
0.028184865,0.061064754,-0.160859331
0.036348071,0.060939603,-0.15768455
0.044343267,0.06077487,-0.154483929
0.052011382,0.06053241,-0.151233077
0.059357904,0.060227785,-0.147956714
0.066491507,0.059882306,-0.144663453
0.073134042,0.059467111,-0.141362533
0.079623759,0.059035286,-0.138061956
0.085590467,0.058559969,-0.134772316
0.091314614,0.058079351,-0.131489888
0.096656755,0.057589877,-0.128218845
0.101578273,0.057111628,-0.12495634
0.106273979,0.056639921,-0.121698394
0.110329852,0.056225829,-0.118442327
0.114212267,0.055829525,-0.115185447
0.117564887,0.05548745,-0.111924104
0.120619312,0.05518344,-0.108657613
0.123290114,0.054928098,-0.105384514
0.125479832,0.054734766,-0.102098241
0.127463102,0.054568827,-0.098806269
0.12878558,0.054556884,-0.095502056
0.12992841,0.054605048,-0.092195928
0.130539715,0.054836992,-0.088885091
0.130819544,0.055203825,-0.085573494
0.130749375,0.055713072,-0.082261086
0.130146101,0.05645201,-0.078952588
0.129356757,0.05727189,-0.075645529
0.127912924,0.058344223,-0.072357982
0.126292914,0.059476219,-0.069079205
0.12420366,0.060764346,-0.065823987
0.121778607,0.062147722,-0.062591523
0.11906217,0.063614026,-0.059378784
0.115861386,0.065195948,-0.056206994
0.112502865,0.066815779,-0.053049028
0.108594663,0.068550818,-0.049946662
0.104480602,0.070327774,-0.046868499
0.099933073,0.072190918,-0.04384144
0.095192783,0.074087739,-0.040840566
0.09004657,0.076053359,-0.037894972
0.084722571,0.07804051,-0.034976576
0.079024136,0.080070853,-0.032115605
0.073164411,0.082113944,-0.02928184
0.066964976,0.084181711,-0.026505504
0.06070742,0.086253047,-0.023741152
0.054224093,0.088332385,-0.021023683
0.047571905,0.090429164,-0.018340031
0.040713418,0.092575759,-0.015694499
0.033670105,0.094765551,-0.013085213
0.026458791,0.097018264,-0.010511941
0.019078868,0.099337406,-0.007974076
0.011548753,0.101756617,-0.005469596
0.003865584,0.104268096,-0.002998948
-0.003950251,0.106898084,-0.000560463
-0.011889846,0.109650619,0.001844079
-0.019925648,0.112529762,0.004206309
-0.028035073,0.115529202,0.006517598
-0.036186174,0.118604757,0.00875596
-0.044381041,0.121752478,0.010921937
-0.052585576,0.124908932,0.012990401
-0.060802169,0.12807481,0.014964306
-0.068996839,0.13117598,0.016822044
-0.077175289,0.134224519,0.018571571
-0.085313194,0.137166277,0.020209854
-0.093379728,0.139902189,0.021695515
-0.101349585,0.14235504,0.023054264
-0.109277107,0.144706577,0.024375293
-0.117115796,0.146842435,0.0256168
-0.124835677,0.148746639,0.026776534
-0.132486969,0.150523245,0.027892699
-0.139934897,0.151958928,0.028908741
-0.147276282,0.15331997,0.02988196
-0.154493079,0.154593304,0.030805063
-0.161485776,0.155815005,0.031663712
-0.16836983,0.157045186,0.032495249
-0.17501986,0.158336177,0.033273887
-0.181469724,0.159731016,0.03401472
-0.187785834,0.161195844,0.034730334
-0.193742976,0.162881449,0.035381526
-0.199635908,0.164623395,0.036019772
-0.205319956,0.166551247,0.036614932
-0.210811287,0.168643281,0.037171818
-0.216029197,0.170952722,0.037677236
-0.220833689,0.173500359,0.038100671
-0.225249141,0.176189765,0.038444795
-0.229487732,0.178860843,0.038746126
-0.233410254,0.181497723,0.038970858
-0.236933932,0.183940649,0.039083187
-0.240267143,0.186293304,0.039141748
-0.243141249,0.188458905,0.039066426
-0.245798156,0.190477267,0.038934011
-0.24809666,0.192251489,0.038707271
-0.249977827,0.193718046,0.038390264
-0.251694024,0.195063904,0.038037661
-0.252965719,0.196017355,0.03761337
-0.254061759,0.196816593,0.037160818
-0.254721165,0.197180212,0.03666475
-0.255208045,0.197372511,0.036151551
-0.255267441,0.197110251,0.035611667
-0.255157888,0.196669117,0.035061307
-0.254630625,0.195772812,0.034494199
-0.253938317,0.194697335,0.033920538
-0.252838135,0.193180874,0.033337239
-0.251576751,0.191490814,0.032750193
-0.250129491,0.189630091,0.032159958
-0.24844493,0.187551171,0.031565621
-0.246513203,0.185252666,0.030971196
-0.244318783,0.182722285,0.030377567
-0.241593033,0.179657236,0.029794656
-0.238720343,0.176437631,0.02921607
-0.235549718,0.172876164,0.028645892
-0.232247189,0.169164374,0.028079404
-0.228514314,0.164975971,0.027522285
-0.224646255,0.160660625,0.026969936
-0.220523775,0.156105682,0.02642647
-0.216154173,0.151344255,0.02589797
-0.211658359,0.146477684,0.025377167
-0.206978798,0.141487211,0.024871558
-0.202155247,0.136399761,0.024377882
-0.197135076,0.13116999,0.02391798
-0.191934705,0.12581186,0.023485309
-0.186342344,0.120134175,0.023148123
-0.180742815,0.114450954,0.022812989
-0.174920991,0.108541325,0.02255285
-0.169000581,0.102541529,0.022329539
-0.162940562,0.096414588,0.022158625
-0.156730115,0.090157889,0.022054588
-0.15044798,0.0838423,0.021986183
-0.144045755,0.07743147,0.021982431
-0.137598619,0.070978209,0.022007206
-0.131079808,0.064456984,0.022077452
-0.124500036,0.057868823,0.022204556
-0.117858708,0.05120926,0.022396563
-0.111173056,0.044479348,0.022651371
-0.104450151,0.037678152,0.022970557
-0.097703569,0.030828232,0.023357544
-0.090941191,0.023938801,0.023814257
-0.084168322,0.01700823,0.024339713
-0.077397712,0.010042393,0.024934379
-0.07063742,0.003056854,0.025594803
-0.063898601,-0.003929567,0.026317056
-0.057212874,-0.010421133,0.027042624
-0.050568111,-0.016695425,0.027798722
-0.043963332,-0.022928666,0.028598458
-0.037399251,-0.029121505,0.029440062
-0.030885765,-0.035275158,0.030322628
-0.024427557,-0.041389637,0.031245023
-0.018042367,-0.047475141,0.032209322
-0.011739103,-0.053535979,0.033216055
-0.005528754,-0.059587661,0.034265213
0.000581323,-0.06563805,0.035356961
0.006578316,-0.071714677,0.036487523
0.012454574,-0.077831566,0.037655365
0.018200964,-0.084017307,0.038853198
0.023811297,-0.090288237,0.040077489
0.029097097,-0.096753098,0.041328914
0.034267012,-0.103289217,0.042584345
0.03922224,-0.10996981,0.043836307
0.044072505,-0.116721287,0.045086663
0.048582722,-0.123713426,0.046317331
0.053042952,-0.130741388,0.047545243
0.057138417,-0.137991205,0.048740111
0.061180256,-0.145274132,0.049930245
0.064834997,-0.152725622,0.051075246
0.068432815,-0.160202414,0.052213721
0.071624838,-0.167756587,0.053291552
0.074757189,-0.175322667,0.054360554
0.077469096,-0.182861939,0.055353355
0.080119178,-0.190397754,0.056335017
0.082559474,-0.197894171,0.057275314
0.084811926,-0.205355421,0.058178574
0.086821362,-0.212718382,0.059030041
0.088595673,-0.219990104,0.059831664
0.090135254,-0.227129251,0.060580004
0.091440842,-0.234140843,0.061275609
0.092498466,-0.24096249,0.061911162
0.093309671,-0.247601211,0.062487476
0.093875773,-0.254033357,0.063002758
0.094196759,-0.260244191,0.06345576
0.094272293,-0.266229123,0.063844383
0.094102211,-0.271977186,0.064166866
0.093687393,-0.27752015,0.064423047
0.09302815,-0.282868207,0.064611889
0.092124954,-0.288067907,0.064735711
0.09097822,-0.293148935,0.064795159
0.089588106,-0.298187047,0.064798109
0.087954558,-0.303171009,0.064743638
0.086077847,-0.308150679,0.064639539
0.083957948,-0.313120216,0.064484902
0.081596598,-0.318116635,0.064285703
0.078993618,-0.323135585,0.06404122
0.076153696,-0.328188747,0.063751869
0.073076323,-0.333274454,0.063417532
0.069465935,-0.338355422,0.062985048
0.065797038,-0.343434125,0.062541813
0.061818577,-0.348400414,0.06205846
0.057707321,-0.353288293,0.0615623
0.053306215,-0.357968867,0.061043344
0.04869011,-0.362455219,0.060512755
0.043925691,-0.366807789,0.059974115
0.038970262,-0.370886296,0.059425868
0.03388308,-0.374775887,0.058870975
0.028560728,-0.378247976,0.05831198
0.023176722,-0.38161099,0.05775186
0.017547924,-0.38445884,0.057204094
0.011873899,-0.3871997,0.056663223
0.00601669,-0.389503896,0.056151193
0.000121942,-0.391717374,0.055651359
-0.00593231,-0.393544465,0.055203155
-0.012016819,-0.395297676,0.054771505
-0.01823009,-0.3967354,0.054409862
-0.024487188,-0.397536218,0.053987838
-0.030817421,-0.398103029,0.053615045
-0.037194218,-0.398568392,0.053282943
-0.043617778,-0.398975909,0.053003836
-0.050095953,-0.399307698,0.052793182
-0.056626219,-0.39960441,0.052686911
-0.063159741,-0.399917424,0.052603185
-0.069707975,-0.400295824,0.052614704
-0.076255463,-0.400714695,0.052715834
-0.082802244,-0.40117234,0.052902702
-0.089335091,-0.401703954,0.053239819
-0.095858417,-0.402256638,0.053636331
-0.102344766,-0.402839243,0.054195873
-0.108796768,-0.403430462,0.054846093
-0.115209974,-0.404031307,0.05559881
-0.121532276,-0.404642522,0.056518082
-0.127830088,-0.405257195,0.057481896
-0.133995757,-0.405878514,0.058618929
-0.140125886,-0.406502306,0.05980229
-0.146094635,-0.407125324,0.061157528
-0.152020052,-0.407748789,0.06255874
-0.157756895,-0.408373922,0.064133257
-0.163443163,-0.409000129,0.065754123
-0.168914467,-0.409633487,0.067549296
-0.174328133,-0.41026929,0.069391094
-0.179632977,-0.410922855,0.071321629
-0.18482025,-0.411595523,0.073348075
-0.189857125,-0.412324458,0.07547354
-0.194739446,-0.413112938,0.077699497
-0.199251771,-0.413964719,0.080131888
-0.203688592,-0.414825469,0.082603723
-0.207879499,-0.415686488,0.085199587
-0.211947501,-0.416530192,0.087860271
-0.2157031,-0.417277068,0.090694331
-0.219282314,-0.417979956,0.093631446
-0.222698629,-0.418642282,0.096663728
-0.225797981,-0.41923669,0.099869184
-0.228763357,-0.419821858,0.103141226
-0.231451407,-0.420404941,0.10654515
-0.233903497,-0.42101112,0.11003805
-0.236208752,-0.421631783,0.113586314
-0.238076627,-0.422352672,0.117258772
-0.239936426,-0.423075616,0.120933488
-0.241309434,-0.423862636,0.124689706
-0.242673486,-0.424650997,0.128447399
-0.24354589,-0.425456911,0.132256806
-0.244409248,-0.426263213,0.136067152
-0.2447806,-0.427041829,0.139910921
-0.245142907,-0.427819908,0.143755317
-0.245257273,-0.428574353,0.147614926
-0.245199248,-0.429312289,0.1514851
-0.244890094,-0.430015057,0.155357227
-0.24435474,-0.430688351,0.159233853
-0.243590713,-0.431289434,0.163103864
-0.24259907,-0.43183136,0.166970685
-0.241368532,-0.432317734,0.170816839
-0.239902556,-0.432747602,0.174647704
-0.238206565,-0.433117896,0.17844744
-0.236278936,-0.43342945,0.182220951
-0.234121606,-0.43368876,0.185950235
-0.231733948,-0.4338938,0.18964085
-0.229123205,-0.434075624,0.193273425
-0.226287156,-0.434224725,0.196853921
-0.223228425,-0.434341937,0.200370878
-0.219947636,-0.434427559,0.20382154
-0.216449186,-0.434485763,0.207191557
-0.212734982,-0.43451795,0.210473806
-0.208809823,-0.434539527,0.213657737
-0.204676792,-0.43455568,0.216734111
-0.200346619,-0.434594184,0.219680876
-0.195815995,-0.434646338,0.222504869
-0.191099152,-0.434761345,0.225187883
-0.186191738,-0.434924066,0.227735534
-0.18111442,-0.435184628,0.23012951
-0.175860837,-0.435527563,0.232375458
-0.17045407,-0.435933739,0.234454781
-0.164886981,-0.436408788,0.236373216
-0.158996776,-0.436865598,0.237873375
-0.15310201,-0.437320411,0.239367366
-0.147019014,-0.437645823,0.240563974
-0.140904248,-0.437919617,0.241699308
-0.134662658,-0.437975824,0.242583737
-0.128381029,-0.437908977,0.243365049
-0.122034691,-0.437643707,0.243979499
-0.115659326,-0.437453121,0.244544938
-0.109247342,-0.437090814,0.244984925
-0.10281425,-0.436500788,0.24529697
-0.096361175,-0.435668468,0.245476216
-0.089905448,-0.434597194,0.245534673
-0.083445698,-0.433291614,0.24547179
-0.077004619,-0.431762516,0.245295435
-0.070587359,-0.429938763,0.24497132
-0.064207509,-0.427903146,0.244532391
-0.057873119,-0.425771624,0.24400045
-0.051590718,-0.423591048,0.243362024
-0.045425881,-0.421426088,0.242497221
-0.039267331,-0.419260234,0.24162136
-0.033255719,-0.41710034,0.240494579
-0.027252078,-0.414936453,0.239356697
-0.021433564,-0.41270718,0.237966955
-0.015617969,-0.410475016,0.236573592
-0.009911204,-0.408180684,0.23505336
-0.004279085,-0.405843258,0.233447775
0.001206745,-0.403419286,0.231732979
0.006570366,-0.400923163,0.229917735
0.011795534,-0.398336112,0.228022426
0.016886875,-0.395664573,0.22604087
0.021812569,-0.392908007,0.223999247
0.026583029,-0.39006722,0.221889064
0.031176833,-0.387168467,0.219730929
0.035589762,-0.384217381,0.21752876
0.039814122,-0.381241322,0.215282395
0.043841612,-0.378254026,0.212997898
0.047669392,-0.37526536,0.210658252
0.051290352,-0.372290343,0.208263695
0.054700874,-0.369310588,0.20579809
0.057895057,-0.366332561,0.203255102
0.060860269,-0.363311797,0.200631142
0.063600428,-0.360262692,0.197927848
0.066101022,-0.357155144,0.195157498
0.068242349,-0.353995383,0.192299008
0.070037052,-0.350809932,0.189380109
0.071618058,-0.347655594,0.186428994
0.072993562,-0.344533175,0.183445722
0.074110217,-0.341457576,0.180418342
0.074949749,-0.338437229,0.177344948
0.075576827,-0.335458875,0.174242482
0.075978421,-0.332524985,0.17111294
0.075838342,-0.329760611,0.167975187
0.075680003,-0.327001274,0.164837211
0.075089194,-0.324413359,0.161700726
0.074411303,-0.321863204,0.158564225
0.073372006,-0.319475174,0.155427128
0.072179504,-0.317159444,0.152287632
0.070722729,-0.314968973,0.149143949
0.069039866,-0.312879294,0.145992473
0.067184433,-0.310866475,0.142835036
0.065008543,-0.308984339,0.139655888
0.062735438,-0.307141453,0.136470199
0.060176574,-0.305393517,0.133251503
0.057531025,-0.303674042,0.130022839
0.054605886,-0.302049547,0.12674652
0.051595934,-0.300453544,0.123455785
0.04832853,-0.298953176,0.120107748
0.044983029,-0.297481507,0.11674235
0.041520666,-0.29604733,0.113345489
0.037925512,-0.294655859,0.109912872
0.034197707,-0.293274432,0.106440894
0.03033419,-0.291899621,0.102928244
0.026347984,-0.290524393,0.099376082
0.022240268,-0.289147168,0.095784314
0.01802071,-0.287766337,0.092153735
0.013690853,-0.286381423,0.088484436
0.009257882,-0.284997433,0.084777556
0.004729253,-0.283617735,0.081034124
0.000118536,-0.282264501,0.077254854
-0.004565684,-0.280957103,0.073438942
-0.009314072,-0.279738903,0.069579557
-0.014137906,-0.278645307,0.065659776
-0.018985685,-0.277748466,0.06170674
-0.023837067,-0.277233928,0.057744149
-0.028691307,-0.276920855,0.053757526
-0.033524197,-0.276929706,0.049751468
-0.03833802,-0.277155489,0.045736261
-0.04311027,-0.277616739,0.041725922
-0.047845244,-0.278289139,0.037719939
-0.052519877,-0.279171407,0.0337318
-0.057140414,-0.280241877,0.029759653
-0.061728619,-0.281387955,0.025800621
-0.066250838,-0.28268829,0.021868363
-0.070706829,-0.284093142,0.017961301
-0.075078093,-0.285593241,0.014085198
-0.079366468,-0.287175477,0.010239214
-0.083563842,-0.288821101,0.006425598
-0.087663181,-0.290506393,0.002645374
-0.091652766,-0.292196512,-0.001099168
-0.095529027,-0.293886274,-0.004809039
-0.099281929,-0.29555136,-0.008484052
-0.102903545,-0.297184497,-0.012119657
-0.106380172,-0.298764884,-0.015711006
-0.109705962,-0.300292194,-0.019253964
-0.112867408,-0.301754832,-0.022741595
-0.115864128,-0.303157181,-0.026172535
-0.118681788,-0.30449605,-0.029537169
-0.12131235,-0.305780292,-0.032828417
-0.123741113,-0.307027012,-0.036033139
-0.125957489,-0.308254212,-0.039140482
-0.127959266,-0.309477389,-0.042145859
-0.129744679,-0.310718626,-0.04504434
-0.131313741,-0.311983168,-0.047835466
-0.132667005,-0.313298196,-0.050517861
-0.133804977,-0.314664185,-0.053091563
-0.134728298,-0.316092491,-0.055555843
-0.135436997,-0.317581236,-0.057908248
-0.135863632,-0.31912747,-0.060113035
-0.135933429,-0.320686162,-0.062129602
-0.135826126,-0.322207004,-0.064048976
-0.135551631,-0.323689491,-0.065876454
-0.134930998,-0.325022817,-0.067509331
-0.134128079,-0.326256245,-0.069039002
-0.133162707,-0.327400684,-0.070476606
-0.131999731,-0.328437775,-0.071799032
-0.130677894,-0.329388201,-0.073029019
-0.129127175,-0.330194354,-0.074131697
-0.127371535,-0.330875307,-0.07511922
-0.125414357,-0.331407487,-0.076001287
-0.123254545,-0.331798017,-0.076774925
-0.120895498,-0.332011014,-0.077453449
-0.118336149,-0.33205843,-0.078032449
-0.115581289,-0.331924051,-0.078519516
-0.112631835,-0.331604749,-0.078915909
-0.109487399,-0.331098735,-0.079213485
-0.10614939,-0.330400646,-0.079412848
-0.102614947,-0.329519451,-0.079502456
-0.098884314,-0.328453481,-0.079478569
-0.094957285,-0.327220321,-0.079321399
-0.090833485,-0.325824231,-0.079022668
-0.086518347,-0.324281842,-0.078574993
-0.082013227,-0.322602779,-0.077968046
-0.077343352,-0.320805639,-0.077203557
-0.072501339,-0.318883985,-0.07628224
-0.067536078,-0.316837579,-0.07525377
-0.06243163,-0.314666837,-0.074102208
-0.057217602,-0.312387049,-0.072867848
-0.05188977,-0.309991986,-0.071546026
-0.046476401,-0.307477176,-0.070180438
-0.040975172,-0.304837078,-0.068767421
-0.035399035,-0.302059412,-0.067326933
-0.029753717,-0.29915449,-0.065860026
-0.024046084,-0.29612577,-0.064372435
-0.018283146,-0.292981476,-0.062865287
-0.012463083,-0.289715946,-0.061338447
-0.00655999,-0.286237359,-0.059794966
-0.000644853,-0.282725453,-0.058253743
0.00528712,-0.279166907,-0.05671569
0.011225679,-0.275586605,-0.055193666
0.01715805,-0.272010416,-0.053682532
0.023082612,-0.268440336,-0.052182551
0.028976856,-0.264894247,-0.050704572
0.034841638,-0.26135847,-0.049241163
0.040672798,-0.257829309,-0.047793008
0.046416387,-0.254295856,-0.046378676
0.052141417,-0.25075841,-0.044970833
0.05773811,-0.2471966,-0.043607797
0.063317701,-0.243758321,-0.042239323
0.06873101,-0.240294263,-0.040929269
0.074133798,-0.236826897,-0.039623007
0.079419799,-0.23332943,-0.03835864
0.084622636,-0.229810297,-0.037124533
0.08969292,-0.226257116,-0.035942629
0.094646759,-0.22267276,-0.034806322
0.099466182,-0.219041407,-0.033729162
0.104155287,-0.215368822,-0.032707438
0.108689971,-0.21165581,-0.031753246
0.113077097,-0.207904786,-0.030862978
0.117298007,-0.20414342,-0.03004434
0.121356942,-0.200364098,-0.029295105
0.125228584,-0.196591541,-0.028620936
0.128919646,-0.19282186,-0.028020037
0.132405221,-0.189106718,-0.027494935
0.135693073,-0.185429171,-0.027044829
0.138766423,-0.181813478,-0.026671099
0.141621336,-0.178265795,-0.026373986
0.144243419,-0.174814388,-0.026153512
0.146624044,-0.171475172,-0.026009452
0.148756623,-0.168279737,-0.025934979
0.150643617,-0.165218949,-0.0259312
0.152284339,-0.162318721,-0.02598423
0.153679237,-0.159570843,-0.026096849
0.154830188,-0.156987727,-0.026246209
0.155736431,-0.154561967,-0.026438383
0.15639706,-0.152264565,-0.026650947
0.15681161,-0.150101632,-0.026890155
0.156972185,-0.148029149,-0.027137052
0.156815276,-0.146076098,-0.027396685
0.156090602,-0.144258991,-0.027650135
0.155295238,-0.142450199,-0.027899982
0.154013127,-0.140704945,-0.028124038
0.152659863,-0.138964877,-0.028341996
0.150816575,-0.137266919,-0.028516885
0.148903951,-0.13557367,-0.028683711
0.146514013,-0.133919135,-0.028793879
0.144058064,-0.132269502,-0.028894283
0.141147599,-0.130659819,-0.028926272
0.138174951,-0.129055053,-0.028946651
0.134774372,-0.127490476,-0.028885866
0.131315589,-0.125933498,-0.028810998
0.127456322,-0.124435179,-0.028637854
0.123542957,-0.122951567,-0.028447332
0.119257353,-0.121575572,-0.028135782
0.114921875,-0.120221779,-0.027803278
0.110243373,-0.119027339,-0.027325019
0.105523713,-0.117859215,-0.026824744
0.100521155,-0.116878815,-0.026171377
0.095431268,-0.115962721,-0.025461679
0.090164915,-0.115177751,-0.024637828
0.084702857,-0.114521973,-0.023663674
0.079140067,-0.113932408,-0.02260673
0.073397517,-0.113462843,-0.021381155
0.06754595,-0.113053121,-0.020034585
0.061610799,-0.112689018,-0.018595336
0.055511329,-0.112389237,-0.016939277
0.049356356,-0.112104855,-0.015197534
0.043120351,-0.111842856,-0.013329147
0.036786836,-0.111573659,-0.011280904
0.030408548,-0.111288711,-0.00914098
0.023954453,-0.110954031,-0.006826821
0.017456478,-0.110554375,-0.004374526
0.010930549,-0.110110901,-0.001831193
0.004363392,-0.109550163,0.000927677
-0.002207226,-0.10893327,0.003812755
-0.008782063,-0.108247578,0.006853044
-0.015343083,-0.10749542,0.010004343
-0.021887084,-0.106661767,0.013292168
-0.028392768,-0.105747558,0.016696608
-0.034851305,-0.104734547,0.020244464
-0.04124615,-0.103645481,0.023901707
-0.047562655,-0.102463163,0.027693475
-0.053790551,-0.101210102,0.0315875
-0.05990947,-0.099870302,0.035607278
-0.065977626,-0.098495975,0.03967192
-0.071916267,-0.097035237,0.043851133
-0.077741504,-0.095498428,0.048120838
-0.083420984,-0.093863837,0.05249444
-0.088958055,-0.092136756,0.056963764
-0.094334356,-0.09030962,0.061525896
-0.099546976,-0.088382013,0.06617789
-0.104578026,-0.086347826,0.070913039
-0.109429829,-0.084209792,0.075731255
-0.11408674,-0.0819676,0.080624171
-0.11854142,-0.07962434,0.085588314
-0.122777902,-0.077187993,0.090616263
-0.126787275,-0.074661694,0.09570381
-0.130559936,-0.072052203,0.100846954
-0.134084076,-0.069368638,0.106039762
-0.137347028,-0.066627964,0.111275487
-0.1403393,-0.06383872,0.116547406
-0.143053591,-0.06101248,0.121846177
-0.145477384,-0.058171079,0.127155408
-0.147605941,-0.055333138,0.132458836
-0.149440542,-0.052506205,0.137746409
-0.150978982,-0.04971645,0.142990142
-0.15222095,-0.046964519,0.148189411
-0.153158188,-0.044154488,0.15331012
-0.153792307,-0.041335978,0.158356458
-0.154125094,-0.038614452,0.163320914
-0.153913349,-0.036122005,0.168125704
-0.15331839,-0.033830188,0.172805086
-0.152486727,-0.031673308,0.177394822
-0.151364073,-0.029682599,0.181874394
-0.149842575,-0.027894849,0.186195478
-0.148153335,-0.026194228,0.190449849
-0.145983651,-0.02476267,0.194512933
-0.143552393,-0.023525096,0.198471472
-0.140751213,-0.022562372,0.20228222
-0.137702584,-0.02178668,0.205988288
-0.134304002,-0.021276001,0.209546328
-0.130667776,-0.02093723,0.212997213
-0.126695454,-0.020842077,0.216296569
-0.122628741,-0.0208023,0.219549
-0.118295059,-0.020921219,0.222668856
-0.113745749,-0.021160897,0.225682437
-0.108931698,-0.021537548,0.22856684
-0.103878848,-0.022039877,0.231331304
-0.098593928,-0.022660635,0.233973712
-0.093076803,-0.023419982,0.23649396
-0.087332778,-0.02434874,0.238890186
-0.081363864,-0.025439164,0.241163626
-0.075182982,-0.026709348,0.243315399
-0.068796687,-0.028172631,0.245342031
-0.062220916,-0.029863363,0.247233123
-0.055465601,-0.031789917,0.248981491
-0.048545752,-0.033953961,0.250568002
-0.041474063,-0.036357719,0.251982957
-0.034266125,-0.038973041,0.253210515
-0.026936246,-0.041793093,0.254243672
-0.019501159,-0.044785414,0.255084723
-0.0119837,-0.047935922,0.255740196
-0.004401764,-0.05123923,0.256238341
0.003241233,-0.054706357,0.256586313
0.010922838,-0.058351234,0.256819963
0.018639013,-0.062184982,0.256943882
0.026363781,-0.066239424,0.256996185
0.034095313,-0.070511512,0.256970853
0.041808769,-0.075021997,0.256888539
0.049464118,-0.079893179,0.256700158
0.057044934,-0.085017338,0.25643602
0.064553633,-0.090240657,0.256119788
0.07196033,-0.095604442,0.255729944
0.079271793,-0.101027116,0.255286038
0.086448565,-0.106533259,0.254765689
0.093508303,-0.11207357,0.254191667
0.100402549,-0.117662378,0.253541768
0.107242182,-0.123260029,0.252868593
0.113927439,-0.128883168,0.252129823
0.120475933,-0.134532303,0.251337796
0.126837224,-0.140222088,0.250479877
0.133025154,-0.145942062,0.249560952
0.139023215,-0.151685223,0.248579457
0.144824281,-0.157460928,0.247536838
0.150401592,-0.163280487,0.24643442
0.155762523,-0.169140652,0.245272204
0.160893172,-0.175046802,0.244052008
0.165786222,-0.181003556,0.242774025
0.170423687,-0.187022954,0.241438463
0.174795985,-0.193108901,0.240044683
0.178890377,-0.199265584,0.238589451
0.182695702,-0.205491379,0.237071782
0.186203137,-0.211784706,0.235490486
0.189403072,-0.218133271,0.233845711
0.192289278,-0.224478662,0.232138857
0.194854245,-0.230788961,0.230376899
0.197099999,-0.237025619,0.228573799
0.19902806,-0.243188366,0.226732478
0.200642124,-0.249242842,0.224869937
0.201943815,-0.255189866,0.222987041
0.202939138,-0.261002541,0.221099481
0.203627706,-0.266682625,0.219202474
0.204013795,-0.272210985,0.217300236
0.203870445,-0.277446896,0.215376124
0.203319609,-0.282429934,0.213429004
0.202520102,-0.287231475,0.211464047
0.201368973,-0.291776091,0.209473968
0.199975997,-0.296136796,0.20746392
0.19824104,-0.300237179,0.205425724
0.196274012,-0.304161847,0.203363836
0.193980217,-0.307863563,0.201271325
0.191466466,-0.311415672,0.199152753
0.188641712,-0.314755976,0.196997404
0.185611129,-0.317980081,0.194816053
0.182289496,-0.321039557,0.192598
0.178778127,-0.324022204,0.190357044
